id,foi,wave
1,0.0829,27
2,0.0829,27
3,0.0829,27
4,0.0829,27
5,0.0829,27
6,0.0829,27
7,0.0829,27
8,0.0829,27
9,0.0829,27
10,0.0829,27
11,0.0829,27
12,0.0829,27
13,0.0829,27
14,0.0829,27
15,0.0829,27
16,0.0829,27
17,0.0829,27
18,0.0829,27
19,0.0829,27
20,0.0829,27
21,0.0829,27
22,0.0829,27
23,0.0829,27
24,0.0829,27
25,0.0829,27
26,0.0829,27
27,0.0829,27
28,0.0829,27
29,0.0829,27
30,0.0829,27
31,0.0829,27
32,0.0829,27
33,0.0829,27
34,0.0829,27
35,0.0829,27
36,0.0829,27
37,0.0829,27
38,0.0829,27
39,0.0829,27
40,0.0829,27
41,0.0829,27
42,0.0829,27
43,0.0829,27
44,0.0829,27
45,0.0829,27
46,0.0829,27
47,0.0829,27
48,0.0829,27
49,0.0829,27
50,0.0829,27
51,0.0829,27
52,0.0829,27
53,0.0829,27
54,0.0829,27
55,0.0829,27
56,0.0829,27
57,0.0829,27
58,0.0829,27
59,0.0829,27
60,0.0829,27
61,0.0829,27
62,0.0829,27
63,0.0829,27
64,0.0829,27
65,0.0829,27
66,0.0829,27
67,0.0829,27
68,0.0829,27
69,0.0829,27
70,0.0829,27
71,0.0829,27
72,0.0829,27
73,0.0829,27
74,0.0829,27
75,0.0829,27
76,0.0829,27
77,0.0829,27
78,0.0829,27
79,0.0829,27
80,0.0829,27
81,0.0829,27
82,0.0829,27
83,0.0829,27
84,0.0829,27
85,0.0829,27
86,0.0829,27
87,0.0829,27
88,0.0829,27
89,0.0829,27
90,0.0829,27
91,0.0829,27
92,0.0829,27
93,0.0829,27
94,0.0829,27
95,0.0829,27
96,0.0829,27
97,0.0829,27
98,0.0829,27
99,0.0829,27
100,0.0829,27
101,0.0829,27
102,0.0829,27
103,0.0829,27
104,0.0829,27
105,0.0829,27
106,0.0829,27
107,0.0829,27
108,0.0829,27
109,0.0829,27
110,0.0829,27
111,0.0829,27
112,0.0829,27
113,0.0829,27
114,0.0829,27
115,0.0829,27
116,0.0829,27
117,0.0829,27
118,0.0829,27
119,0.0829,27
120,0.0829,27
121,0.0829,27
122,0.0829,27
123,0.0829,27
124,0.0829,27
125,0.0829,27
126,0.0829,27
127,0.0829,27
128,0.0829,27
129,0.0829,27
130,0.0829,27
131,0.0829,27
132,0.0829,27
133,0.0829,27
134,0.0829,27
135,0.0829,27
136,0.0829,27
137,0.0829,27
138,0.0829,27
139,0.0829,27
140,0.0829,27
141,0.0829,27
142,0.0829,27
143,0.0829,27
144,0.0829,27
145,0.0829,27
146,0.0829,27
147,0.0829,27
148,0.0829,27
149,0.0829,27
150,0.0829,27
151,0.0829,27
152,0.0829,27
153,0.0829,27
154,0.0829,27
155,0.0829,27
156,0.0829,27
157,0.0829,27
158,0.0829,27
159,0.0829,27
160,0.0829,27
161,0.0829,27
162,0.0829,27
163,0.0829,27
164,0.0829,27
165,0.0829,27
166,0.0829,27
167,0.0829,27
168,0.0829,27
169,0.0829,27
170,0.0829,27
171,0.0829,27
172,0.0829,27
173,0.0829,27
174,0.0829,27
175,0.0829,27
176,0.0829,27
177,0.0829,27
178,0.0829,27
179,0.0829,27
180,0.0829,27
181,0.0829,27
182,0.0829,27
183,0.0829,27
184,0.0829,27
185,0.0829,27
186,0.0829,27
187,0.0829,27
188,0.0829,27
189,0.0829,27
190,0.0829,27
191,0.0829,27
192,0.0829,27
193,0.0829,27
194,0.0829,27
195,0.0829,27
196,0.0829,27
197,0.0829,27
198,0.0829,27
199,0.0829,27
200,0.0829,27
201,0.0829,27
202,0.0829,27
203,0.0829,27
204,0.0829,27
205,0.0829,27
206,0.0829,27
207,0.0829,27
208,0.0829,27
209,0.0829,27
210,0.0829,27
211,0.0829,27
212,0.0829,27
213,0.0829,27
214,0.0829,27
215,0.0829,27
216,0.0829,27
217,0.0829,27
218,0.0829,27
219,0.0829,27
220,0.0829,27
221,0.0829,27
222,0.0829,27
223,0.0829,27
224,0.0829,27
225,0.0829,27
226,0.0829,27
227,0.0829,27
228,0.0829,27
229,0.0829,27
230,0.0829,27
231,0.0829,27
232,0.0829,27
233,0.0829,27
234,0.0829,27
235,0.0829,27
236,0.0829,27
237,0.0829,27
238,0.0829,27
239,0.0829,27
240,0.0829,27
241,0.0829,27
242,0.0829,27
243,0.0829,27
244,0.0829,27
245,0.0829,27
246,0.0829,27
247,0.0829,27
248,0.0829,27
249,0.0829,27
250,0.0829,27
251,0.0829,27
252,0.0829,27
253,0.0829,27
254,0.0829,27
255,0.0829,27
256,0.0829,27
257,0.0829,27
258,0.0829,27
259,0.0829,27
260,0.0829,27
261,0.0829,27
262,0.0829,27
263,0.0829,27
264,0.0829,27
265,0.0829,27
266,0.0829,27
267,0.0829,27
268,0.0829,27
269,0.0829,27
270,0.0829,27
271,0.0829,27
272,0.0829,27
273,0.0829,27
274,0.0829,27
275,0.0829,27
276,0.0829,27
277,0.0829,27
278,0.0829,27
279,0.0829,27
280,0.0829,27
281,0.0829,27
282,0.0829,27
283,0.0829,27
284,0.0829,27
285,0.0829,27
286,0.0829,27
287,0.0829,27
288,0.0829,27
289,0.0829,27
290,0.0829,27
291,0.0829,27
292,0.0829,27
293,0.0829,27
294,0.0829,27
295,0.0829,27
296,0.0829,27
297,0.0829,27
298,0.0829,27
299,0.0829,27
300,0.0829,27
301,0.0829,27
302,0.0829,27
303,0.0829,27
304,0.0829,27
305,0.0829,27
306,0.0829,27
307,0.0829,27
308,0.0829,27
309,0.0829,27
310,0.0829,27
311,0.0829,27
312,0.0829,27
313,0.0829,27
314,0.0829,27
315,0.0829,27
316,0.0829,27
317,0.0829,27
318,0.0829,27
319,0.0829,27
320,0.0829,27
321,0.0829,27
322,0.0829,27
323,0.0829,27
324,0.0829,27
325,0.0829,27
326,0.0829,27
327,0.0829,27
328,0.0829,27
329,0.0829,27
330,0.0829,27
331,0.0829,27
332,0.0829,27
333,0.0829,27
334,0.0829,27
335,0.0829,27
336,0.0829,27
337,0.0829,27
338,0.0829,27
339,0.0829,27
340,0.0829,27
341,0.0829,27
342,0.0829,27
343,0.0829,27
344,0.0829,27
345,0.0829,27
346,0.0829,27
347,0.0829,27
348,0.0829,27
349,0.0829,27
350,0.0829,27
351,0.0829,27
352,0.0829,27
353,0.0829,27
354,0.0829,27
355,0.0829,27
356,0.0829,27
357,0.0829,27
358,0.0829,27
359,0.0829,27
360,0.0829,27
361,0.0829,27
362,0.0829,27
363,0.0829,27
364,0.0829,27
365,0.0829,27
366,0.0829,27
367,0.0829,27
368,0.0829,27
369,0.0829,27
370,0.0829,27
371,0.0829,27
372,0.0829,27
373,0.0829,27
374,0.0829,27
375,0.0829,27
376,0.0829,27
377,0.0829,27
378,0.0829,27
379,0.0829,27
380,0.0829,27
381,0.0829,27
382,0.0829,27
383,0.0829,27
384,0.0829,27
385,0.0829,27
386,0.0829,27
387,0.0829,27
388,0.0829,27
389,0.0829,27
390,0.0829,27
391,0.0829,27
392,0.0829,27
393,0.0829,27
394,0.0829,27
395,0.0829,27
396,0.0829,27
397,0.0829,27
398,0.0829,27
399,0.0829,27
400,0.0829,27
401,0.0829,27
402,0.0829,27
403,0.0829,27
404,0.0829,27
405,0.0829,27
406,0.0829,27
407,0.0829,27
408,0.0829,27
409,0.0829,27
410,0.0829,27
411,0.0829,27
412,0.0829,27
413,0.0829,27
414,0.0829,27
415,0.0829,27
416,0.0829,27
417,0.0829,27
418,0.0829,27
419,0.0829,27
420,0.0829,27
421,0.0829,27
422,0.0829,27
423,0.0829,27
424,0.0829,27
425,0.0829,27
426,0.0829,27
427,0.0829,27
428,0.0829,27
429,0.0829,27
430,0.0829,27
431,0.0829,27
432,0.0829,27
433,0.0829,27
434,0.0829,27
435,0.0829,27
436,0.0829,27
437,0.0829,27
438,0.0829,27
439,0.0829,27
440,0.0829,27
441,0.0829,27
442,0.0829,27
443,0.0829,27
444,0.0829,27
445,0.0829,27
446,0.0829,27
447,0.0829,27
448,0.0829,27
449,0.0829,27
450,0.0829,27
451,0.0829,27
452,0.0829,27
453,0.0829,27
454,0.0829,27
455,0.0829,27
456,0.0829,27
457,0.0829,27
458,0.0829,27
459,0.0829,27
460,0.0829,27
461,0.0829,27
462,0.0829,27
463,0.0829,27
464,0.0829,27
465,0.0829,27
466,0.0829,27
467,0.0829,27
468,0.0829,27
469,0.0829,27
470,0.0829,27
471,0.0829,27
472,0.0829,27
473,0.0829,27
474,0.0829,27
475,0.0829,27
476,0.0829,27
477,0.0829,27
478,0.0829,27
479,0.0829,27
480,0.0829,27
481,0.0829,27
482,0.0829,27
483,0.0829,27
484,0.0829,27
485,0.0829,27
486,0.0829,27
487,0.0829,27
488,0.0829,27
489,0.0829,27
490,0.0829,27
491,0.0829,27
492,0.0829,27
493,0.0829,27
494,0.0829,27
495,0.0829,27
496,0.0829,27
497,0.0829,27
498,0.0829,27
499,0.0829,27
500,0.0829,27
501,0.0829,27
502,0.0829,27
503,0.0829,27
504,0.0829,27
505,0.0829,27
506,0.0829,27
507,0.0829,27
508,0.0829,27
509,0.0829,27
510,0.0829,27
511,0.0829,27
512,0.0829,27
513,0.0829,27
514,0.0829,27
515,0.0829,27
516,0.0829,27
517,0.0829,27
518,0.0829,27
519,0.0829,27
520,0.0829,27
521,0.0829,27
522,0.0829,27
523,0.0829,27
524,0.0829,27
525,0.0829,27
526,0.0829,27
527,0.0829,27
528,0.0829,27
529,0.0829,27
530,0.0829,27
531,0.0829,27
532,0.0829,27
533,0.0829,27
534,0.0829,27
535,0.0829,27
536,0.0829,27
537,0.0829,27
538,0.0829,27
539,0.0829,27
540,0.0829,27
541,0.0829,27
542,0.0829,27
543,0.0829,27
544,0.0829,27
545,0.0829,27
546,0.0829,27
547,0.0829,27
548,0.0829,27
549,0.0829,27
550,0.0829,27
551,0.0829,27
552,0.0829,27
553,0.0829,27
554,0.0829,27
555,0.0829,27
556,0.0829,27
557,0.0829,27
558,0.0829,27
559,0.0829,27
560,0.0829,27
561,0.0829,27
562,0.0829,27
563,0.0829,27
564,0.0829,27
565,0.0829,27
566,0.0829,27
567,0.0829,27
568,0.0829,27
569,0.0829,27
570,0.0829,27
571,0.0829,27
572,0.0829,27
573,0.0829,27
574,0.0829,27
575,0.0829,27
576,0.0829,27
577,0.0829,27
578,0.0829,27
579,0.0829,27
580,0.0829,27
581,0.0829,27
582,0.0829,27
583,0.0829,27
584,0.0829,27
585,0.0829,27
586,0.0829,27
587,0.0829,27
588,0.0829,27
589,0.0829,27
590,0.0829,27
591,0.0829,27
592,0.0829,27
593,0.0829,27
594,0.0829,27
595,0.0829,27
596,0.0829,27
597,0.0829,27
598,0.0829,27
599,0.0829,27
600,0.0829,27
601,0.0829,27
602,0.0829,27
603,0.0829,27
604,0.0829,27
605,0.0829,27
606,0.0829,27
607,0.0829,27
608,0.0829,27
609,0.0829,27
610,0.0829,27
611,0.0829,27
612,0.0829,27
613,0.0829,27
614,0.0829,27
615,0.0829,27
616,0.0829,27
617,0.0829,27
618,0.0829,27
619,0.0829,27
620,0.0829,27
621,0.0829,27
622,0.0829,27
623,0.0829,27
624,0.0829,27
625,0.0829,27
626,0.0829,27
627,0.0829,27
628,0.0829,27
629,0.0829,27
630,0.0829,27
631,0.0829,27
632,0.0829,27
633,0.0829,27
634,0.0829,27
635,0.0829,27
636,0.0829,27
637,0.0829,27
638,0.0829,27
639,0.0829,27
640,0.0829,27
641,0.0829,27
642,0.0829,27
643,0.0829,27
644,0.0829,27
645,0.0829,27
646,0.0829,27
647,0.0829,27
648,0.0829,27
649,0.0829,27
650,0.0829,27
651,0.0829,27
652,0.0829,27
653,0.0829,27
654,0.0829,27
655,0.0829,27
656,0.0829,27
657,0.0829,27
658,0.0829,27
659,0.0829,27
660,0.0829,27
661,0.0829,27
662,0.0829,27
663,0.0829,27
664,0.0829,27
665,0.0829,27
666,0.0829,27
667,0.0829,27
668,0.0829,27
669,0.0829,27
670,0.0829,27
671,0.0829,27
672,0.0829,27
673,0.0829,27
674,0.0829,27
675,0.0829,27
676,0.0829,27
677,0.0829,27
678,0.0829,27
679,0.0829,27
680,0.0829,27
681,0.0829,27
682,0.0829,27
683,0.0829,27
684,0.0829,27
685,0.0829,27
686,0.0829,27
687,0.0829,27
688,0.0829,27
689,0.0829,27
690,0.0829,27
691,0.0829,27
692,0.0829,27
693,0.0829,27
694,0.0829,27
695,0.0829,27
696,0.0829,27
697,0.0829,27
698,0.0829,27
699,0.0829,27
700,0.0829,27
701,0.0829,27
702,0.0829,27
703,0.0829,27
704,0.0829,27
705,0.0829,27
706,0.0829,27
707,0.0829,27
708,0.0829,27
709,0.0829,27
710,0.0829,27
711,0.0829,27
712,0.0829,27
713,0.0829,27
714,0.0829,27
715,0.0829,27
716,0.0829,27
717,0.0829,27
718,0.0829,27
719,0.0829,27
720,0.0829,27
721,0.0829,27
722,0.0829,27
723,0.0829,27
724,0.0829,27
725,0.0829,27
726,0.0829,27
727,0.0829,27
728,0.0829,27
729,0.0829,27
730,0.0829,27
731,0.0829,27
732,0.0829,27
733,0.0829,27
734,0.0829,27
735,0.0829,27
736,0.0829,27
737,0.0829,27
738,0.0829,27
739,0.0829,27
740,0.0829,27
741,0.0829,27
742,0.0829,27
743,0.0829,27
744,0.0829,27
745,0.0829,27
746,0.0829,27
747,0.0829,27
748,0.0829,27
749,0.0829,27
750,0.0829,27
751,0.0829,27
752,0.0829,27
753,0.0829,27
754,0.0829,27
755,0.0829,27
756,0.0829,27
757,0.0829,27
758,0.0829,27
759,0.0829,27
760,0.0829,27
761,0.0829,27
762,0.0829,27
763,0.0829,27
764,0.0829,27
765,0.0829,27
766,0.0829,27
767,0.0829,27
768,0.0829,27
769,0.0829,27
770,0.0829,27
771,0.0829,27
772,0.0829,27
773,0.0829,27
774,0.0829,27
775,0.0829,27
776,0.0829,27
777,0.0829,27
778,0.0829,27
779,0.0829,27
780,0.0829,27
781,0.0829,27
782,0.0829,27
783,0.0829,27
784,0.0829,27
785,0.0829,27
786,0.0829,27
787,0.0829,27
788,0.0829,27
789,0.0829,27
790,0.0829,27
791,0.0829,27
792,0.0829,27
793,0.0829,27
794,0.0829,27
795,0.0829,27
796,0.0829,27
797,0.0829,27
798,0.0829,27
799,0.0829,27
800,0.0829,27
801,0.0829,27
802,0.0829,27
803,0.0829,27
804,0.0829,27
805,0.0829,27
806,0.0829,27
807,0.0829,27
808,0.0829,27
809,0.0829,27
810,0.0829,27
811,0.0829,27
812,0.0829,27
813,0.0829,27
814,0.0829,27
815,0.0829,27
816,0.0829,27
817,0.0829,27
818,0.0829,27
819,0.0829,27
820,0.0829,27
821,0.0829,27
822,0.0829,27
823,0.0829,27
824,0.0829,27
825,0.0829,27
826,0.0829,27
827,0.0829,27
828,0.0829,27
829,0.0829,27
830,0.0829,27
831,0.0829,27
832,0.0829,27
833,0.0829,27
834,0.0829,27
835,0.0829,27
836,0.0829,27
837,0.0829,27
838,0.0829,27
839,0.0829,27
840,0.0829,27
841,0.0829,27
842,0.0829,27
843,0.0829,27
844,0.0829,27
845,0.0829,27
846,0.0829,27
847,0.0829,27
848,0.0829,27
849,0.0829,27
850,0.0829,27
851,0.0829,27
852,0.0829,27
853,0.0829,27
854,0.0829,27
855,0.0829,27
856,0.0829,27
857,0.0829,27
858,0.0829,27
859,0.0829,27
860,0.0829,27
861,0.0829,27
862,0.0829,27
863,0.0829,27
864,0.0829,27
865,0.0829,27
866,0.0829,27
867,0.0829,27
868,0.0829,27
869,0.0829,27
870,0.0829,27
871,0.0829,27
872,0.0829,27
873,0.0829,27
874,0.0829,27
875,0.0829,27
876,0.0829,27
877,0.0829,27
878,0.0829,27
879,0.0829,27
880,0.0829,27
881,0.0829,27
882,0.0829,27
883,0.0829,27
884,0.0829,27
885,0.0829,27
886,0.0829,27
887,0.0829,27
888,0.0829,27
889,0.0829,27
890,0.0829,27
891,0.0829,27
892,0.0829,27
893,0.0829,27
894,0.0829,27
895,0.0829,27
896,0.0829,27
897,0.0829,27
898,0.0829,27
899,0.0829,27
900,0.0829,27
901,0.0829,27
902,0.0829,27
903,0.0829,27
904,0.0829,27
905,0.0829,27
906,0.0829,27
907,0.0829,27
908,0.0829,27
909,0.0829,27
910,0.0829,27
911,0.0829,27
912,0.0829,27
913,0.0829,27
914,0.0829,27
915,0.0829,27
916,0.0829,27
917,0.0829,27
918,0.0829,27
919,0.0829,27
920,0.0829,27
921,0.0829,27
922,0.0829,27
923,0.0829,27
924,0.0829,27
925,0.0829,27
926,0.0829,27
927,0.0829,27
928,0.0829,27
929,0.0829,27
930,0.0829,27
931,0.0829,27
932,0.0829,27
933,0.0829,27
934,0.0829,27
935,0.0829,27
936,0.0829,27
937,0.0829,27
938,0.0829,27
939,0.0829,27
940,0.0829,27
941,0.0829,27
942,0.0829,27
943,0.0829,27
944,0.0829,27
945,0.0829,27
946,0.0829,27
947,0.0829,27
948,0.0829,27
949,0.0829,27
950,0.0829,27
951,0.0829,27
952,0.0829,27
953,0.0829,27
954,0.0829,27
955,0.0829,27
956,0.0829,27
957,0.0829,27
958,0.0829,27
959,0.0829,27
960,0.0829,27
961,0.0829,27
962,0.0829,27
963,0.0829,27
964,0.0829,27
965,0.0829,27
966,0.0829,27
967,0.0829,27
968,0.0829,27
969,0.0829,27
970,0.0829,27
971,0.0829,27
972,0.0829,27
973,0.0829,27
974,0.0829,27
975,0.0829,27
976,0.0829,27
977,0.0829,27
978,0.0829,27
979,0.0829,27
980,0.0829,27
981,0.0829,27
982,0.0829,27
983,0.0829,27
984,0.0829,27
985,0.0829,27
986,0.0829,27
987,0.0829,27
988,0.0829,27
989,0.0829,27
990,0.0829,27
991,0.0829,27
992,0.0829,27
993,0.0829,27
994,0.0829,27
995,0.0829,27
996,0.0829,27
997,0.0829,27
998,0.0829,27
999,0.0829,27
1000,0.0829,27
1001,0.0829,27
1002,0.0829,27
1003,0.0829,27
1004,0.0829,27
1005,0.0829,27
1006,0.0829,27
1007,0.0829,27
1008,0.0829,27
1009,0.0829,27
1010,0.0829,27
1011,0.0829,27
1012,0.0829,27
1013,0.0829,27
1014,0.0829,27
1015,0.0829,27
1016,0.0829,27
1017,0.0829,27
1018,0.0829,27
1019,0.0829,27
1020,0.0829,27
1021,0.0829,27
1022,0.0829,27
1023,0.0829,27
1024,0.0829,27
1025,0.0829,27
1026,0.0829,27
1027,0.0829,27
1028,0.0829,27
1029,0.0829,27
1030,0.0829,27
1031,0.0829,27
1032,0.0829,27
1033,0.0829,27
1034,0.0829,27
1035,0.0829,27
1036,0.0829,27
1037,0.0829,27
1038,0.0829,27
1039,0.0829,27
1040,0.0829,27
1041,0.0829,27
1042,0.0829,27
1043,0.0829,27
1044,0.0829,27
1045,0.0829,27
1046,0.0829,27
1047,0.0829,27
1048,0.0829,27
1049,0.0829,27
1050,0.0829,27
1051,0.0829,27
1052,0.0829,27
1053,0.0829,27
1054,0.0829,27
1055,0.0829,27
1056,0.0829,27
1057,0.0829,27
1058,0.0829,27
1059,0.0829,27
1060,0.0829,27
1061,0.0829,27
1062,0.0829,27
1063,0.0829,27
1064,0.0829,27
1065,0.0829,27
1066,0.0829,27
1067,0.0829,27
1068,0.0829,27
1069,0.0829,27
1070,0.0829,27
1071,0.0829,27
1072,0.0829,27
1073,0.0829,27
1074,0.0829,27
1075,0.0829,27
1076,0.0829,27
1077,0.0829,27
1078,0.0829,27
1079,0.0829,27
1080,0.0829,27
1081,0.0829,27
1082,0.0829,27
1083,0.0829,27
1084,0.0829,27
1085,0.0829,27
1086,0.0829,27
1087,0.0829,27
1088,0.0829,27
1089,0.0829,27
1090,0.0829,27
1091,0.0829,27
1092,0.0829,27
1093,0.0829,27
1094,0.0829,27
1095,0.0829,27
1096,0.0829,27
1097,0.0829,27
1098,0.0829,27
1099,0.0829,27
1100,0.0829,27
1101,0.0829,27
1102,0.0829,27
1103,0.0829,27
1104,0.0829,27
1105,0.0829,27
1106,0.0829,27
1107,0.0829,27
1108,0.0829,27
1109,0.0829,27
1110,0.0829,27
1111,0.0829,27
1112,0.0829,27
1113,0.0829,27
1114,0.0829,27
1115,0.0829,27
1116,0.0829,27
1117,0.0829,27
1118,0.0829,27
1119,0.0829,27
1120,0.0829,27
1121,0.0829,27
1122,0.0829,27
1123,0.0829,27
1124,0.0829,27
1125,0.0829,27
1126,0.0829,27
1127,0.0829,27
1128,0.0829,27
1129,0.0829,27
1130,0.0829,27
1131,0.0829,27
1132,0.0829,27
1133,0.0829,27
1134,0.0829,27
1135,0.0829,27
1136,0.0829,27
1137,0.0829,27
1138,0.0829,27
1139,0.0829,27
1140,0.0829,27
1141,0.0829,27
1142,0.0829,27
1143,0.0829,27
1144,0.0829,27
1145,0.0829,27
1146,0.0829,27
1147,0.0829,27
1148,0.0829,27
1149,0.0829,27
1150,0.0829,27
1151,0.0829,27
1152,0.0829,27
1153,0.0829,27
1154,0.0829,27
1155,0.0829,27
1156,0.0829,27
1157,0.0829,27
1158,0.0829,27
1159,0.0829,27
1160,0.0829,27
1161,0.0829,27
1162,0.0829,27
1163,0.0829,27
1164,0.0829,27
1165,0.0829,27
1166,0.0829,27
1167,0.0829,27
1168,0.0829,27
1169,0.0829,27
1170,0.0829,27
1171,0.0829,27
1172,0.0829,27
1173,0.0829,27
1174,0.0829,27
1175,0.0829,27
1176,0.0829,27
1177,0.0829,27
1178,0.0829,27
1179,0.0829,27
1180,0.0829,27
1181,0.0829,27
1182,0.0829,27
1183,0.0829,27
1184,0.0829,27
1185,0.0829,27
1186,0.0829,27
1187,0.0829,27
1188,0.0829,27
1189,0.0829,27
1190,0.0829,27
1191,0.0829,27
1192,0.0829,27
1193,0.0829,27
1194,0.0829,27
1195,0.0829,27
1196,0.0829,27
1197,0.0829,27
1198,0.0829,27
1199,0.0829,27
1200,0.0829,27
1201,0.0829,27
1202,0.0829,27
1203,0.0829,27
1204,0.0829,27
1205,0.0829,27
1206,0.0829,27
1207,0.0829,27
1208,0.0829,27
1209,0.0829,27
1210,0.0829,27
1211,0.0829,27
1212,0.0829,27
1213,0.0829,27
1214,0.0829,27
1215,0.0829,27
1216,0.0829,27
1217,0.0829,27
1218,0.0829,27
1219,0.0829,27
1220,0.0829,27
1221,0.0829,27
1222,0.0829,27
1223,0.0829,27
1224,0.0829,27
1225,0.0829,27
1226,0.0829,27
1227,0.0829,27
1228,0.0829,27
1229,0.0829,27
1230,0.0829,27
1231,0.0829,27
1232,0.0829,27
1233,0.0829,27
1234,0.0829,27
1235,0.0829,27
1236,0.0829,27
1237,0.0829,27
1238,0.0829,27
1239,0.0829,27
1240,0.0829,27
1241,0.0829,27
1242,0.0829,27
1243,0.0829,27
1244,0.0829,27
1245,0.0829,27
1246,0.0829,27
1247,0.0829,27
1248,0.0829,27
1249,0.0829,27
1250,0.0829,27
1251,0.0829,27
1252,0.0829,27
1253,0.0829,27
1254,0.0829,27
1255,0.0829,27
1256,0.0829,27
1257,0.0829,27
1258,0.0829,27
1259,0.0829,27
1260,0.0829,27
1261,0.0829,27
1262,0.0829,27
1263,0.0829,27
1264,0.0829,27
1265,0.0829,27
1266,0.0829,27
1267,0.0829,27
1268,0.0829,27
1269,0.0829,27
1270,0.0829,27
1271,0.0829,27
1272,0.0829,27
1273,0.0829,27
1274,0.0829,27
1275,0.0829,27
1276,0.0829,27
1277,0.0829,27
1278,0.0829,27
1279,0.0829,27
1280,0.0829,27
1281,0.0829,27
1282,0.0829,27
1283,0.0829,27
1284,0.0829,27
1285,0.0829,27
1286,0.0829,27
1287,0.0829,27
1288,0.0829,27
1289,0.0829,27
1290,0.0829,27
1291,0.0829,27
1292,0.0829,27
1293,0.0829,27
1294,0.0829,27
1295,0.0829,27
1296,0.0829,27
1297,0.0829,27
1298,0.0829,27
1299,0.0829,27
1300,0.0829,27
1301,0.0829,27
1302,0.0829,27
1303,0.0829,27
1304,0.0829,27
1305,0.0829,27
1306,0.0829,27
1307,0.0829,27
1308,0.0829,27
1309,0.0829,27
1310,0.0829,27
1311,0.0829,27
1312,0.0829,27
1313,0.0829,27
1314,0.0829,27
1315,0.0829,27
1316,0.0829,27
1317,0.0829,27
1318,0.0829,27
1319,0.0829,27
1320,0.0829,27
1321,0.0829,27
1322,0.0829,27
1323,0.0829,27
1324,0.0829,27
1325,0.0829,27
1326,0.0829,27
1327,0.0829,27
1328,0.0829,27
1329,0.0829,27
1330,0.0829,27
1331,0.0829,27
1332,0.0829,27
1333,0.0829,27
1334,0.0829,27
1335,0.0829,27
1336,0.0829,27
1337,0.0829,27
1338,0.0829,27
1339,0.0829,27
1340,0.0829,27
1341,0.0829,27
1342,0.0829,27
1343,0.0829,27
1344,0.0829,27
1345,0.0829,27
1346,0.0829,27
1347,0.0829,27
1348,0.0829,27
1349,0.0829,27
1350,0.0829,27
1351,0.0829,27
1352,0.0829,27
1353,0.0829,27
1354,0.0829,27
1355,0.0829,27
1356,0.0829,27
1357,0.0829,27
1358,0.0829,27
1359,0.0829,27
1360,0.0829,27
1361,0.0829,27
1362,0.0829,27
1363,0.0829,27
1364,0.0829,27
1365,0.0829,27
1366,0.0829,27
1367,0.0829,27
1368,0.0829,27
1369,0.0829,27
1370,0.0829,27
1371,0.0829,27
1372,0.0829,27
1373,0.0829,27
1374,0.0829,27
1375,0.0829,27
1376,0.0829,27
1377,0.0829,27
1378,0.0829,27
1379,0.0829,27
1380,0.0829,27
1381,0.0829,27
1382,0.0829,27
1383,0.0829,27
1384,0.0829,27
1385,0.0829,27
1386,0.0829,27
1387,0.0829,27
1388,0.0829,27
1389,0.0829,27
1390,0.0829,27
1391,0.0829,27
1392,0.0829,27
1393,0.0829,27
1394,0.0829,27
1395,0.0829,27
1396,0.0829,27
1397,0.0829,27
1398,0.0829,27
1399,0.0829,27
1400,0.0829,27
1401,0.0829,27
1402,0.0829,27
1403,0.0829,27
1404,0.0829,27
1405,0.0829,27
1406,0.0829,27
1407,0.0829,27
1408,0.0829,27
1409,0.0829,27
1410,0.0829,27
1411,0.0829,27
1412,0.0829,27
1413,0.0829,27
1414,0.0829,27
1415,0.0829,27
1416,0.0829,27
1417,0.0829,27
1418,0.0829,27
1419,0.0829,27
1420,0.0829,27
1421,0.0829,27
1422,0.0829,27
1423,0.0829,27
1424,0.0829,27
1425,0.0829,27
1426,0.0829,27
1427,0.0829,27
1428,0.0829,27
1429,0.0829,27
1430,0.0829,27
1431,0.0829,27
1432,0.0829,27
1433,0.0829,27
1434,0.0829,27
1435,0.0829,27
1436,0.0829,27
1437,0.0829,27
1438,0.0829,27
1439,0.0829,27
1440,0.0829,27
1441,0.0829,27
1442,0.0829,27
1443,0.0829,27
1444,0.0829,27
1445,0.0829,27
1446,0.0829,27
1447,0.0829,27
1448,0.0829,27
1449,0.0829,27
1450,0.0829,27
1451,0.0829,27
1452,0.0829,27
1453,0.0829,27
1454,0.0829,27
1455,0.0829,27
1456,0.0829,27
1457,0.0829,27
1458,0.0829,27
1459,0.0829,27
1460,0.0829,27
1461,0.0829,27
1462,0.0829,27
1463,0.0829,27
1464,0.0829,27
1465,0.0829,27
1466,0.0829,27
1467,0.0829,27
1468,0.0829,27
1469,0.0829,27
1470,0.0829,27
1471,0.0829,27
1472,0.0829,27
1473,0.0829,27
1474,0.0829,27
1475,0.0829,27
1476,0.0829,27
1477,0.0829,27
1478,0.0829,27
1479,0.0829,27
1480,0.0829,27
1481,0.0829,27
1482,0.0829,27
1483,0.0829,27
1484,0.0829,27
1485,0.0829,27
1486,0.0829,27
1487,0.0829,27
1488,0.0829,27
1489,0.0829,27
1490,0.0829,27
1491,0.0829,27
1492,0.0829,27
1493,0.0829,27
1494,0.0829,27
1495,0.0829,27
1496,0.0829,27
1497,0.0829,27
1498,0.0829,27
1499,0.0829,27
1500,0.0829,27
1501,0.0829,27
1502,0.0829,27
1503,0.0829,27
1504,0.0829,27
1505,0.0829,27
1506,0.0829,27
1507,0.0829,27
1508,0.0829,27
1509,0.0829,27
1510,0.0829,27
1511,0.0829,27
1512,0.0829,27
1513,0.0829,27
1514,0.0829,27
1515,0.0829,27
1516,0.0829,27
1517,0.0829,27
1518,0.0829,27
1519,0.0829,27
1520,0.0829,27
1521,0.0829,27
1522,0.0829,27
1523,0.0829,27
1524,0.0829,27
1525,0.0829,27
1526,0.0829,27
1527,0.0829,27
1528,0.0829,27
1529,0.0829,27
1530,0.0829,27
1531,0.0829,27
1532,0.0829,27
1533,0.0829,27
1534,0.0829,27
1535,0.0829,27
1536,0.0829,27
1537,0.0829,27
1538,0.0829,27
1539,0.0829,27
1540,0.0829,27
1541,0.0829,27
1542,0.0829,27
1543,0.0829,27
1544,0.0829,27
1545,0.0829,27
1546,0.0829,27
1547,0.0829,27
1548,0.0829,27
1549,0.0829,27
1550,0.0829,27
1551,0.0829,27
1552,0.0829,27
1553,0.0829,27
1554,0.0829,27
1555,0.0829,27
1556,0.0829,27
1557,0.0829,27
1558,0.0829,27
1559,0.0829,27
1560,0.0829,27
1561,0.0829,27
1562,0.0829,27
1563,0.0829,27
1564,0.0829,27
1565,0.0829,27
1566,0.0829,27
1567,0.0829,27
1568,0.0829,27
1569,0.0829,27
1570,0.0829,27
1571,0.0829,27
1572,0.0829,27
1573,0.0829,27
1574,0.0829,27
1575,0.0829,27
1576,0.0829,27
1577,0.0829,27
1578,0.0829,27
1579,0.0829,27
1580,0.0829,27
1581,0.0829,27
1582,0.0829,27
1583,0.0829,27
1584,0.0829,27
1585,0.0829,27
1586,0.0829,27
1587,0.0829,27
1588,0.0829,27
1589,0.0829,27
1590,0.0829,27
1591,0.0829,27
1592,0.0829,27
1593,0.0829,27
1594,0.0829,27
1595,0.0829,27
1596,0.0829,27
1597,0.0829,27
1598,0.0829,27
1599,0.0829,27
1600,0.0829,27
1601,0.0829,27
1602,0.0829,27
1603,0.0829,27
1604,0.0829,27
1605,0.0829,27
1606,0.0829,27
1607,0.0829,27
1608,0.0829,27
1609,0.0829,27
1610,0.0829,27
1611,0.0829,27
1612,0.0829,27
1613,0.0829,27
1614,0.0829,27
1615,0.0829,27
1616,0.0829,27
1617,0.0829,27
1618,0.0829,27
1619,0.0829,27
1620,0.0829,27
1621,0.0829,27
1622,0.0829,27
1623,0.0829,27
1624,0.0829,27
1625,0.0829,27
1626,0.0829,27
1627,0.0829,27
1628,0.0829,27
1629,0.0829,27
1630,0.0829,27
1631,0.0829,27
1632,0.0829,27
1633,0.0829,27
1634,0.0829,27
1635,0.0829,27
1636,0.0829,27
1637,0.0829,27
1638,0.0829,27
1639,0.0829,27
1640,0.0829,27
1641,0.0829,27
1642,0.0829,27
1643,0.0829,27
1644,0.0829,27
1645,0.0829,27
1646,0.0829,27
1647,0.0829,27
1648,0.0829,27
1649,0.0829,27
1650,0.0829,27
1651,0.0829,27
1652,0.0829,27
1653,0.0829,27
1654,0.0829,27
1655,0.0829,27
1656,0.0829,27
1657,0.0829,27
1658,0.0829,27
1659,0.0829,27
1660,0.0829,27
1661,0.0829,27
1662,0.0829,27
1663,0.0829,27
1664,0.0829,27
1665,0.0829,27
1666,0.0829,27
1667,0.0829,27
1668,0.0829,27
1669,0.0829,27
1670,0.0829,27
1671,0.0829,27
1672,0.0829,27
1673,0.0829,27
1674,0.0829,27
1675,0.0829,27
1676,0.0829,27
1677,0.0829,27
1678,0.0829,27
1679,0.0829,27
1680,0.0829,27
1681,0.0829,27
1682,0.0829,27
1683,0.0829,27
1684,0.0829,27
1685,0.0829,27
1686,0.0829,27
1687,0.0829,27
1688,0.0829,27
1689,0.0829,27
1690,0.0829,27
1691,0.0829,27
1692,0.0829,27
1693,0.0829,27
1694,0.0829,27
1695,0.0829,27
1696,0.0829,27
1697,0.0829,27
1698,0.0829,27
1699,0.0829,27
1700,0.0829,27
1701,0.0829,27
1702,0.0829,27
1703,0.0829,27
1704,0.0829,27
1705,0.0829,27
1706,0.0829,27
1707,0.0829,27
1708,0.0829,27
1709,0.0829,27
1710,0.0829,27
1711,0.0829,27
1712,0.0829,27
1713,0.0829,27
1714,0.0829,27
1715,0.0829,27
1716,0.0829,27
1717,0.0829,27
1718,0.0829,27
1719,0.0829,27
1720,0.0829,27
1721,0.0829,27
1722,0.0829,27
1723,0.0829,27
1724,0.0829,27
1725,0.0829,27
1726,0.0829,27
1727,0.0829,27
1728,0.0829,27
1729,0.0829,27
1730,0.0829,27
1731,0.0829,27
1732,0.0829,27
1733,0.0829,27
1734,0.0829,27
1735,0.0829,27
1736,0.0829,27
1737,0.0829,27
1738,0.0829,27
1739,0.0829,27
1740,0.0829,27
1741,0.0829,27
1742,0.0829,27
1743,0.0829,27
1744,0.0829,27
1745,0.0829,27
1746,0.0829,27
1747,0.0829,27
1748,0.0829,27
1749,0.0829,27
1750,0.0829,27
1751,0.0829,27
1752,0.0829,27
1753,0.0829,27
1754,0.0829,27
1755,0.0829,27
1756,0.0829,27
1757,0.0829,27
1758,0.0829,27
1759,0.0829,27
1760,0.0829,27
1761,0.0829,27
1762,0.0829,27
1763,0.0829,27
1764,0.0829,27
1765,0.0829,27
1766,0.0829,27
1767,0.0829,27
1768,0.0829,27
1769,0.0829,27
1770,0.0829,27
1771,0.0829,27
1772,0.0829,27
1773,0.0829,27
1774,0.0829,27
1775,0.0829,27
1776,0.0829,27
1777,0.0829,27
1778,0.0829,27
1779,0.0829,27
1780,0.0829,27
1781,0.0829,27
1782,0.0829,27
1783,0.0829,27
1784,0.0829,27
1785,0.0829,27
1786,0.0829,27
1787,0.0829,27
1788,0.0829,27
1789,0.0829,27
1790,0.0829,27
1791,0.0829,27
1792,0.0829,27
1793,0.0829,27
1794,0.0829,27
1795,0.0829,27
1796,0.0829,27
1797,0.0829,27
1798,0.0829,27
1799,0.0829,27
1800,0.0829,27
1801,0.0829,27
1802,0.0829,27
1803,0.0829,27
1804,0.0829,27
1805,0.0829,27
1806,0.0829,27
1807,0.0829,27
1808,0.0829,27
1809,0.0829,27
1810,0.0829,27
1811,0.0829,27
1812,0.0829,27
1813,0.0829,27
1814,0.0829,27
1815,0.0829,27
1816,0.0829,27
1817,0.0829,27
1818,0.0829,27
1819,0.0829,27
1820,0.0829,27
1821,0.0829,27
1822,0.0829,27
1823,0.0829,27
1824,0.0829,27
1825,0.0829,27
1826,0.0829,27
1827,0.0829,27
1828,0.0829,27
1829,0.0829,27
1830,0.0829,27
1831,0.0829,27
1832,0.0829,27
1833,0.0829,27
1834,0.0829,27
1835,0.0829,27
1836,0.0829,27
1837,0.0829,27
1838,0.0829,27
1839,0.0829,27
1840,0.0829,27
1841,0.0829,27
1842,0.0829,27
1843,0.0829,27
1844,0.0829,27
1845,0.0829,27
1846,0.0829,27
1847,0.0829,27
1848,0.0829,27
1849,0.0829,27
1850,0.0829,27
1851,0.0829,27
1852,0.0829,27
1853,0.0829,27
1854,0.0829,27
1855,0.0829,27
1856,0.0829,27
1857,0.0829,27
1858,0.0829,27
1859,0.0829,27
1860,0.0829,27
1861,0.0829,27
1862,0.0829,27
1863,0.0829,27
1864,0.0829,27
1865,0.0829,27
1866,0.0829,27
1867,0.0829,27
1868,0.0829,27
1869,0.0829,27
1870,0.0829,27
1871,0.0829,27
1872,0.0829,27
1873,0.0829,27
1874,0.0829,27
1875,0.0829,27
1876,0.0829,27
1877,0.0829,27
1878,0.0829,27
1879,0.0829,27
1880,0.0829,27
1881,0.0829,27
1882,0.0829,27
1883,0.0829,27
1884,0.0829,27
1885,0.0829,27
1886,0.0829,27
1887,0.0829,27
1888,0.0829,27
1889,0.0829,27
1890,0.0829,27
1891,0.0829,27
1892,0.0829,27
1893,0.0829,27
1894,0.0829,27
1895,0.0829,27
1896,0.0829,27
1897,0.0829,27
1898,0.0829,27
1899,0.0829,27
1900,0.0829,27
1901,0.0829,27
1902,0.0829,27
1903,0.0829,27
1904,0.0829,27
1905,0.0829,27
1906,0.0829,27
1907,0.0829,27
1908,0.0829,27
1909,0.0829,27
1910,0.0829,27
1911,0.0829,27
1912,0.0829,27
1913,0.0829,27
1914,0.0829,27
1915,0.0829,27
1916,0.0829,27
1917,0.0829,27
1918,0.0829,27
1919,0.0829,27
1920,0.0829,27
1921,0.0829,27
1922,0.0829,27
1923,0.0829,27
1924,0.0829,27
1925,0.0829,27
1926,0.0829,27
1927,0.0829,27
1928,0.0829,27
1929,0.0829,27
1930,0.0829,27
1931,0.0829,27
1932,0.0829,27
1933,0.0829,27
1934,0.0829,27
1935,0.0829,27
1936,0.0829,27
1937,0.0829,27
1938,0.0829,27
1939,0.0829,27
1940,0.0829,27
1941,0.0829,27
1942,0.0829,27
1943,0.0829,27
1944,0.0829,27
1945,0.0829,27
1946,0.0829,27
1947,0.0829,27
1948,0.0829,27
1949,0.0829,27
1950,0.0829,27
1951,0.0829,27
1952,0.0829,27
1953,0.0829,27
1954,0.0829,27
1955,0.0829,27
1956,0.0829,27
1957,0.0829,27
1958,0.0829,27
1959,0.0829,27
1960,0.0829,27
1961,0.0829,27
1962,0.0829,27
1963,0.0829,27
1964,0.0829,27
1965,0.0829,27
1966,0.0829,27
1967,0.0829,27
1968,0.0829,27
1969,0.0829,27
1970,0.0829,27
1971,0.0829,27
1972,0.0829,27
1973,0.0829,27
1974,0.0829,27
1975,0.0829,27
1976,0.0829,27
1977,0.0829,27
1978,0.0829,27
1979,0.0829,27
1980,0.0829,27
1981,0.0829,27
1982,0.0829,27
1983,0.0829,27
1984,0.0829,27
1985,0.0829,27
1986,0.0829,27
1987,0.0829,27
1988,0.0829,27
1989,0.0829,27
1990,0.0829,27
1991,0.0829,27
1992,0.0829,27
1993,0.0829,27
1994,0.0829,27
1995,0.0829,27
1996,0.0829,27
1997,0.0829,27
1998,0.0829,27
1999,0.0829,27
2000,0.0829,27
2001,0.0829,27
2002,0.0829,27
2003,0.0829,27
2004,0.0829,27
2005,0.0829,27
2006,0.0829,27
2007,0.0829,27
2008,0.0829,27
2009,0.0829,27
2010,0.0829,27
2011,0.0829,27
2012,0.0829,27
2013,0.0829,27
2014,0.0829,27
2015,0.0829,27
2016,0.0829,27
2017,0.0829,27
2018,0.0829,27
2019,0.0829,27
2020,0.0829,27
2021,0.0829,27
2022,0.0829,27
2023,0.0829,27
2024,0.0829,27
2025,0.0829,27
2026,0.0829,27
2027,0.0829,27
2028,0.0829,27
2029,0.0829,27
2030,0.0829,27
2031,0.0829,27
2032,0.0829,27
2033,0.0829,27
2034,0.0829,27
2035,0.0829,27
2036,0.0829,27
2037,0.0829,27
2038,0.0829,27
2039,0.0829,27
2040,0.0829,27
2041,0.0829,27
2042,0.0829,27
2043,0.0829,27
2044,0.0829,27
2045,0.0829,27
2046,0.0829,27
2047,0.0829,27
2048,0.0829,27
2049,0.0829,27
2050,0.0829,27
2051,0.0829,27
2052,0.0829,27
2053,0.0829,27
2054,0.0829,27
2055,0.0829,27
2056,0.0829,27
2057,0.0829,27
2058,0.0829,27
2059,0.0829,27
2060,0.0829,27
2061,0.0829,27
2062,0.0829,27
2063,0.0829,27
2064,0.0829,27
2065,0.0829,27
2066,0.0829,27
2067,0.0829,27
2068,0.0829,27
2069,0.0829,27
2070,0.0829,27
2071,0.0829,27
2072,0.0829,27
2073,0.0829,27
2074,0.0829,27
2075,0.0829,27
2076,0.0829,27
2077,0.0829,27
2078,0.0829,27
2079,0.0829,27
2080,0.0829,27
2081,0.0829,27
2082,0.0829,27
2083,0.0829,27
2084,0.0829,27
2085,0.0829,27
2086,0.0829,27
2087,0.0829,27
2088,0.0829,27
2089,0.0829,27
2090,0.0829,27
2091,0.0829,27
2092,0.0829,27
2093,0.0829,27
2094,0.0829,27
2095,0.0829,27
2096,0.0829,27
2097,0.0829,27
2098,0.0829,27
2099,0.0829,27
2100,0.0829,27
2101,0.0829,27
2102,0.0829,27
2103,0.0829,27
2104,0.0829,27
2105,0.0829,27
2106,0.0829,27
2107,0.0829,27
2108,0.0829,27
2109,0.0829,27
2110,0.0829,27
2111,0.0829,27
2112,0.0829,27
2113,0.0829,27
2114,0.0829,27
2115,0.0829,27
2116,0.0829,27
2117,0.0829,27
2118,0.0829,27
2119,0.0829,27
2120,0.0829,27
2121,0.0829,27
2122,0.0829,27
2123,0.0829,27
2124,0.0829,27
2125,0.0829,27
2126,0.0829,27
2127,0.0829,27
2128,0.0829,27
2129,0.0829,27
2130,0.0829,27
2131,0.0829,27
2132,0.0829,27
2133,0.0829,27
2134,0.0829,27
2135,0.0829,27
2136,0.0829,27
2137,0.0829,27
2138,0.0829,27
2139,0.0829,27
2140,0.0829,27
2141,0.0829,27
2142,0.0829,27
2143,0.0829,27
2144,0.0829,27
2145,0.0829,27
2146,0.0829,27
2147,0.0829,27
2148,0.0829,27
2149,0.0829,27
2150,0.0829,27
2151,0.0829,27
2152,0.0829,27
2153,0.0829,27
2154,0.0829,27
2155,0.0829,27
2156,0.0829,27
2157,0.0829,27
2158,0.0829,27
2159,0.0829,27
2160,0.0829,27
2161,0.0829,27
2162,0.0829,27
2163,0.0829,27
2164,0.0829,27
2165,0.0829,27
2166,0.0829,27
2167,0.0829,27
2168,0.0829,27
2169,0.0829,27
2170,0.0829,27
2171,0.0829,27
2172,0.0829,27
2173,0.0829,27
2174,0.0829,27
2175,0.0829,27
2176,0.0829,27
2177,0.0829,27
2178,0.0829,27
2179,0.0829,27
2180,0.0829,27
2181,0.0829,27
2182,0.0829,27
2183,0.0829,27
2184,0.0829,27
2185,0.0829,27
2186,0.0829,27
2187,0.0829,27
2188,0.0829,27
2189,0.0829,27
2190,0.0829,27
2191,0.0829,27
2192,0.0829,27
2193,0.0829,27
2194,0.0829,27
2195,0.0829,27
2196,0.0829,27
2197,0.0829,27
2198,0.0829,27
2199,0.0829,27
2200,0.0829,27
2201,0.0829,27
2202,0.0829,27
2203,0.0829,27
2204,0.0829,27
2205,0.0829,27
2206,0.0829,27
2207,0.0829,27
2208,0.0829,27
2209,0.0829,27
2210,0.0829,27
2211,0.0829,27
2212,0.0829,27
2213,0.0829,27
2214,0.0829,27
2215,0.0829,27
2216,0.0829,27
2217,0.0829,27
2218,0.0829,27
2219,0.0829,27
2220,0.0829,27
2221,0.0829,27
2222,0.0829,27
2223,0.0829,27
2224,0.0829,27
2225,0.0829,27
2226,0.0829,27
2227,0.0829,27
2228,0.0829,27
2229,0.0829,27
2230,0.0829,27
2231,0.0829,27
2232,0.0829,27
2233,0.0829,27
2234,0.0829,27
2235,0.0829,27
2236,0.0829,27
2237,0.0829,27
2238,0.0829,27
2239,0.0829,27
2240,0.0829,27
2241,0.0829,27
2242,0.0829,27
2243,0.0829,27
2244,0.0829,27
2245,0.0829,27
2246,0.0829,27
2247,0.0829,27
2248,0.0829,27
2249,0.0829,27
2250,0.0829,27
2251,0.0829,27
2252,0.0829,27
2253,0.0829,27
2254,0.0829,27
2255,0.0829,27
2256,0.0829,27
2257,0.0829,27
2258,0.0829,27
2259,0.0829,27
2260,0.0829,27
2261,0.0829,27
2262,0.0829,27
2263,0.0829,27
2264,0.0829,27
2265,0.0829,27
2266,0.0829,27
2267,0.0829,27
2268,0.0829,27
2269,0.0829,27
2270,0.0829,27
2271,0.0829,27
2272,0.0829,27
2273,0.0829,27
2274,0.0829,27
2275,0.0829,27
2276,0.0829,27
2277,0.0829,27
2278,0.0829,27
2279,0.0829,27
2280,0.0829,27
2281,0.0829,27
2282,0.0829,27
2283,0.0829,27
2284,0.0829,27
2285,0.0829,27
2286,0.0829,27
2287,0.0829,27
2288,0.0829,27
2289,0.0829,27
2290,0.0829,27
2291,0.0829,27
2292,0.0829,27
2293,0.0829,27
2294,0.0829,27
2295,0.0829,27
2296,0.0829,27
2297,0.0829,27
2298,0.0829,27
2299,0.0829,27
2300,0.0829,27
2301,0.0829,27
2302,0.0829,27
2303,0.0829,27
2304,0.0829,27
2305,0.0829,27
2306,0.0829,27
2307,0.0829,27
2308,0.0829,27
2309,0.0829,27
2310,0.0829,27
2311,0.0829,27
2312,0.0829,27
2313,0.0829,27
2314,0.0829,27
2315,0.0829,27
2316,0.0829,27
2317,0.0829,27
2318,0.0829,27
2319,0.0829,27
2320,0.0829,27
2321,0.0829,27
2322,0.0829,27
2323,0.0829,27
2324,0.0829,27
2325,0.0829,27
2326,0.0829,27
2327,0.0829,27
2328,0.0829,27
2329,0.0829,27
2330,0.0829,27
2331,0.0829,27
2332,0.0829,27
2333,0.0829,27
2334,0.0829,27
2335,0.0829,27
2336,0.0829,27
2337,0.0829,27
2338,0.0829,27
2339,0.0829,27
2340,0.0829,27
2341,0.0829,27
2342,0.0829,27
2343,0.0829,27
2344,0.0829,27
2345,0.0829,27
2346,0.0829,27
2347,0.0829,27
2348,0.0829,27
2349,0.0829,27
2350,0.0829,27
2351,0.0829,27
2352,0.0829,27
2353,0.0829,27
2354,0.0829,27
2355,0.0829,27
2356,0.0829,27
2357,0.0829,27
2358,0.0829,27
2359,0.0829,27
2360,0.0829,27
2361,0.0829,27
2362,0.0829,27
2363,0.0829,27
2364,0.0829,27
2365,0.0829,27
2366,0.0829,27
2367,0.0829,27
2368,0.0829,27
2369,0.0829,27
2370,0.0829,27
2371,0.0829,27
2372,0.0829,27
2373,0.0829,27
2374,0.0829,27
2375,0.0829,27
2376,0.0829,27
2377,0.0829,27
2378,0.0829,27
2379,0.0829,27
2380,0.0829,27
2381,0.0829,27
2382,0.0829,27
2383,0.0829,27
2384,0.0829,27
2385,0.0829,27
2386,0.0829,27
2387,0.0829,27
2388,0.0829,27
2389,0.0829,27
2390,0.0829,27
2391,0.0829,27
2392,0.0829,27
2393,0.0829,27
2394,0.0829,27
2395,0.0829,27
2396,0.0829,27
2397,0.0829,27
2398,0.0829,27
2399,0.0829,27
2400,0.0829,27
2401,0.0829,27
2402,0.0829,27
2403,0.0829,27
2404,0.0829,27
2405,0.0829,27
2406,0.0829,27
2407,0.0829,27
2408,0.0829,27
2409,0.0829,27
2410,0.0829,27
2411,0.0829,27
2412,0.0829,27
2413,0.0829,27
2414,0.0829,27
2415,0.0829,27
2416,0.0829,27
2417,0.0829,27
2418,0.0829,27
2419,0.0829,27
2420,0.0829,27
2421,0.0829,27
2422,0.0829,27
2423,0.0829,27
2424,0.0829,27
2425,0.0829,27
2426,0.0829,27
2427,0.0829,27
2428,0.0829,27
2429,0.0829,27
2430,0.0829,27
2431,0.0829,27
2432,0.0829,27
2433,0.0829,27
2434,0.0829,27
2435,0.0829,27
2436,0.0829,27
2437,0.0829,27
2438,0.0829,27
2439,0.0829,27
2440,0.0829,27
2441,0.0829,27
2442,0.0829,27
2443,0.0829,27
2444,0.0829,27
2445,0.0829,27
2446,0.0829,27
2447,0.0829,27
2448,0.0829,27
2449,0.0829,27
2450,0.0829,27
2451,0.0829,27
2452,0.0829,27
2453,0.0829,27
2454,0.0829,27
2455,0.0829,27
2456,0.0829,27
2457,0.0829,27
2458,0.0829,27
2459,0.0829,27
2460,0.0829,27
2461,0.0829,27
2462,0.0829,27
2463,0.0829,27
2464,0.0829,27
2465,0.0829,27
2466,0.0829,27
2467,0.0829,27
2468,0.0829,27
2469,0.0829,27
2470,0.0829,27
2471,0.0829,27
2472,0.0829,27
2473,0.0829,27
2474,0.0829,27
2475,0.0829,27
2476,0.0829,27
2477,0.0829,27
2478,0.0829,27
2479,0.0829,27
2480,0.0829,27
2481,0.0829,27
2482,0.0829,27
2483,0.0829,27
2484,0.0829,27
2485,0.0829,27
2486,0.0829,27
2487,0.0829,27
2488,0.0829,27
2489,0.0829,27
2490,0.0829,27
2491,0.0829,27
2492,0.0829,27
2493,0.0829,27
2494,0.0829,27
2495,0.0829,27
2496,0.0829,27
2497,0.0829,27
2498,0.0829,27
2499,0.0829,27
2500,0.0829,27
2501,0.0829,27
2502,0.0829,27
2503,0.0829,27
2504,0.0829,27
2505,0.0829,27
2506,0.0829,27
2507,0.0829,27
2508,0.0829,27
2509,0.0829,27
2510,0.0829,27
2511,0.0829,27
2512,0.0829,27
2513,0.0829,27
2514,0.0829,27
2515,0.0829,27
2516,0.0829,27
2517,0.0829,27
2518,0.0829,27
2519,0.0829,27
2520,0.0829,27
2521,0.0829,27
2522,0.0829,27
2523,0.0829,27
2524,0.0829,27
2525,0.0829,27
2526,0.0829,27
2527,0.0829,27
2528,0.0829,27
2529,0.0829,27
2530,0.0829,27
2531,0.0829,27
2532,0.0829,27
2533,0.0829,27
2534,0.0829,27
2535,0.0829,27
2536,0.0829,27
2537,0.0829,27
2538,0.0829,27
2539,0.0829,27
2540,0.0829,27
2541,0.0829,27
2542,0.0829,27
2543,0.0829,27
2544,0.0829,27
2545,0.0829,27
2546,0.0829,27
2547,0.0829,27
2548,0.0829,27
2549,0.0829,27
2550,0.0829,27
2551,0.0829,27
2552,0.0829,27
2553,0.0829,27
2554,0.0829,27
2555,0.0829,27
2556,0.0829,27
2557,0.0829,27
2558,0.0829,27
2559,0.0829,27
2560,0.0829,27
2561,0.0829,27
2562,0.0829,27
2563,0.0829,27
2564,0.0829,27
2565,0.0829,27
2566,0.0829,27
2567,0.0829,27
2568,0.0829,27
2569,0.0829,27
2570,0.0829,27
2571,0.0829,27
2572,0.0829,27
2573,0.0829,27
2574,0.0829,27
2575,0.0829,27
2576,0.0829,27
2577,0.0829,27
2578,0.0829,27
2579,0.0829,27
2580,0.0829,27
2581,0.0829,27
2582,0.0829,27
2583,0.0829,27
2584,0.0829,27
2585,0.0829,27
2586,0.0829,27
2587,0.0829,27
2588,0.0829,27
2589,0.0829,27
2590,0.0829,27
2591,0.0829,27
2592,0.0829,27
2593,0.0829,27
2594,0.0829,27
2595,0.0829,27
2596,0.0829,27
2597,0.0829,27
2598,0.0829,27
2599,0.0829,27
2600,0.0829,27
2601,0.0829,27
2602,0.0829,27
2603,0.0829,27
2604,0.0829,27
2605,0.0829,27
2606,0.0829,27
2607,0.0829,27
2608,0.0829,27
2609,0.0829,27
2610,0.0829,27
2611,0.0829,27
2612,0.0829,27
2613,0.0829,27
2614,0.0829,27
2615,0.0829,27
2616,0.0829,27
2617,0.0829,27
2618,0.0829,27
2619,0.0829,27
2620,0.0829,27
2621,0.0829,27
2622,0.0829,27
2623,0.0829,27
2624,0.0829,27
2625,0.0829,27
2626,0.0829,27
2627,0.0829,27
2628,0.0829,27
2629,0.0829,27
2630,0.0829,27
2631,0.0829,27
2632,0.0829,27
2633,0.0829,27
2634,0.0829,27
2635,0.0829,27
2636,0.0829,27
2637,0.0829,27
2638,0.0829,27
2639,0.0829,27
2640,0.0829,27
2641,0.0829,27
2642,0.0829,27
2643,0.0829,27
2644,0.0829,27
2645,0.0829,27
2646,0.0829,27
2647,0.0829,27
2648,0.0829,27
2649,0.0829,27
2650,0.0829,27
2651,0.0829,27
2652,0.0829,27
2653,0.0829,27
2654,0.0829,27
2655,0.0829,27
2656,0.0829,27
2657,0.0829,27
2658,0.0829,27
2659,0.0829,27
2660,0.0829,27
2661,0.0829,27
2662,0.0829,27
2663,0.0829,27
2664,0.0829,27
2665,0.0829,27
2666,0.0829,27
2667,0.0829,27
2668,0.0829,27
2669,0.0829,27
2670,0.0829,27
2671,0.0829,27
2672,0.0829,27
2673,0.0829,27
2674,0.0829,27
2675,0.0829,27
2676,0.0829,27
2677,0.0829,27
2678,0.0829,27
2679,0.0829,27
2680,0.0829,27
2681,0.0829,27
2682,0.0829,27
2683,0.0829,27
2684,0.0829,27
2685,0.0829,27
2686,0.0829,27
2687,0.0829,27
2688,0.0829,27
2689,0.0829,27
2690,0.0829,27
2691,0.0829,27
2692,0.0829,27
2693,0.0829,27
2694,0.0829,27
2695,0.0829,27
2696,0.0829,27
2697,0.0829,27
2698,0.0829,27
2699,0.0829,27
2700,0.0829,27
2701,0.0829,27
2702,0.0829,27
2703,0.0829,27
2704,0.0829,27
2705,0.0829,27
2706,0.0829,27
2707,0.0829,27
2708,0.0829,27
2709,0.0829,27
2710,0.0829,27
2711,0.0829,27
2712,0.0829,27
2713,0.0829,27
2714,0.0829,27
2715,0.0829,27
2716,0.0829,27
2717,0.0829,27
2718,0.0829,27
2719,0.0829,27
2720,0.0829,27
2721,0.0829,27
2722,0.0829,27
2723,0.0829,27
2724,0.0829,27
2725,0.0829,27
2726,0.0829,27
2727,0.0829,27
2728,0.0829,27
2729,0.0829,27
2730,0.0829,27
2731,0.0829,27
2732,0.0829,27
2733,0.0829,27
2734,0.0829,27
2735,0.0829,27
2736,0.0829,27
2737,0.0829,27
2738,0.0829,27
2739,0.0829,27
2740,0.0829,27
2741,0.0829,27
2742,0.0829,27
2743,0.0829,27
2744,0.0829,27
2745,0.0829,27
2746,0.0829,27
2747,0.0829,27
2748,0.0829,27
2749,0.0829,27
2750,0.0829,27
2751,0.0829,27
2752,0.0829,27
2753,0.0829,27
2754,0.0829,27
2755,0.0829,27
2756,0.0829,27
2757,0.0829,27
2758,0.0829,27
2759,0.0829,27
2760,0.0829,27
2761,0.0829,27
2762,0.0829,27
2763,0.0829,27
2764,0.0829,27
2765,0.0829,27
2766,0.0829,27
2767,0.0829,27
2768,0.0829,27
2769,0.0829,27
2770,0.0829,27
2771,0.0829,27
2772,0.0829,27
2773,0.0829,27
2774,0.0829,27
2775,0.0829,27
2776,0.0829,27
2777,0.0829,27
2778,0.0829,27
2779,0.0829,27
2780,0.0829,27
2781,0.0829,27
2782,0.0829,27
2783,0.0829,27
2784,0.0829,27
2785,0.0829,27
2786,0.0829,27
2787,0.0829,27
2788,0.0829,27
2789,0.0829,27
2790,0.0829,27
2791,0.0829,27
2792,0.0829,27
2793,0.0829,27
2794,0.0829,27
2795,0.0829,27
2796,0.0829,27
2797,0.0829,27
2798,0.0829,27
2799,0.0829,27
2800,0.0829,27
2801,0.0829,27
2802,0.0829,27
2803,0.0829,27
2804,0.0829,27
2805,0.0829,27
2806,0.0829,27
2807,0.0829,27
2808,0.0829,27
2809,0.0829,27
2810,0.0829,27
2811,0.0829,27
2812,0.0829,27
2813,0.0829,27
2814,0.0829,27
2815,0.0829,27
2816,0.0829,27
2817,0.0829,27
2818,0.0829,27
2819,0.0829,27
2820,0.0829,27
2821,0.0829,27
2822,0.0829,27
2823,0.0829,27
2824,0.0829,27
2825,0.0829,27
2826,0.0829,27
2827,0.0829,27
2828,0.0829,27
2829,0.0829,27
2830,0.0829,27
2831,0.0829,27
2832,0.0829,27
2833,0.0829,27
2834,0.0829,27
2835,0.0829,27
2836,0.0829,27
2837,0.0829,27
2838,0.0829,27
2839,0.0829,27
2840,0.0829,27
2841,0.0829,27
2842,0.0829,27
2843,0.0829,27
2844,0.0829,27
2845,0.0829,27
2846,0.0829,27
2847,0.0829,27
2848,0.0829,27
2849,0.0829,27
2850,0.0829,27
2851,0.0829,27
2852,0.0829,27
2853,0.0829,27
2854,0.0829,27
2855,0.0829,27
2856,0.0829,27
2857,0.0829,27
2858,0.0829,27
2859,0.0829,27
2860,0.0829,27
2861,0.0829,27
2862,0.0829,27
2863,0.0829,27
2864,0.0829,27
2865,0.0829,27
2866,0.0829,27
2867,0.0829,27
2868,0.0829,27
2869,0.0829,27
2870,0.0829,27
2871,0.0829,27
2872,0.0829,27
2873,0.0829,27
2874,0.0829,27
2875,0.0829,27
2876,0.0829,27
2877,0.0829,27
2878,0.0829,27
2879,0.0829,27
2880,0.0829,27
2881,0.0829,27
2882,0.0829,27
2883,0.0829,27
2884,0.0829,27
2885,0.0829,27
2886,0.0829,27
2887,0.0829,27
2888,0.0829,27
2889,0.0829,27
2890,0.0829,27
2891,0.0829,27
2892,0.0829,27
2893,0.0829,27
2894,0.0829,27
2895,0.0829,27
2896,0.0829,27
2897,0.0829,27
2898,0.0829,27
2899,0.0829,27
2900,0.0829,27
2901,0.0829,27
2902,0.0829,27
2903,0.0829,27
2904,0.0829,27
2905,0.0829,27
2906,0.0829,27
2907,0.0829,27
2908,0.0829,27
2909,0.0829,27
2910,0.0829,27
2911,0.0829,27
2912,0.0829,27
2913,0.0829,27
2914,0.0829,27
2915,0.0829,27
2916,0.0829,27
2917,0.0829,27
2918,0.0829,27
2919,0.0829,27
2920,0.0829,27
2921,0.0829,27
2922,0.0829,27
2923,0.0829,27
2924,0.0829,27
2925,0.0829,27
2926,0.0829,27
2927,0.0829,27
2928,0.0829,27
2929,0.0829,27
2930,0.0829,27
2931,0.0829,27
2932,0.0829,27
2933,0.0829,27
2934,0.0829,27
2935,0.0829,27
2936,0.0829,27
2937,0.0829,27
2938,0.0829,27
2939,0.0829,27
2940,0.0829,27
2941,0.0829,27
2942,0.0829,27
2943,0.0829,27
2944,0.0829,27
2945,0.0829,27
2946,0.0829,27
2947,0.0829,27
2948,0.0829,27
2949,0.0829,27
2950,0.0829,27
2951,0.0829,27
2952,0.0829,27
2953,0.0829,27
2954,0.0829,27
2955,0.0829,27
2956,0.0829,27
2957,0.0829,27
2958,0.0829,27
2959,0.0829,27
2960,0.0829,27
2961,0.0829,27
2962,0.0829,27
2963,0.0829,27
2964,0.0829,27
2965,0.0829,27
2966,0.0829,27
2967,0.0829,27
2968,0.0829,27
2969,0.0829,27
2970,0.0829,27
2971,0.0829,27
2972,0.0829,27
2973,0.0829,27
2974,0.0829,27
2975,0.0829,27
2976,0.0829,27
2977,0.0829,27
2978,0.0829,27
2979,0.0829,27
2980,0.0829,27
2981,0.0829,27
2982,0.0829,27
2983,0.0829,27
2984,0.0829,27
2985,0.0829,27
2986,0.0829,27
2987,0.0829,27
2988,0.0829,27
2989,0.0829,27
2990,0.0829,27
2991,0.0829,27
2992,0.0829,27
2993,0.0829,27
2994,0.0829,27
2995,0.0829,27
2996,0.0829,27
2997,0.0829,27
2998,0.0829,27
2999,0.0829,27
3000,0.0829,27
1,0.2104,27
2,0.2104,27
3,0.2104,27
4,0.2104,27
5,0.2104,27
6,0.2104,27
7,0.2104,27
8,0.2104,27
9,0.2104,27
10,0.2104,27
11,0.2104,27
12,0.2104,27
13,0.2104,27
14,0.2104,27
15,0.2104,27
16,0.2104,27
17,0.2104,27
18,0.2104,27
19,0.2104,27
20,0.2104,27
21,0.2104,27
22,0.2104,27
23,0.2104,27
24,0.2104,27
25,0.2104,27
26,0.2104,27
27,0.2104,27
28,0.2104,27
29,0.2104,27
30,0.2104,27
31,0.2104,27
32,0.2104,27
33,0.2104,27
34,0.2104,27
35,0.2104,27
36,0.2104,27
37,0.2104,27
38,0.2104,27
39,0.2104,27
40,0.2104,27
41,0.2104,27
42,0.2104,27
43,0.2104,27
44,0.2104,27
45,0.2104,27
46,0.2104,27
47,0.2104,27
48,0.2104,27
49,0.2104,27
50,0.2104,27
51,0.2104,27
52,0.2104,27
53,0.2104,27
54,0.2104,27
55,0.2104,27
56,0.2104,27
57,0.2104,27
58,0.2104,27
59,0.2104,27
60,0.2104,27
61,0.2104,27
62,0.2104,27
63,0.2104,27
64,0.2104,27
65,0.2104,27
66,0.2104,27
67,0.2104,27
68,0.2104,27
69,0.2104,27
70,0.2104,27
71,0.2104,27
72,0.2104,27
73,0.2104,27
74,0.2104,27
75,0.2104,27
76,0.2104,27
77,0.2104,27
78,0.2104,27
79,0.2104,27
80,0.2104,27
81,0.2104,27
82,0.2104,27
83,0.2104,27
84,0.2104,27
85,0.2104,27
86,0.2104,27
87,0.2104,27
88,0.2104,27
89,0.2104,27
90,0.2104,27
91,0.2104,27
92,0.2104,27
93,0.2104,27
94,0.2104,27
95,0.2104,27
96,0.2104,27
97,0.2104,27
98,0.2104,27
99,0.2104,27
100,0.2104,27
101,0.2104,27
102,0.2104,27
103,0.2104,27
104,0.2104,27
105,0.2104,27
106,0.2104,27
107,0.2104,27
108,0.2104,27
109,0.2104,27
110,0.2104,27
111,0.2104,27
112,0.2104,27
113,0.2104,27
114,0.2104,27
115,0.2104,27
116,0.2104,27
117,0.2104,27
118,0.2104,27
119,0.2104,27
120,0.2104,27
121,0.2104,27
122,0.2104,27
123,0.2104,27
124,0.2104,27
125,0.2104,27
126,0.2104,27
127,0.2104,27
128,0.2104,27
129,0.2104,27
130,0.2104,27
131,0.2104,27
132,0.2104,27
133,0.2104,27
134,0.2104,27
135,0.2104,27
136,0.2104,27
137,0.2104,27
138,0.2104,27
139,0.2104,27
140,0.2104,27
141,0.2104,27
142,0.2104,27
143,0.2104,27
144,0.2104,27
145,0.2104,27
146,0.2104,27
147,0.2104,27
148,0.2104,27
149,0.2104,27
150,0.2104,27
151,0.2104,27
152,0.2104,27
153,0.2104,27
154,0.2104,27
155,0.2104,27
156,0.2104,27
157,0.2104,27
158,0.2104,27
159,0.2104,27
160,0.2104,27
161,0.2104,27
162,0.2104,27
163,0.2104,27
164,0.2104,27
165,0.2104,27
166,0.2104,27
167,0.2104,27
168,0.2104,27
169,0.2104,27
170,0.2104,27
171,0.2104,27
172,0.2104,27
173,0.2104,27
174,0.2104,27
175,0.2104,27
176,0.2104,27
177,0.2104,27
178,0.2104,27
179,0.2104,27
180,0.2104,27
181,0.2104,27
182,0.2104,27
183,0.2104,27
184,0.2104,27
185,0.2104,27
186,0.2104,27
187,0.2104,27
188,0.2104,27
189,0.2104,27
190,0.2104,27
191,0.2104,27
192,0.2104,27
193,0.2104,27
194,0.2104,27
195,0.2104,27
196,0.2104,27
197,0.2104,27
198,0.2104,27
199,0.2104,27
200,0.2104,27
201,0.2104,27
202,0.2104,27
203,0.2104,27
204,0.2104,27
205,0.2104,27
206,0.2104,27
207,0.2104,27
208,0.2104,27
209,0.2104,27
210,0.2104,27
211,0.2104,27
212,0.2104,27
213,0.2104,27
214,0.2104,27
215,0.2104,27
216,0.2104,27
217,0.2104,27
218,0.2104,27
219,0.2104,27
220,0.2104,27
221,0.2104,27
222,0.2104,27
223,0.2104,27
224,0.2104,27
225,0.2104,27
226,0.2104,27
227,0.2104,27
228,0.2104,27
229,0.2104,27
230,0.2104,27
231,0.2104,27
232,0.2104,27
233,0.2104,27
234,0.2104,27
235,0.2104,27
236,0.2104,27
237,0.2104,27
238,0.2104,27
239,0.2104,27
240,0.2104,27
241,0.2104,27
242,0.2104,27
243,0.2104,27
244,0.2104,27
245,0.2104,27
246,0.2104,27
247,0.2104,27
248,0.2104,27
249,0.2104,27
250,0.2104,27
251,0.2104,27
252,0.2104,27
253,0.2104,27
254,0.2104,27
255,0.2104,27
256,0.2104,27
257,0.2104,27
258,0.2104,27
259,0.2104,27
260,0.2104,27
261,0.2104,27
262,0.2104,27
263,0.2104,27
264,0.2104,27
265,0.2104,27
266,0.2104,27
267,0.2104,27
268,0.2104,27
269,0.2104,27
270,0.2104,27
271,0.2104,27
272,0.2104,27
273,0.2104,27
274,0.2104,27
275,0.2104,27
276,0.2104,27
277,0.2104,27
278,0.2104,27
279,0.2104,27
280,0.2104,27
281,0.2104,27
282,0.2104,27
283,0.2104,27
284,0.2104,27
285,0.2104,27
286,0.2104,27
287,0.2104,27
288,0.2104,27
289,0.2104,27
290,0.2104,27
291,0.2104,27
292,0.2104,27
293,0.2104,27
294,0.2104,27
295,0.2104,27
296,0.2104,27
297,0.2104,27
298,0.2104,27
299,0.2104,27
300,0.2104,27
301,0.2104,27
302,0.2104,27
303,0.2104,27
304,0.2104,27
305,0.2104,27
306,0.2104,27
307,0.2104,27
308,0.2104,27
309,0.2104,27
310,0.2104,27
311,0.2104,27
312,0.2104,27
313,0.2104,27
314,0.2104,27
315,0.2104,27
316,0.2104,27
317,0.2104,27
318,0.2104,27
319,0.2104,27
320,0.2104,27
321,0.2104,27
322,0.2104,27
323,0.2104,27
324,0.2104,27
325,0.2104,27
326,0.2104,27
327,0.2104,27
328,0.2104,27
329,0.2104,27
330,0.2104,27
331,0.2104,27
332,0.2104,27
333,0.2104,27
334,0.2104,27
335,0.2104,27
336,0.2104,27
337,0.2104,27
338,0.2104,27
339,0.2104,27
340,0.2104,27
341,0.2104,27
342,0.2104,27
343,0.2104,27
344,0.2104,27
345,0.2104,27
346,0.2104,27
347,0.2104,27
348,0.2104,27
349,0.2104,27
350,0.2104,27
351,0.2104,27
352,0.2104,27
353,0.2104,27
354,0.2104,27
355,0.2104,27
356,0.2104,27
357,0.2104,27
358,0.2104,27
359,0.2104,27
360,0.2104,27
361,0.2104,27
362,0.2104,27
363,0.2104,27
364,0.2104,27
365,0.2104,27
366,0.2104,27
367,0.2104,27
368,0.2104,27
369,0.2104,27
370,0.2104,27
371,0.2104,27
372,0.2104,27
373,0.2104,27
374,0.2104,27
375,0.2104,27
376,0.2104,27
377,0.2104,27
378,0.2104,27
379,0.2104,27
380,0.2104,27
381,0.2104,27
382,0.2104,27
383,0.2104,27
384,0.2104,27
385,0.2104,27
386,0.2104,27
387,0.2104,27
388,0.2104,27
389,0.2104,27
390,0.2104,27
391,0.2104,27
392,0.2104,27
393,0.2104,27
394,0.2104,27
395,0.2104,27
396,0.2104,27
397,0.2104,27
398,0.2104,27
399,0.2104,27
400,0.2104,27
401,0.2104,27
402,0.2104,27
403,0.2104,27
404,0.2104,27
405,0.2104,27
406,0.2104,27
407,0.2104,27
408,0.2104,27
409,0.2104,27
410,0.2104,27
411,0.2104,27
412,0.2104,27
413,0.2104,27
414,0.2104,27
415,0.2104,27
416,0.2104,27
417,0.2104,27
418,0.2104,27
419,0.2104,27
420,0.2104,27
421,0.2104,27
422,0.2104,27
423,0.2104,27
424,0.2104,27
425,0.2104,27
426,0.2104,27
427,0.2104,27
428,0.2104,27
429,0.2104,27
430,0.2104,27
431,0.2104,27
432,0.2104,27
433,0.2104,27
434,0.2104,27
435,0.2104,27
436,0.2104,27
437,0.2104,27
438,0.2104,27
439,0.2104,27
440,0.2104,27
441,0.2104,27
442,0.2104,27
443,0.2104,27
444,0.2104,27
445,0.2104,27
446,0.2104,27
447,0.2104,27
448,0.2104,27
449,0.2104,27
450,0.2104,27
451,0.2104,27
452,0.2104,27
453,0.2104,27
454,0.2104,27
455,0.2104,27
456,0.2104,27
457,0.2104,27
458,0.2104,27
459,0.2104,27
460,0.2104,27
461,0.2104,27
462,0.2104,27
463,0.2104,27
464,0.2104,27
465,0.2104,27
466,0.2104,27
467,0.2104,27
468,0.2104,27
469,0.2104,27
470,0.2104,27
471,0.2104,27
472,0.2104,27
473,0.2104,27
474,0.2104,27
475,0.2104,27
476,0.2104,27
477,0.2104,27
478,0.2104,27
479,0.2104,27
480,0.2104,27
481,0.2104,27
482,0.2104,27
483,0.2104,27
484,0.2104,27
485,0.2104,27
486,0.2104,27
487,0.2104,27
488,0.2104,27
489,0.2104,27
490,0.2104,27
491,0.2104,27
492,0.2104,27
493,0.2104,27
494,0.2104,27
495,0.2104,27
496,0.2104,27
497,0.2104,27
498,0.2104,27
499,0.2104,27
500,0.2104,27
501,0.2104,27
502,0.2104,27
503,0.2104,27
504,0.2104,27
505,0.2104,27
506,0.2104,27
507,0.2104,27
508,0.2104,27
509,0.2104,27
510,0.2104,27
511,0.2104,27
512,0.2104,27
513,0.2104,27
514,0.2104,27
515,0.2104,27
516,0.2104,27
517,0.2104,27
518,0.2104,27
519,0.2104,27
520,0.2104,27
521,0.2104,27
522,0.2104,27
523,0.2104,27
524,0.2104,27
525,0.2104,27
526,0.2104,27
527,0.2104,27
528,0.2104,27
529,0.2104,27
530,0.2104,27
531,0.2104,27
532,0.2104,27
533,0.2104,27
534,0.2104,27
535,0.2104,27
536,0.2104,27
537,0.2104,27
538,0.2104,27
539,0.2104,27
540,0.2104,27
541,0.2104,27
542,0.2104,27
543,0.2104,27
544,0.2104,27
545,0.2104,27
546,0.2104,27
547,0.2104,27
548,0.2104,27
549,0.2104,27
550,0.2104,27
551,0.2104,27
552,0.2104,27
553,0.2104,27
554,0.2104,27
555,0.2104,27
556,0.2104,27
557,0.2104,27
558,0.2104,27
559,0.2104,27
560,0.2104,27
561,0.2104,27
562,0.2104,27
563,0.2104,27
564,0.2104,27
565,0.2104,27
566,0.2104,27
567,0.2104,27
568,0.2104,27
569,0.2104,27
570,0.2104,27
571,0.2104,27
572,0.2104,27
573,0.2104,27
574,0.2104,27
575,0.2104,27
576,0.2104,27
577,0.2104,27
578,0.2104,27
579,0.2104,27
580,0.2104,27
581,0.2104,27
582,0.2104,27
583,0.2104,27
584,0.2104,27
585,0.2104,27
586,0.2104,27
587,0.2104,27
588,0.2104,27
589,0.2104,27
590,0.2104,27
591,0.2104,27
592,0.2104,27
593,0.2104,27
594,0.2104,27
595,0.2104,27
596,0.2104,27
597,0.2104,27
598,0.2104,27
599,0.2104,27
600,0.2104,27
601,0.2104,27
602,0.2104,27
603,0.2104,27
604,0.2104,27
605,0.2104,27
606,0.2104,27
607,0.2104,27
608,0.2104,27
609,0.2104,27
610,0.2104,27
611,0.2104,27
612,0.2104,27
613,0.2104,27
614,0.2104,27
615,0.2104,27
616,0.2104,27
617,0.2104,27
618,0.2104,27
619,0.2104,27
620,0.2104,27
621,0.2104,27
622,0.2104,27
623,0.2104,27
624,0.2104,27
625,0.2104,27
626,0.2104,27
627,0.2104,27
628,0.2104,27
629,0.2104,27
630,0.2104,27
631,0.2104,27
632,0.2104,27
633,0.2104,27
634,0.2104,27
635,0.2104,27
636,0.2104,27
637,0.2104,27
638,0.2104,27
639,0.2104,27
640,0.2104,27
641,0.2104,27
642,0.2104,27
643,0.2104,27
644,0.2104,27
645,0.2104,27
646,0.2104,27
647,0.2104,27
648,0.2104,27
649,0.2104,27
650,0.2104,27
651,0.2104,27
652,0.2104,27
653,0.2104,27
654,0.2104,27
655,0.2104,27
656,0.2104,27
657,0.2104,27
658,0.2104,27
659,0.2104,27
660,0.2104,27
661,0.2104,27
662,0.2104,27
663,0.2104,27
664,0.2104,27
665,0.2104,27
666,0.2104,27
667,0.2104,27
668,0.2104,27
669,0.2104,27
670,0.2104,27
671,0.2104,27
672,0.2104,27
673,0.2104,27
674,0.2104,27
675,0.2104,27
676,0.2104,27
677,0.2104,27
678,0.2104,27
679,0.2104,27
680,0.2104,27
681,0.2104,27
682,0.2104,27
683,0.2104,27
684,0.2104,27
685,0.2104,27
686,0.2104,27
687,0.2104,27
688,0.2104,27
689,0.2104,27
690,0.2104,27
691,0.2104,27
692,0.2104,27
693,0.2104,27
694,0.2104,27
695,0.2104,27
696,0.2104,27
697,0.2104,27
698,0.2104,27
699,0.2104,27
700,0.2104,27
701,0.2104,27
702,0.2104,27
703,0.2104,27
704,0.2104,27
705,0.2104,27
706,0.2104,27
707,0.2104,27
708,0.2104,27
709,0.2104,27
710,0.2104,27
711,0.2104,27
712,0.2104,27
713,0.2104,27
714,0.2104,27
715,0.2104,27
716,0.2104,27
717,0.2104,27
718,0.2104,27
719,0.2104,27
720,0.2104,27
721,0.2104,27
722,0.2104,27
723,0.2104,27
724,0.2104,27
725,0.2104,27
726,0.2104,27
727,0.2104,27
728,0.2104,27
729,0.2104,27
730,0.2104,27
731,0.2104,27
732,0.2104,27
733,0.2104,27
734,0.2104,27
735,0.2104,27
736,0.2104,27
737,0.2104,27
738,0.2104,27
739,0.2104,27
740,0.2104,27
741,0.2104,27
742,0.2104,27
743,0.2104,27
744,0.2104,27
745,0.2104,27
746,0.2104,27
747,0.2104,27
748,0.2104,27
749,0.2104,27
750,0.2104,27
751,0.2104,27
752,0.2104,27
753,0.2104,27
754,0.2104,27
755,0.2104,27
756,0.2104,27
757,0.2104,27
758,0.2104,27
759,0.2104,27
760,0.2104,27
761,0.2104,27
762,0.2104,27
763,0.2104,27
764,0.2104,27
765,0.2104,27
766,0.2104,27
767,0.2104,27
768,0.2104,27
769,0.2104,27
770,0.2104,27
771,0.2104,27
772,0.2104,27
773,0.2104,27
774,0.2104,27
775,0.2104,27
776,0.2104,27
777,0.2104,27
778,0.2104,27
779,0.2104,27
780,0.2104,27
781,0.2104,27
782,0.2104,27
783,0.2104,27
784,0.2104,27
785,0.2104,27
786,0.2104,27
787,0.2104,27
788,0.2104,27
789,0.2104,27
790,0.2104,27
791,0.2104,27
792,0.2104,27
793,0.2104,27
794,0.2104,27
795,0.2104,27
796,0.2104,27
797,0.2104,27
798,0.2104,27
799,0.2104,27
800,0.2104,27
801,0.2104,27
802,0.2104,27
803,0.2104,27
804,0.2104,27
805,0.2104,27
806,0.2104,27
807,0.2104,27
808,0.2104,27
809,0.2104,27
810,0.2104,27
811,0.2104,27
812,0.2104,27
813,0.2104,27
814,0.2104,27
815,0.2104,27
816,0.2104,27
817,0.2104,27
818,0.2104,27
819,0.2104,27
820,0.2104,27
821,0.2104,27
822,0.2104,27
823,0.2104,27
824,0.2104,27
825,0.2104,27
826,0.2104,27
827,0.2104,27
828,0.2104,27
829,0.2104,27
830,0.2104,27
831,0.2104,27
832,0.2104,27
833,0.2104,27
834,0.2104,27
835,0.2104,27
836,0.2104,27
837,0.2104,27
838,0.2104,27
839,0.2104,27
840,0.2104,27
841,0.2104,27
842,0.2104,27
843,0.2104,27
844,0.2104,27
845,0.2104,27
846,0.2104,27
847,0.2104,27
848,0.2104,27
849,0.2104,27
850,0.2104,27
851,0.2104,27
852,0.2104,27
853,0.2104,27
854,0.2104,27
855,0.2104,27
856,0.2104,27
857,0.2104,27
858,0.2104,27
859,0.2104,27
860,0.2104,27
861,0.2104,27
862,0.2104,27
863,0.2104,27
864,0.2104,27
865,0.2104,27
866,0.2104,27
867,0.2104,27
868,0.2104,27
869,0.2104,27
870,0.2104,27
871,0.2104,27
872,0.2104,27
873,0.2104,27
874,0.2104,27
875,0.2104,27
876,0.2104,27
877,0.2104,27
878,0.2104,27
879,0.2104,27
880,0.2104,27
881,0.2104,27
882,0.2104,27
883,0.2104,27
884,0.2104,27
885,0.2104,27
886,0.2104,27
887,0.2104,27
888,0.2104,27
889,0.2104,27
890,0.2104,27
891,0.2104,27
892,0.2104,27
893,0.2104,27
894,0.2104,27
895,0.2104,27
896,0.2104,27
897,0.2104,27
898,0.2104,27
899,0.2104,27
900,0.2104,27
901,0.2104,27
902,0.2104,27
903,0.2104,27
904,0.2104,27
905,0.2104,27
906,0.2104,27
907,0.2104,27
908,0.2104,27
909,0.2104,27
910,0.2104,27
911,0.2104,27
912,0.2104,27
913,0.2104,27
914,0.2104,27
915,0.2104,27
916,0.2104,27
917,0.2104,27
918,0.2104,27
919,0.2104,27
920,0.2104,27
921,0.2104,27
922,0.2104,27
923,0.2104,27
924,0.2104,27
925,0.2104,27
926,0.2104,27
927,0.2104,27
928,0.2104,27
929,0.2104,27
930,0.2104,27
931,0.2104,27
932,0.2104,27
933,0.2104,27
934,0.2104,27
935,0.2104,27
936,0.2104,27
937,0.2104,27
938,0.2104,27
939,0.2104,27
940,0.2104,27
941,0.2104,27
942,0.2104,27
943,0.2104,27
944,0.2104,27
945,0.2104,27
946,0.2104,27
947,0.2104,27
948,0.2104,27
949,0.2104,27
950,0.2104,27
951,0.2104,27
952,0.2104,27
953,0.2104,27
954,0.2104,27
955,0.2104,27
956,0.2104,27
957,0.2104,27
958,0.2104,27
959,0.2104,27
960,0.2104,27
961,0.2104,27
962,0.2104,27
963,0.2104,27
964,0.2104,27
965,0.2104,27
966,0.2104,27
967,0.2104,27
968,0.2104,27
969,0.2104,27
970,0.2104,27
971,0.2104,27
972,0.2104,27
973,0.2104,27
974,0.2104,27
975,0.2104,27
976,0.2104,27
977,0.2104,27
978,0.2104,27
979,0.2104,27
980,0.2104,27
981,0.2104,27
982,0.2104,27
983,0.2104,27
984,0.2104,27
985,0.2104,27
986,0.2104,27
987,0.2104,27
988,0.2104,27
989,0.2104,27
990,0.2104,27
991,0.2104,27
992,0.2104,27
993,0.2104,27
994,0.2104,27
995,0.2104,27
996,0.2104,27
997,0.2104,27
998,0.2104,27
999,0.2104,27
1000,0.2104,27
1001,0.2104,27
1002,0.2104,27
1003,0.2104,27
1004,0.2104,27
1005,0.2104,27
1006,0.2104,27
1007,0.2104,27
1008,0.2104,27
1009,0.2104,27
1010,0.2104,27
1011,0.2104,27
1012,0.2104,27
1013,0.2104,27
1014,0.2104,27
1015,0.2104,27
1016,0.2104,27
1017,0.2104,27
1018,0.2104,27
1019,0.2104,27
1020,0.2104,27
1021,0.2104,27
1022,0.2104,27
1023,0.2104,27
1024,0.2104,27
1025,0.2104,27
1026,0.2104,27
1027,0.2104,27
1028,0.2104,27
1029,0.2104,27
1030,0.2104,27
1031,0.2104,27
1032,0.2104,27
1033,0.2104,27
1034,0.2104,27
1035,0.2104,27
1036,0.2104,27
1037,0.2104,27
1038,0.2104,27
1039,0.2104,27
1040,0.2104,27
1041,0.2104,27
1042,0.2104,27
1043,0.2104,27
1044,0.2104,27
1045,0.2104,27
1046,0.2104,27
1047,0.2104,27
1048,0.2104,27
1049,0.2104,27
1050,0.2104,27
1051,0.2104,27
1052,0.2104,27
1053,0.2104,27
1054,0.2104,27
1055,0.2104,27
1056,0.2104,27
1057,0.2104,27
1058,0.2104,27
1059,0.2104,27
1060,0.2104,27
1061,0.2104,27
1062,0.2104,27
1063,0.2104,27
1064,0.2104,27
1065,0.2104,27
1066,0.2104,27
1067,0.2104,27
1068,0.2104,27
1069,0.2104,27
1070,0.2104,27
1071,0.2104,27
1072,0.2104,27
1073,0.2104,27
1074,0.2104,27
1075,0.2104,27
1076,0.2104,27
1077,0.2104,27
1078,0.2104,27
1079,0.2104,27
1080,0.2104,27
1081,0.2104,27
1082,0.2104,27
1083,0.2104,27
1084,0.2104,27
1085,0.2104,27
1086,0.2104,27
1087,0.2104,27
1088,0.2104,27
1089,0.2104,27
1090,0.2104,27
1091,0.2104,27
1092,0.2104,27
1093,0.2104,27
1094,0.2104,27
1095,0.2104,27
1096,0.2104,27
1097,0.2104,27
1098,0.2104,27
1099,0.2104,27
1100,0.2104,27
1101,0.2104,27
1102,0.2104,27
1103,0.2104,27
1104,0.2104,27
1105,0.2104,27
1106,0.2104,27
1107,0.2104,27
1108,0.2104,27
1109,0.2104,27
1110,0.2104,27
1111,0.2104,27
1112,0.2104,27
1113,0.2104,27
1114,0.2104,27
1115,0.2104,27
1116,0.2104,27
1117,0.2104,27
1118,0.2104,27
1119,0.2104,27
1120,0.2104,27
1121,0.2104,27
1122,0.2104,27
1123,0.2104,27
1124,0.2104,27
1125,0.2104,27
1126,0.2104,27
1127,0.2104,27
1128,0.2104,27
1129,0.2104,27
1130,0.2104,27
1131,0.2104,27
1132,0.2104,27
1133,0.2104,27
1134,0.2104,27
1135,0.2104,27
1136,0.2104,27
1137,0.2104,27
1138,0.2104,27
1139,0.2104,27
1140,0.2104,27
1141,0.2104,27
1142,0.2104,27
1143,0.2104,27
1144,0.2104,27
1145,0.2104,27
1146,0.2104,27
1147,0.2104,27
1148,0.2104,27
1149,0.2104,27
1150,0.2104,27
1151,0.2104,27
1152,0.2104,27
1153,0.2104,27
1154,0.2104,27
1155,0.2104,27
1156,0.2104,27
1157,0.2104,27
1158,0.2104,27
1159,0.2104,27
1160,0.2104,27
1161,0.2104,27
1162,0.2104,27
1163,0.2104,27
1164,0.2104,27
1165,0.2104,27
1166,0.2104,27
1167,0.2104,27
1168,0.2104,27
1169,0.2104,27
1170,0.2104,27
1171,0.2104,27
1172,0.2104,27
1173,0.2104,27
1174,0.2104,27
1175,0.2104,27
1176,0.2104,27
1177,0.2104,27
1178,0.2104,27
1179,0.2104,27
1180,0.2104,27
1181,0.2104,27
1182,0.2104,27
1183,0.2104,27
1184,0.2104,27
1185,0.2104,27
1186,0.2104,27
1187,0.2104,27
1188,0.2104,27
1189,0.2104,27
1190,0.2104,27
1191,0.2104,27
1192,0.2104,27
1193,0.2104,27
1194,0.2104,27
1195,0.2104,27
1196,0.2104,27
1197,0.2104,27
1198,0.2104,27
1199,0.2104,27
1200,0.2104,27
1201,0.2104,27
1202,0.2104,27
1203,0.2104,27
1204,0.2104,27
1205,0.2104,27
1206,0.2104,27
1207,0.2104,27
1208,0.2104,27
1209,0.2104,27
1210,0.2104,27
1211,0.2104,27
1212,0.2104,27
1213,0.2104,27
1214,0.2104,27
1215,0.2104,27
1216,0.2104,27
1217,0.2104,27
1218,0.2104,27
1219,0.2104,27
1220,0.2104,27
1221,0.2104,27
1222,0.2104,27
1223,0.2104,27
1224,0.2104,27
1225,0.2104,27
1226,0.2104,27
1227,0.2104,27
1228,0.2104,27
1229,0.2104,27
1230,0.2104,27
1231,0.2104,27
1232,0.2104,27
1233,0.2104,27
1234,0.2104,27
1235,0.2104,27
1236,0.2104,27
1237,0.2104,27
1238,0.2104,27
1239,0.2104,27
1240,0.2104,27
1241,0.2104,27
1242,0.2104,27
1243,0.2104,27
1244,0.2104,27
1245,0.2104,27
1246,0.2104,27
1247,0.2104,27
1248,0.2104,27
1249,0.2104,27
1250,0.2104,27
1251,0.2104,27
1252,0.2104,27
1253,0.2104,27
1254,0.2104,27
1255,0.2104,27
1256,0.2104,27
1257,0.2104,27
1258,0.2104,27
1259,0.2104,27
1260,0.2104,27
1261,0.2104,27
1262,0.2104,27
1263,0.2104,27
1264,0.2104,27
1265,0.2104,27
1266,0.2104,27
1267,0.2104,27
1268,0.2104,27
1269,0.2104,27
1270,0.2104,27
1271,0.2104,27
1272,0.2104,27
1273,0.2104,27
1274,0.2104,27
1275,0.2104,27
1276,0.2104,27
1277,0.2104,27
1278,0.2104,27
1279,0.2104,27
1280,0.2104,27
1281,0.2104,27
1282,0.2104,27
1283,0.2104,27
1284,0.2104,27
1285,0.2104,27
1286,0.2104,27
1287,0.2104,27
1288,0.2104,27
1289,0.2104,27
1290,0.2104,27
1291,0.2104,27
1292,0.2104,27
1293,0.2104,27
1294,0.2104,27
1295,0.2104,27
1296,0.2104,27
1297,0.2104,27
1298,0.2104,27
1299,0.2104,27
1300,0.2104,27
1301,0.2104,27
1302,0.2104,27
1303,0.2104,27
1304,0.2104,27
1305,0.2104,27
1306,0.2104,27
1307,0.2104,27
1308,0.2104,27
1309,0.2104,27
1310,0.2104,27
1311,0.2104,27
1312,0.2104,27
1313,0.2104,27
1314,0.2104,27
1315,0.2104,27
1316,0.2104,27
1317,0.2104,27
1318,0.2104,27
1319,0.2104,27
1320,0.2104,27
1321,0.2104,27
1322,0.2104,27
1323,0.2104,27
1324,0.2104,27
1325,0.2104,27
1326,0.2104,27
1327,0.2104,27
1328,0.2104,27
1329,0.2104,27
1330,0.2104,27
1331,0.2104,27
1332,0.2104,27
1333,0.2104,27
1334,0.2104,27
1335,0.2104,27
1336,0.2104,27
1337,0.2104,27
1338,0.2104,27
1339,0.2104,27
1340,0.2104,27
1341,0.2104,27
1342,0.2104,27
1343,0.2104,27
1344,0.2104,27
1345,0.2104,27
1346,0.2104,27
1347,0.2104,27
1348,0.2104,27
1349,0.2104,27
1350,0.2104,27
1351,0.2104,27
1352,0.2104,27
1353,0.2104,27
1354,0.2104,27
1355,0.2104,27
1356,0.2104,27
1357,0.2104,27
1358,0.2104,27
1359,0.2104,27
1360,0.2104,27
1361,0.2104,27
1362,0.2104,27
1363,0.2104,27
1364,0.2104,27
1365,0.2104,27
1366,0.2104,27
1367,0.2104,27
1368,0.2104,27
1369,0.2104,27
1370,0.2104,27
1371,0.2104,27
1372,0.2104,27
1373,0.2104,27
1374,0.2104,27
1375,0.2104,27
1376,0.2104,27
1377,0.2104,27
1378,0.2104,27
1379,0.2104,27
1380,0.2104,27
1381,0.2104,27
1382,0.2104,27
1383,0.2104,27
1384,0.2104,27
1385,0.2104,27
1386,0.2104,27
1387,0.2104,27
1388,0.2104,27
1389,0.2104,27
1390,0.2104,27
1391,0.2104,27
1392,0.2104,27
1393,0.2104,27
1394,0.2104,27
1395,0.2104,27
1396,0.2104,27
1397,0.2104,27
1398,0.2104,27
1399,0.2104,27
1400,0.2104,27
1401,0.2104,27
1402,0.2104,27
1403,0.2104,27
1404,0.2104,27
1405,0.2104,27
1406,0.2104,27
1407,0.2104,27
1408,0.2104,27
1409,0.2104,27
1410,0.2104,27
1411,0.2104,27
1412,0.2104,27
1413,0.2104,27
1414,0.2104,27
1415,0.2104,27
1416,0.2104,27
1417,0.2104,27
1418,0.2104,27
1419,0.2104,27
1420,0.2104,27
1421,0.2104,27
1422,0.2104,27
1423,0.2104,27
1424,0.2104,27
1425,0.2104,27
1426,0.2104,27
1427,0.2104,27
1428,0.2104,27
1429,0.2104,27
1430,0.2104,27
1431,0.2104,27
1432,0.2104,27
1433,0.2104,27
1434,0.2104,27
1435,0.2104,27
1436,0.2104,27
1437,0.2104,27
1438,0.2104,27
1439,0.2104,27
1440,0.2104,27
1441,0.2104,27
1442,0.2104,27
1443,0.2104,27
1444,0.2104,27
1445,0.2104,27
1446,0.2104,27
1447,0.2104,27
1448,0.2104,27
1449,0.2104,27
1450,0.2104,27
1451,0.2104,27
1452,0.2104,27
1453,0.2104,27
1454,0.2104,27
1455,0.2104,27
1456,0.2104,27
1457,0.2104,27
1458,0.2104,27
1459,0.2104,27
1460,0.2104,27
1461,0.2104,27
1462,0.2104,27
1463,0.2104,27
1464,0.2104,27
1465,0.2104,27
1466,0.2104,27
1467,0.2104,27
1468,0.2104,27
1469,0.2104,27
1470,0.2104,27
1471,0.2104,27
1472,0.2104,27
1473,0.2104,27
1474,0.2104,27
1475,0.2104,27
1476,0.2104,27
1477,0.2104,27
1478,0.2104,27
1479,0.2104,27
1480,0.2104,27
1481,0.2104,27
1482,0.2104,27
1483,0.2104,27
1484,0.2104,27
1485,0.2104,27
1486,0.2104,27
1487,0.2104,27
1488,0.2104,27
1489,0.2104,27
1490,0.2104,27
1491,0.2104,27
1492,0.2104,27
1493,0.2104,27
1494,0.2104,27
1495,0.2104,27
1496,0.2104,27
1497,0.2104,27
1498,0.2104,27
1499,0.2104,27
1500,0.2104,27
1501,0.2104,27
1502,0.2104,27
1503,0.2104,27
1504,0.2104,27
1505,0.2104,27
1506,0.2104,27
1507,0.2104,27
1508,0.2104,27
1509,0.2104,27
1510,0.2104,27
1511,0.2104,27
1512,0.2104,27
1513,0.2104,27
1514,0.2104,27
1515,0.2104,27
1516,0.2104,27
1517,0.2104,27
1518,0.2104,27
1519,0.2104,27
1520,0.2104,27
1521,0.2104,27
1522,0.2104,27
1523,0.2104,27
1524,0.2104,27
1525,0.2104,27
1526,0.2104,27
1527,0.2104,27
1528,0.2104,27
1529,0.2104,27
1530,0.2104,27
1531,0.2104,27
1532,0.2104,27
1533,0.2104,27
1534,0.2104,27
1535,0.2104,27
1536,0.2104,27
1537,0.2104,27
1538,0.2104,27
1539,0.2104,27
1540,0.2104,27
1541,0.2104,27
1542,0.2104,27
1543,0.2104,27
1544,0.2104,27
1545,0.2104,27
1546,0.2104,27
1547,0.2104,27
1548,0.2104,27
1549,0.2104,27
1550,0.2104,27
1551,0.2104,27
1552,0.2104,27
1553,0.2104,27
1554,0.2104,27
1555,0.2104,27
1556,0.2104,27
1557,0.2104,27
1558,0.2104,27
1559,0.2104,27
1560,0.2104,27
1561,0.2104,27
1562,0.2104,27
1563,0.2104,27
1564,0.2104,27
1565,0.2104,27
1566,0.2104,27
1567,0.2104,27
1568,0.2104,27
1569,0.2104,27
1570,0.2104,27
1571,0.2104,27
1572,0.2104,27
1573,0.2104,27
1574,0.2104,27
1575,0.2104,27
1576,0.2104,27
1577,0.2104,27
1578,0.2104,27
1579,0.2104,27
1580,0.2104,27
1581,0.2104,27
1582,0.2104,27
1583,0.2104,27
1584,0.2104,27
1585,0.2104,27
1586,0.2104,27
1587,0.2104,27
1588,0.2104,27
1589,0.2104,27
1590,0.2104,27
1591,0.2104,27
1592,0.2104,27
1593,0.2104,27
1594,0.2104,27
1595,0.2104,27
1596,0.2104,27
1597,0.2104,27
1598,0.2104,27
1599,0.2104,27
1600,0.2104,27
1601,0.2104,27
1602,0.2104,27
1603,0.2104,27
1604,0.2104,27
1605,0.2104,27
1606,0.2104,27
1607,0.2104,27
1608,0.2104,27
1609,0.2104,27
1610,0.2104,27
1611,0.2104,27
1612,0.2104,27
1613,0.2104,27
1614,0.2104,27
1615,0.2104,27
1616,0.2104,27
1617,0.2104,27
1618,0.2104,27
1619,0.2104,27
1620,0.2104,27
1621,0.2104,27
1622,0.2104,27
1623,0.2104,27
1624,0.2104,27
1625,0.2104,27
1626,0.2104,27
1627,0.2104,27
1628,0.2104,27
1629,0.2104,27
1630,0.2104,27
1631,0.2104,27
1632,0.2104,27
1633,0.2104,27
1634,0.2104,27
1635,0.2104,27
1636,0.2104,27
1637,0.2104,27
1638,0.2104,27
1639,0.2104,27
1640,0.2104,27
1641,0.2104,27
1642,0.2104,27
1643,0.2104,27
1644,0.2104,27
1645,0.2104,27
1646,0.2104,27
1647,0.2104,27
1648,0.2104,27
1649,0.2104,27
1650,0.2104,27
1651,0.2104,27
1652,0.2104,27
1653,0.2104,27
1654,0.2104,27
1655,0.2104,27
1656,0.2104,27
1657,0.2104,27
1658,0.2104,27
1659,0.2104,27
1660,0.2104,27
1661,0.2104,27
1662,0.2104,27
1663,0.2104,27
1664,0.2104,27
1665,0.2104,27
1666,0.2104,27
1667,0.2104,27
1668,0.2104,27
1669,0.2104,27
1670,0.2104,27
1671,0.2104,27
1672,0.2104,27
1673,0.2104,27
1674,0.2104,27
1675,0.2104,27
1676,0.2104,27
1677,0.2104,27
1678,0.2104,27
1679,0.2104,27
1680,0.2104,27
1681,0.2104,27
1682,0.2104,27
1683,0.2104,27
1684,0.2104,27
1685,0.2104,27
1686,0.2104,27
1687,0.2104,27
1688,0.2104,27
1689,0.2104,27
1690,0.2104,27
1691,0.2104,27
1692,0.2104,27
1693,0.2104,27
1694,0.2104,27
1695,0.2104,27
1696,0.2104,27
1697,0.2104,27
1698,0.2104,27
1699,0.2104,27
1700,0.2104,27
1701,0.2104,27
1702,0.2104,27
1703,0.2104,27
1704,0.2104,27
1705,0.2104,27
1706,0.2104,27
1707,0.2104,27
1708,0.2104,27
1709,0.2104,27
1710,0.2104,27
1711,0.2104,27
1712,0.2104,27
1713,0.2104,27
1714,0.2104,27
1715,0.2104,27
1716,0.2104,27
1717,0.2104,27
1718,0.2104,27
1719,0.2104,27
1720,0.2104,27
1721,0.2104,27
1722,0.2104,27
1723,0.2104,27
1724,0.2104,27
1725,0.2104,27
1726,0.2104,27
1727,0.2104,27
1728,0.2104,27
1729,0.2104,27
1730,0.2104,27
1731,0.2104,27
1732,0.2104,27
1733,0.2104,27
1734,0.2104,27
1735,0.2104,27
1736,0.2104,27
1737,0.2104,27
1738,0.2104,27
1739,0.2104,27
1740,0.2104,27
1741,0.2104,27
1742,0.2104,27
1743,0.2104,27
1744,0.2104,27
1745,0.2104,27
1746,0.2104,27
1747,0.2104,27
1748,0.2104,27
1749,0.2104,27
1750,0.2104,27
1751,0.2104,27
1752,0.2104,27
1753,0.2104,27
1754,0.2104,27
1755,0.2104,27
1756,0.2104,27
1757,0.2104,27
1758,0.2104,27
1759,0.2104,27
1760,0.2104,27
1761,0.2104,27
1762,0.2104,27
1763,0.2104,27
1764,0.2104,27
1765,0.2104,27
1766,0.2104,27
1767,0.2104,27
1768,0.2104,27
1769,0.2104,27
1770,0.2104,27
1771,0.2104,27
1772,0.2104,27
1773,0.2104,27
1774,0.2104,27
1775,0.2104,27
1776,0.2104,27
1777,0.2104,27
1778,0.2104,27
1779,0.2104,27
1780,0.2104,27
1781,0.2104,27
1782,0.2104,27
1783,0.2104,27
1784,0.2104,27
1785,0.2104,27
1786,0.2104,27
1787,0.2104,27
1788,0.2104,27
1789,0.2104,27
1790,0.2104,27
1791,0.2104,27
1792,0.2104,27
1793,0.2104,27
1794,0.2104,27
1795,0.2104,27
1796,0.2104,27
1797,0.2104,27
1798,0.2104,27
1799,0.2104,27
1800,0.2104,27
1801,0.2104,27
1802,0.2104,27
1803,0.2104,27
1804,0.2104,27
1805,0.2104,27
1806,0.2104,27
1807,0.2104,27
1808,0.2104,27
1809,0.2104,27
1810,0.2104,27
1811,0.2104,27
1812,0.2104,27
1813,0.2104,27
1814,0.2104,27
1815,0.2104,27
1816,0.2104,27
1817,0.2104,27
1818,0.2104,27
1819,0.2104,27
1820,0.2104,27
1821,0.2104,27
1822,0.2104,27
1823,0.2104,27
1824,0.2104,27
1825,0.2104,27
1826,0.2104,27
1827,0.2104,27
1828,0.2104,27
1829,0.2104,27
1830,0.2104,27
1831,0.2104,27
1832,0.2104,27
1833,0.2104,27
1834,0.2104,27
1835,0.2104,27
1836,0.2104,27
1837,0.2104,27
1838,0.2104,27
1839,0.2104,27
1840,0.2104,27
1841,0.2104,27
1842,0.2104,27
1843,0.2104,27
1844,0.2104,27
1845,0.2104,27
1846,0.2104,27
1847,0.2104,27
1848,0.2104,27
1849,0.2104,27
1850,0.2104,27
1851,0.2104,27
1852,0.2104,27
1853,0.2104,27
1854,0.2104,27
1855,0.2104,27
1856,0.2104,27
1857,0.2104,27
1858,0.2104,27
1859,0.2104,27
1860,0.2104,27
1861,0.2104,27
1862,0.2104,27
1863,0.2104,27
1864,0.2104,27
1865,0.2104,27
1866,0.2104,27
1867,0.2104,27
1868,0.2104,27
1869,0.2104,27
1870,0.2104,27
1871,0.2104,27
1872,0.2104,27
1873,0.2104,27
1874,0.2104,27
1875,0.2104,27
1876,0.2104,27
1877,0.2104,27
1878,0.2104,27
1879,0.2104,27
1880,0.2104,27
1881,0.2104,27
1882,0.2104,27
1883,0.2104,27
1884,0.2104,27
1885,0.2104,27
1886,0.2104,27
1887,0.2104,27
1888,0.2104,27
1889,0.2104,27
1890,0.2104,27
1891,0.2104,27
1892,0.2104,27
1893,0.2104,27
1894,0.2104,27
1895,0.2104,27
1896,0.2104,27
1897,0.2104,27
1898,0.2104,27
1899,0.2104,27
1900,0.2104,27
1901,0.2104,27
1902,0.2104,27
1903,0.2104,27
1904,0.2104,27
1905,0.2104,27
1906,0.2104,27
1907,0.2104,27
1908,0.2104,27
1909,0.2104,27
1910,0.2104,27
1911,0.2104,27
1912,0.2104,27
1913,0.2104,27
1914,0.2104,27
1915,0.2104,27
1916,0.2104,27
1917,0.2104,27
1918,0.2104,27
1919,0.2104,27
1920,0.2104,27
1921,0.2104,27
1922,0.2104,27
1923,0.2104,27
1924,0.2104,27
1925,0.2104,27
1926,0.2104,27
1927,0.2104,27
1928,0.2104,27
1929,0.2104,27
1930,0.2104,27
1931,0.2104,27
1932,0.2104,27
1933,0.2104,27
1934,0.2104,27
1935,0.2104,27
1936,0.2104,27
1937,0.2104,27
1938,0.2104,27
1939,0.2104,27
1940,0.2104,27
1941,0.2104,27
1942,0.2104,27
1943,0.2104,27
1944,0.2104,27
1945,0.2104,27
1946,0.2104,27
1947,0.2104,27
1948,0.2104,27
1949,0.2104,27
1950,0.2104,27
1951,0.2104,27
1952,0.2104,27
1953,0.2104,27
1954,0.2104,27
1955,0.2104,27
1956,0.2104,27
1957,0.2104,27
1958,0.2104,27
1959,0.2104,27
1960,0.2104,27
1961,0.2104,27
1962,0.2104,27
1963,0.2104,27
1964,0.2104,27
1965,0.2104,27
1966,0.2104,27
1967,0.2104,27
1968,0.2104,27
1969,0.2104,27
1970,0.2104,27
1971,0.2104,27
1972,0.2104,27
1973,0.2104,27
1974,0.2104,27
1975,0.2104,27
1976,0.2104,27
1977,0.2104,27
1978,0.2104,27
1979,0.2104,27
1980,0.2104,27
1981,0.2104,27
1982,0.2104,27
1983,0.2104,27
1984,0.2104,27
1985,0.2104,27
1986,0.2104,27
1987,0.2104,27
1988,0.2104,27
1989,0.2104,27
1990,0.2104,27
1991,0.2104,27
1992,0.2104,27
1993,0.2104,27
1994,0.2104,27
1995,0.2104,27
1996,0.2104,27
1997,0.2104,27
1998,0.2104,27
1999,0.2104,27
2000,0.2104,27
2001,0.2104,27
2002,0.2104,27
2003,0.2104,27
2004,0.2104,27
2005,0.2104,27
2006,0.2104,27
2007,0.2104,27
2008,0.2104,27
2009,0.2104,27
2010,0.2104,27
2011,0.2104,27
2012,0.2104,27
2013,0.2104,27
2014,0.2104,27
2015,0.2104,27
2016,0.2104,27
2017,0.2104,27
2018,0.2104,27
2019,0.2104,27
2020,0.2104,27
2021,0.2104,27
2022,0.2104,27
2023,0.2104,27
2024,0.2104,27
2025,0.2104,27
2026,0.2104,27
2027,0.2104,27
2028,0.2104,27
2029,0.2104,27
2030,0.2104,27
2031,0.2104,27
2032,0.2104,27
2033,0.2104,27
2034,0.2104,27
2035,0.2104,27
2036,0.2104,27
2037,0.2104,27
2038,0.2104,27
2039,0.2104,27
2040,0.2104,27
2041,0.2104,27
2042,0.2104,27
2043,0.2104,27
2044,0.2104,27
2045,0.2104,27
2046,0.2104,27
2047,0.2104,27
2048,0.2104,27
2049,0.2104,27
2050,0.2104,27
2051,0.2104,27
2052,0.2104,27
2053,0.2104,27
2054,0.2104,27
2055,0.2104,27
2056,0.2104,27
2057,0.2104,27
2058,0.2104,27
2059,0.2104,27
2060,0.2104,27
2061,0.2104,27
2062,0.2104,27
2063,0.2104,27
2064,0.2104,27
2065,0.2104,27
2066,0.2104,27
2067,0.2104,27
2068,0.2104,27
2069,0.2104,27
2070,0.2104,27
2071,0.2104,27
2072,0.2104,27
2073,0.2104,27
2074,0.2104,27
2075,0.2104,27
2076,0.2104,27
2077,0.2104,27
2078,0.2104,27
2079,0.2104,27
2080,0.2104,27
2081,0.2104,27
2082,0.2104,27
2083,0.2104,27
2084,0.2104,27
2085,0.2104,27
2086,0.2104,27
2087,0.2104,27
2088,0.2104,27
2089,0.2104,27
2090,0.2104,27
2091,0.2104,27
2092,0.2104,27
2093,0.2104,27
2094,0.2104,27
2095,0.2104,27
2096,0.2104,27
2097,0.2104,27
2098,0.2104,27
2099,0.2104,27
2100,0.2104,27
2101,0.2104,27
2102,0.2104,27
2103,0.2104,27
2104,0.2104,27
2105,0.2104,27
2106,0.2104,27
2107,0.2104,27
2108,0.2104,27
2109,0.2104,27
2110,0.2104,27
2111,0.2104,27
2112,0.2104,27
2113,0.2104,27
2114,0.2104,27
2115,0.2104,27
2116,0.2104,27
2117,0.2104,27
2118,0.2104,27
2119,0.2104,27
2120,0.2104,27
2121,0.2104,27
2122,0.2104,27
2123,0.2104,27
2124,0.2104,27
2125,0.2104,27
2126,0.2104,27
2127,0.2104,27
2128,0.2104,27
2129,0.2104,27
2130,0.2104,27
2131,0.2104,27
2132,0.2104,27
2133,0.2104,27
2134,0.2104,27
2135,0.2104,27
2136,0.2104,27
2137,0.2104,27
2138,0.2104,27
2139,0.2104,27
2140,0.2104,27
2141,0.2104,27
2142,0.2104,27
2143,0.2104,27
2144,0.2104,27
2145,0.2104,27
2146,0.2104,27
2147,0.2104,27
2148,0.2104,27
2149,0.2104,27
2150,0.2104,27
2151,0.2104,27
2152,0.2104,27
2153,0.2104,27
2154,0.2104,27
2155,0.2104,27
2156,0.2104,27
2157,0.2104,27
2158,0.2104,27
2159,0.2104,27
2160,0.2104,27
2161,0.2104,27
2162,0.2104,27
2163,0.2104,27
2164,0.2104,27
2165,0.2104,27
2166,0.2104,27
2167,0.2104,27
2168,0.2104,27
2169,0.2104,27
2170,0.2104,27
2171,0.2104,27
2172,0.2104,27
2173,0.2104,27
2174,0.2104,27
2175,0.2104,27
2176,0.2104,27
2177,0.2104,27
2178,0.2104,27
2179,0.2104,27
2180,0.2104,27
2181,0.2104,27
2182,0.2104,27
2183,0.2104,27
2184,0.2104,27
2185,0.2104,27
2186,0.2104,27
2187,0.2104,27
2188,0.2104,27
2189,0.2104,27
2190,0.2104,27
2191,0.2104,27
2192,0.2104,27
2193,0.2104,27
2194,0.2104,27
2195,0.2104,27
2196,0.2104,27
2197,0.2104,27
2198,0.2104,27
2199,0.2104,27
2200,0.2104,27
2201,0.2104,27
2202,0.2104,27
2203,0.2104,27
2204,0.2104,27
2205,0.2104,27
2206,0.2104,27
2207,0.2104,27
2208,0.2104,27
2209,0.2104,27
2210,0.2104,27
2211,0.2104,27
2212,0.2104,27
2213,0.2104,27
2214,0.2104,27
2215,0.2104,27
2216,0.2104,27
2217,0.2104,27
2218,0.2104,27
2219,0.2104,27
2220,0.2104,27
2221,0.2104,27
2222,0.2104,27
2223,0.2104,27
2224,0.2104,27
2225,0.2104,27
2226,0.2104,27
2227,0.2104,27
2228,0.2104,27
2229,0.2104,27
2230,0.2104,27
2231,0.2104,27
2232,0.2104,27
2233,0.2104,27
2234,0.2104,27
2235,0.2104,27
2236,0.2104,27
2237,0.2104,27
2238,0.2104,27
2239,0.2104,27
2240,0.2104,27
2241,0.2104,27
2242,0.2104,27
2243,0.2104,27
2244,0.2104,27
2245,0.2104,27
2246,0.2104,27
2247,0.2104,27
2248,0.2104,27
2249,0.2104,27
2250,0.2104,27
2251,0.2104,27
2252,0.2104,27
2253,0.2104,27
2254,0.2104,27
2255,0.2104,27
2256,0.2104,27
2257,0.2104,27
2258,0.2104,27
2259,0.2104,27
2260,0.2104,27
2261,0.2104,27
2262,0.2104,27
2263,0.2104,27
2264,0.2104,27
2265,0.2104,27
2266,0.2104,27
2267,0.2104,27
2268,0.2104,27
2269,0.2104,27
2270,0.2104,27
2271,0.2104,27
2272,0.2104,27
2273,0.2104,27
2274,0.2104,27
2275,0.2104,27
2276,0.2104,27
2277,0.2104,27
2278,0.2104,27
2279,0.2104,27
2280,0.2104,27
2281,0.2104,27
2282,0.2104,27
2283,0.2104,27
2284,0.2104,27
2285,0.2104,27
2286,0.2104,27
2287,0.2104,27
2288,0.2104,27
2289,0.2104,27
2290,0.2104,27
2291,0.2104,27
2292,0.2104,27
2293,0.2104,27
2294,0.2104,27
2295,0.2104,27
2296,0.2104,27
2297,0.2104,27
2298,0.2104,27
2299,0.2104,27
2300,0.2104,27
2301,0.2104,27
2302,0.2104,27
2303,0.2104,27
2304,0.2104,27
2305,0.2104,27
2306,0.2104,27
2307,0.2104,27
2308,0.2104,27
2309,0.2104,27
2310,0.2104,27
2311,0.2104,27
2312,0.2104,27
2313,0.2104,27
2314,0.2104,27
2315,0.2104,27
2316,0.2104,27
2317,0.2104,27
2318,0.2104,27
2319,0.2104,27
2320,0.2104,27
2321,0.2104,27
2322,0.2104,27
2323,0.2104,27
2324,0.2104,27
2325,0.2104,27
2326,0.2104,27
2327,0.2104,27
2328,0.2104,27
2329,0.2104,27
2330,0.2104,27
2331,0.2104,27
2332,0.2104,27
2333,0.2104,27
2334,0.2104,27
2335,0.2104,27
2336,0.2104,27
2337,0.2104,27
2338,0.2104,27
2339,0.2104,27
2340,0.2104,27
2341,0.2104,27
2342,0.2104,27
2343,0.2104,27
2344,0.2104,27
2345,0.2104,27
2346,0.2104,27
2347,0.2104,27
2348,0.2104,27
2349,0.2104,27
2350,0.2104,27
2351,0.2104,27
2352,0.2104,27
2353,0.2104,27
2354,0.2104,27
2355,0.2104,27
2356,0.2104,27
2357,0.2104,27
2358,0.2104,27
2359,0.2104,27
2360,0.2104,27
2361,0.2104,27
2362,0.2104,27
2363,0.2104,27
2364,0.2104,27
2365,0.2104,27
2366,0.2104,27
2367,0.2104,27
2368,0.2104,27
2369,0.2104,27
2370,0.2104,27
2371,0.2104,27
2372,0.2104,27
2373,0.2104,27
2374,0.2104,27
2375,0.2104,27
2376,0.2104,27
2377,0.2104,27
2378,0.2104,27
2379,0.2104,27
2380,0.2104,27
2381,0.2104,27
2382,0.2104,27
2383,0.2104,27
2384,0.2104,27
2385,0.2104,27
2386,0.2104,27
2387,0.2104,27
2388,0.2104,27
2389,0.2104,27
2390,0.2104,27
2391,0.2104,27
2392,0.2104,27
2393,0.2104,27
2394,0.2104,27
2395,0.2104,27
2396,0.2104,27
2397,0.2104,27
2398,0.2104,27
2399,0.2104,27
2400,0.2104,27
2401,0.2104,27
2402,0.2104,27
2403,0.2104,27
2404,0.2104,27
2405,0.2104,27
2406,0.2104,27
2407,0.2104,27
2408,0.2104,27
2409,0.2104,27
2410,0.2104,27
2411,0.2104,27
2412,0.2104,27
2413,0.2104,27
2414,0.2104,27
2415,0.2104,27
2416,0.2104,27
2417,0.2104,27
2418,0.2104,27
2419,0.2104,27
2420,0.2104,27
2421,0.2104,27
2422,0.2104,27
2423,0.2104,27
2424,0.2104,27
2425,0.2104,27
2426,0.2104,27
2427,0.2104,27
2428,0.2104,27
2429,0.2104,27
2430,0.2104,27
2431,0.2104,27
2432,0.2104,27
2433,0.2104,27
2434,0.2104,27
2435,0.2104,27
2436,0.2104,27
2437,0.2104,27
2438,0.2104,27
2439,0.2104,27
2440,0.2104,27
2441,0.2104,27
2442,0.2104,27
2443,0.2104,27
2444,0.2104,27
2445,0.2104,27
2446,0.2104,27
2447,0.2104,27
2448,0.2104,27
2449,0.2104,27
2450,0.2104,27
2451,0.2104,27
2452,0.2104,27
2453,0.2104,27
2454,0.2104,27
2455,0.2104,27
2456,0.2104,27
2457,0.2104,27
2458,0.2104,27
2459,0.2104,27
2460,0.2104,27
2461,0.2104,27
2462,0.2104,27
2463,0.2104,27
2464,0.2104,27
2465,0.2104,27
2466,0.2104,27
2467,0.2104,27
2468,0.2104,27
2469,0.2104,27
2470,0.2104,27
2471,0.2104,27
2472,0.2104,27
2473,0.2104,27
2474,0.2104,27
2475,0.2104,27
2476,0.2104,27
2477,0.2104,27
2478,0.2104,27
2479,0.2104,27
2480,0.2104,27
2481,0.2104,27
2482,0.2104,27
2483,0.2104,27
2484,0.2104,27
2485,0.2104,27
2486,0.2104,27
2487,0.2104,27
2488,0.2104,27
2489,0.2104,27
2490,0.2104,27
2491,0.2104,27
2492,0.2104,27
2493,0.2104,27
2494,0.2104,27
2495,0.2104,27
2496,0.2104,27
2497,0.2104,27
2498,0.2104,27
2499,0.2104,27
2500,0.2104,27
2501,0.2104,27
2502,0.2104,27
2503,0.2104,27
2504,0.2104,27
2505,0.2104,27
2506,0.2104,27
2507,0.2104,27
2508,0.2104,27
2509,0.2104,27
2510,0.2104,27
2511,0.2104,27
2512,0.2104,27
2513,0.2104,27
2514,0.2104,27
2515,0.2104,27
2516,0.2104,27
2517,0.2104,27
2518,0.2104,27
2519,0.2104,27
2520,0.2104,27
2521,0.2104,27
2522,0.2104,27
2523,0.2104,27
2524,0.2104,27
2525,0.2104,27
2526,0.2104,27
2527,0.2104,27
2528,0.2104,27
2529,0.2104,27
2530,0.2104,27
2531,0.2104,27
2532,0.2104,27
2533,0.2104,27
2534,0.2104,27
2535,0.2104,27
2536,0.2104,27
2537,0.2104,27
2538,0.2104,27
2539,0.2104,27
2540,0.2104,27
2541,0.2104,27
2542,0.2104,27
2543,0.2104,27
2544,0.2104,27
2545,0.2104,27
2546,0.2104,27
2547,0.2104,27
2548,0.2104,27
2549,0.2104,27
2550,0.2104,27
2551,0.2104,27
2552,0.2104,27
2553,0.2104,27
2554,0.2104,27
2555,0.2104,27
2556,0.2104,27
2557,0.2104,27
2558,0.2104,27
2559,0.2104,27
2560,0.2104,27
2561,0.2104,27
2562,0.2104,27
2563,0.2104,27
2564,0.2104,27
2565,0.2104,27
2566,0.2104,27
2567,0.2104,27
2568,0.2104,27
2569,0.2104,27
2570,0.2104,27
2571,0.2104,27
2572,0.2104,27
2573,0.2104,27
2574,0.2104,27
2575,0.2104,27
2576,0.2104,27
2577,0.2104,27
2578,0.2104,27
2579,0.2104,27
2580,0.2104,27
2581,0.2104,27
2582,0.2104,27
2583,0.2104,27
2584,0.2104,27
2585,0.2104,27
2586,0.2104,27
2587,0.2104,27
2588,0.2104,27
2589,0.2104,27
2590,0.2104,27
2591,0.2104,27
2592,0.2104,27
2593,0.2104,27
2594,0.2104,27
2595,0.2104,27
2596,0.2104,27
2597,0.2104,27
2598,0.2104,27
2599,0.2104,27
2600,0.2104,27
2601,0.2104,27
2602,0.2104,27
2603,0.2104,27
2604,0.2104,27
2605,0.2104,27
2606,0.2104,27
2607,0.2104,27
2608,0.2104,27
2609,0.2104,27
2610,0.2104,27
2611,0.2104,27
2612,0.2104,27
2613,0.2104,27
2614,0.2104,27
2615,0.2104,27
2616,0.2104,27
2617,0.2104,27
2618,0.2104,27
2619,0.2104,27
2620,0.2104,27
2621,0.2104,27
2622,0.2104,27
2623,0.2104,27
2624,0.2104,27
2625,0.2104,27
2626,0.2104,27
2627,0.2104,27
2628,0.2104,27
2629,0.2104,27
2630,0.2104,27
2631,0.2104,27
2632,0.2104,27
2633,0.2104,27
2634,0.2104,27
2635,0.2104,27
2636,0.2104,27
2637,0.2104,27
2638,0.2104,27
2639,0.2104,27
2640,0.2104,27
2641,0.2104,27
2642,0.2104,27
2643,0.2104,27
2644,0.2104,27
2645,0.2104,27
2646,0.2104,27
2647,0.2104,27
2648,0.2104,27
2649,0.2104,27
2650,0.2104,27
2651,0.2104,27
2652,0.2104,27
2653,0.2104,27
2654,0.2104,27
2655,0.2104,27
2656,0.2104,27
2657,0.2104,27
2658,0.2104,27
2659,0.2104,27
2660,0.2104,27
2661,0.2104,27
2662,0.2104,27
2663,0.2104,27
2664,0.2104,27
2665,0.2104,27
2666,0.2104,27
2667,0.2104,27
2668,0.2104,27
2669,0.2104,27
2670,0.2104,27
2671,0.2104,27
2672,0.2104,27
2673,0.2104,27
2674,0.2104,27
2675,0.2104,27
2676,0.2104,27
2677,0.2104,27
2678,0.2104,27
2679,0.2104,27
2680,0.2104,27
2681,0.2104,27
2682,0.2104,27
2683,0.2104,27
2684,0.2104,27
2685,0.2104,27
2686,0.2104,27
2687,0.2104,27
2688,0.2104,27
2689,0.2104,27
2690,0.2104,27
2691,0.2104,27
2692,0.2104,27
2693,0.2104,27
2694,0.2104,27
2695,0.2104,27
2696,0.2104,27
2697,0.2104,27
2698,0.2104,27
2699,0.2104,27
2700,0.2104,27
2701,0.2104,27
2702,0.2104,27
2703,0.2104,27
2704,0.2104,27
2705,0.2104,27
2706,0.2104,27
2707,0.2104,27
2708,0.2104,27
2709,0.2104,27
2710,0.2104,27
2711,0.2104,27
2712,0.2104,27
2713,0.2104,27
2714,0.2104,27
2715,0.2104,27
2716,0.2104,27
2717,0.2104,27
2718,0.2104,27
2719,0.2104,27
2720,0.2104,27
2721,0.2104,27
2722,0.2104,27
2723,0.2104,27
2724,0.2104,27
2725,0.2104,27
2726,0.2104,27
2727,0.2104,27
2728,0.2104,27
2729,0.2104,27
2730,0.2104,27
2731,0.2104,27
2732,0.2104,27
2733,0.2104,27
2734,0.2104,27
2735,0.2104,27
2736,0.2104,27
2737,0.2104,27
2738,0.2104,27
2739,0.2104,27
2740,0.2104,27
2741,0.2104,27
2742,0.2104,27
2743,0.2104,27
2744,0.2104,27
2745,0.2104,27
2746,0.2104,27
2747,0.2104,27
2748,0.2104,27
2749,0.2104,27
2750,0.2104,27
2751,0.2104,27
2752,0.2104,27
2753,0.2104,27
2754,0.2104,27
2755,0.2104,27
2756,0.2104,27
2757,0.2104,27
2758,0.2104,27
2759,0.2104,27
2760,0.2104,27
2761,0.2104,27
2762,0.2104,27
2763,0.2104,27
2764,0.2104,27
2765,0.2104,27
2766,0.2104,27
2767,0.2104,27
2768,0.2104,27
2769,0.2104,27
2770,0.2104,27
2771,0.2104,27
2772,0.2104,27
2773,0.2104,27
2774,0.2104,27
2775,0.2104,27
2776,0.2104,27
2777,0.2104,27
2778,0.2104,27
2779,0.2104,27
2780,0.2104,27
2781,0.2104,27
2782,0.2104,27
2783,0.2104,27
2784,0.2104,27
2785,0.2104,27
2786,0.2104,27
2787,0.2104,27
2788,0.2104,27
2789,0.2104,27
2790,0.2104,27
2791,0.2104,27
2792,0.2104,27
2793,0.2104,27
2794,0.2104,27
2795,0.2104,27
2796,0.2104,27
2797,0.2104,27
2798,0.2104,27
2799,0.2104,27
2800,0.2104,27
2801,0.2104,27
2802,0.2104,27
2803,0.2104,27
2804,0.2104,27
2805,0.2104,27
2806,0.2104,27
2807,0.2104,27
2808,0.2104,27
2809,0.2104,27
2810,0.2104,27
2811,0.2104,27
2812,0.2104,27
2813,0.2104,27
2814,0.2104,27
2815,0.2104,27
2816,0.2104,27
2817,0.2104,27
2818,0.2104,27
2819,0.2104,27
2820,0.2104,27
2821,0.2104,27
2822,0.2104,27
2823,0.2104,27
2824,0.2104,27
2825,0.2104,27
2826,0.2104,27
2827,0.2104,27
2828,0.2104,27
2829,0.2104,27
2830,0.2104,27
2831,0.2104,27
2832,0.2104,27
2833,0.2104,27
2834,0.2104,27
2835,0.2104,27
2836,0.2104,27
2837,0.2104,27
2838,0.2104,27
2839,0.2104,27
2840,0.2104,27
2841,0.2104,27
2842,0.2104,27
2843,0.2104,27
2844,0.2104,27
2845,0.2104,27
2846,0.2104,27
2847,0.2104,27
2848,0.2104,27
2849,0.2104,27
2850,0.2104,27
2851,0.2104,27
2852,0.2104,27
2853,0.2104,27
2854,0.2104,27
2855,0.2104,27
2856,0.2104,27
2857,0.2104,27
2858,0.2104,27
2859,0.2104,27
2860,0.2104,27
2861,0.2104,27
2862,0.2104,27
2863,0.2104,27
2864,0.2104,27
2865,0.2104,27
2866,0.2104,27
2867,0.2104,27
2868,0.2104,27
2869,0.2104,27
2870,0.2104,27
2871,0.2104,27
2872,0.2104,27
2873,0.2104,27
2874,0.2104,27
2875,0.2104,27
2876,0.2104,27
2877,0.2104,27
2878,0.2104,27
2879,0.2104,27
2880,0.2104,27
2881,0.2104,27
2882,0.2104,27
2883,0.2104,27
2884,0.2104,27
2885,0.2104,27
2886,0.2104,27
2887,0.2104,27
2888,0.2104,27
2889,0.2104,27
2890,0.2104,27
2891,0.2104,27
2892,0.2104,27
2893,0.2104,27
2894,0.2104,27
2895,0.2104,27
2896,0.2104,27
2897,0.2104,27
2898,0.2104,27
2899,0.2104,27
2900,0.2104,27
2901,0.2104,27
2902,0.2104,27
2903,0.2104,27
2904,0.2104,27
2905,0.2104,27
2906,0.2104,27
2907,0.2104,27
2908,0.2104,27
2909,0.2104,27
2910,0.2104,27
2911,0.2104,27
2912,0.2104,27
2913,0.2104,27
2914,0.2104,27
2915,0.2104,27
2916,0.2104,27
2917,0.2104,27
2918,0.2104,27
2919,0.2104,27
2920,0.2104,27
2921,0.2104,27
2922,0.2104,27
2923,0.2104,27
2924,0.2104,27
2925,0.2104,27
2926,0.2104,27
2927,0.2104,27
2928,0.2104,27
2929,0.2104,27
2930,0.2104,27
2931,0.2104,27
2932,0.2104,27
2933,0.2104,27
2934,0.2104,27
2935,0.2104,27
2936,0.2104,27
2937,0.2104,27
2938,0.2104,27
2939,0.2104,27
2940,0.2104,27
2941,0.2104,27
2942,0.2104,27
2943,0.2104,27
2944,0.2104,27
2945,0.2104,27
2946,0.2104,27
2947,0.2104,27
2948,0.2104,27
2949,0.2104,27
2950,0.2104,27
2951,0.2104,27
2952,0.2104,27
2953,0.2104,27
2954,0.2104,27
2955,0.2104,27
2956,0.2104,27
2957,0.2104,27
2958,0.2104,27
2959,0.2104,27
2960,0.2104,27
2961,0.2104,27
2962,0.2104,27
2963,0.2104,27
2964,0.2104,27
2965,0.2104,27
2966,0.2104,27
2967,0.2104,27
2968,0.2104,27
2969,0.2104,27
2970,0.2104,27
2971,0.2104,27
2972,0.2104,27
2973,0.2104,27
2974,0.2104,27
2975,0.2104,27
2976,0.2104,27
2977,0.2104,27
2978,0.2104,27
2979,0.2104,27
2980,0.2104,27
2981,0.2104,27
2982,0.2104,27
2983,0.2104,27
2984,0.2104,27
2985,0.2104,27
2986,0.2104,27
2987,0.2104,27
2988,0.2104,27
2989,0.2104,27
2990,0.2104,27
2991,0.2104,27
2992,0.2104,27
2993,0.2104,27
2994,0.2104,27
2995,0.2104,27
2996,0.2104,27
2997,0.2104,27
2998,0.2104,27
2999,0.2104,27
3000,0.2104,27
