id,foi,R0,wave
1,0.1252,1,43
2,0.1252,1,43
3,0.1252,1,43
4,0.1252,1,43
5,0.1252,1,43
6,0.1252,1,43
7,0.1252,1,43
8,0.1252,1,43
9,0.1252,1,43
10,0.1252,1,43
11,0.1252,1,43
12,0.1252,1,43
13,0.1252,1,43
14,0.1252,1,43
15,0.1252,1,43
16,0.1252,1,43
17,0.1252,1,43
18,0.1252,1,43
19,0.1252,1,43
20,0.1252,1,43
21,0.1252,1,43
22,0.1252,1,43
23,0.1252,1,43
24,0.1252,1,43
25,0.1252,1,43
26,0.1252,1,43
27,0.1252,1,43
28,0.1252,1,43
29,0.1252,1,43
30,0.1252,1,43
31,0.1252,1,43
32,0.1252,1,43
33,0.1252,1,43
34,0.1252,1,43
35,0.1252,1,43
36,0.1252,1,43
37,0.1252,1,43
38,0.1252,1,43
39,0.1252,1,43
40,0.1252,1,43
41,0.1252,1,43
42,0.1252,1,43
43,0.1252,1,43
44,0.1252,1,43
45,0.1252,1,43
46,0.1252,1,43
47,0.1252,1,43
48,0.1252,1,43
49,0.1252,1,43
50,0.1252,1,43
51,0.1252,1,43
52,0.1252,1,43
53,0.1252,1,43
54,0.1252,1,43
55,0.1252,1,43
56,0.1252,1,43
57,0.1252,1,43
58,0.1252,1,43
59,0.1252,1,43
60,0.1252,1,43
61,0.1252,1,43
62,0.1252,1,43
63,0.1252,1,43
64,0.1252,1,43
65,0.1252,1,43
66,0.1252,1,43
67,0.1252,1,43
68,0.1252,1,43
69,0.1252,1,43
70,0.1252,1,43
71,0.1252,1,43
72,0.1252,1,43
73,0.1252,1,43
74,0.1252,1,43
75,0.1252,1,43
76,0.1252,1,43
77,0.1252,1,43
78,0.1252,1,43
79,0.1252,1,43
80,0.1252,1,43
81,0.1252,1,43
82,0.1252,1,43
83,0.1252,1,43
84,0.1252,1,43
85,0.1252,1,43
86,0.1252,1,43
87,0.1252,1,43
88,0.1252,1,43
89,0.1252,1,43
90,0.1252,1,43
91,0.1252,1,43
92,0.1252,1,43
93,0.1252,1,43
94,0.1252,1,43
95,0.1252,1,43
96,0.1252,1,43
97,0.1252,1,43
98,0.1252,1,43
99,0.1252,1,43
100,0.1252,1,43
101,0.1252,1,43
102,0.1252,1,43
103,0.1252,1,43
104,0.1252,1,43
105,0.1252,1,43
106,0.1252,1,43
107,0.1252,1,43
108,0.1252,1,43
109,0.1252,1,43
110,0.1252,1,43
111,0.1252,1,43
112,0.1252,1,43
113,0.1252,1,43
114,0.1252,1,43
115,0.1252,1,43
116,0.1252,1,43
117,0.1252,1,43
118,0.1252,1,43
119,0.1252,1,43
120,0.1252,1,43
121,0.1252,1,43
122,0.1252,1,43
123,0.1252,1,43
124,0.1252,1,43
125,0.1252,1,43
126,0.1252,1,43
127,0.1252,1,43
128,0.1252,1,43
129,0.1252,1,43
130,0.1252,1,43
131,0.1252,1,43
132,0.1252,1,43
133,0.1252,1,43
134,0.1252,1,43
135,0.1252,1,43
136,0.1252,1,43
137,0.1252,1,43
138,0.1252,1,43
139,0.1252,1,43
140,0.1252,1,43
141,0.1252,1,43
142,0.1252,1,43
143,0.1252,1,43
144,0.1252,1,43
145,0.1252,1,43
146,0.1252,1,43
147,0.1252,1,43
148,0.1252,1,43
149,0.1252,1,43
150,0.1252,1,43
151,0.1252,1,43
152,0.1252,1,43
153,0.1252,1,43
154,0.1252,1,43
155,0.1252,1,43
156,0.1252,1,43
157,0.1252,1,43
158,0.1252,1,43
159,0.1252,1,43
160,0.1252,1,43
161,0.1252,1,43
162,0.1252,1,43
163,0.1252,1,43
164,0.1252,1,43
165,0.1252,1,43
166,0.1252,1,43
167,0.1252,1,43
168,0.1252,1,43
169,0.1252,1,43
170,0.1252,1,43
171,0.1252,1,43
172,0.1252,1,43
173,0.1252,1,43
174,0.1252,1,43
175,0.1252,1,43
176,0.1252,1,43
177,0.1252,1,43
178,0.1252,1,43
179,0.1252,1,43
180,0.1252,1,43
181,0.1252,1,43
182,0.1252,1,43
183,0.1252,1,43
184,0.1252,1,43
185,0.1252,1,43
186,0.1252,1,43
187,0.1252,1,43
188,0.1252,1,43
189,0.1252,1,43
190,0.1252,1,43
191,0.1252,1,43
192,0.1252,1,43
193,0.1252,1,43
194,0.1252,1,43
195,0.1252,1,43
196,0.1252,1,43
197,0.1252,1,43
198,0.1252,1,43
199,0.1252,1,43
200,0.1252,1,43
201,0.1252,1,43
202,0.1252,1,43
203,0.1252,1,43
204,0.1252,1,43
205,0.1252,1,43
206,0.1252,1,43
207,0.1252,1,43
208,0.1252,1,43
209,0.1252,1,43
210,0.1252,1,43
211,0.1252,1,43
212,0.1252,1,43
213,0.1252,1,43
214,0.1252,1,43
215,0.1252,1,43
216,0.1252,1,43
217,0.1252,1,43
218,0.1252,1,43
219,0.1252,1,43
220,0.1252,1,43
221,0.1252,1,43
222,0.1252,1,43
223,0.1252,1,43
224,0.1252,1,43
225,0.1252,1,43
226,0.1252,1,43
227,0.1252,1,43
228,0.1252,1,43
229,0.1252,1,43
230,0.1252,1,43
231,0.1252,1,43
232,0.1252,1,43
233,0.1252,1,43
234,0.1252,1,43
235,0.1252,1,43
236,0.1252,1,43
237,0.1252,1,43
238,0.1252,1,43
239,0.1252,1,43
240,0.1252,1,43
241,0.1252,1,43
242,0.1252,1,43
243,0.1252,1,43
244,0.1252,1,43
245,0.1252,1,43
246,0.1252,1,43
247,0.1252,1,43
248,0.1252,1,43
249,0.1252,1,43
250,0.1252,1,43
251,0.1252,1,43
252,0.1252,1,43
253,0.1252,1,43
254,0.1252,1,43
255,0.1252,1,43
256,0.1252,1,43
257,0.1252,1,43
258,0.1252,1,43
259,0.1252,1,43
260,0.1252,1,43
261,0.1252,1,43
262,0.1252,1,43
263,0.1252,1,43
264,0.1252,1,43
265,0.1252,1,43
266,0.1252,1,43
267,0.1252,1,43
268,0.1252,1,43
269,0.1252,1,43
270,0.1252,1,43
271,0.1252,1,43
272,0.1252,1,43
273,0.1252,1,43
274,0.1252,1,43
275,0.1252,1,43
276,0.1252,1,43
277,0.1252,1,43
278,0.1252,1,43
279,0.1252,1,43
280,0.1252,1,43
281,0.1252,1,43
282,0.1252,1,43
283,0.1252,1,43
284,0.1252,1,43
285,0.1252,1,43
286,0.1252,1,43
287,0.1252,1,43
288,0.1252,1,43
289,0.1252,1,43
290,0.1252,1,43
291,0.1252,1,43
292,0.1252,1,43
293,0.1252,1,43
294,0.1252,1,43
295,0.1252,1,43
296,0.1252,1,43
297,0.1252,1,43
298,0.1252,1,43
299,0.1252,1,43
300,0.1252,1,43
301,0.1252,1,43
302,0.1252,1,43
303,0.1252,1,43
304,0.1252,1,43
305,0.1252,1,43
306,0.1252,1,43
307,0.1252,1,43
308,0.1252,1,43
309,0.1252,1,43
310,0.1252,1,43
311,0.1252,1,43
312,0.1252,1,43
313,0.1252,1,43
314,0.1252,1,43
315,0.1252,1,43
316,0.1252,1,43
317,0.1252,1,43
318,0.1252,1,43
319,0.1252,1,43
320,0.1252,1,43
321,0.1252,1,43
322,0.1252,1,43
323,0.1252,1,43
324,0.1252,1,43
325,0.1252,1,43
326,0.1252,1,43
327,0.1252,1,43
328,0.1252,1,43
329,0.1252,1,43
330,0.1252,1,43
331,0.1252,1,43
332,0.1252,1,43
333,0.1252,1,43
334,0.1252,1,43
335,0.1252,1,43
336,0.1252,1,43
337,0.1252,1,43
338,0.1252,1,43
339,0.1252,1,43
340,0.1252,1,43
341,0.1252,1,43
342,0.1252,1,43
343,0.1252,1,43
344,0.1252,1,43
345,0.1252,1,43
346,0.1252,1,43
347,0.1252,1,43
348,0.1252,1,43
349,0.1252,1,43
350,0.1252,1,43
351,0.1252,1,43
352,0.1252,1,43
353,0.1252,1,43
354,0.1252,1,43
355,0.1252,1,43
356,0.1252,1,43
357,0.1252,1,43
358,0.1252,1,43
359,0.1252,1,43
360,0.1252,1,43
361,0.1252,1,43
362,0.1252,1,43
363,0.1252,1,43
364,0.1252,1,43
365,0.1252,1,43
366,0.1252,1,43
367,0.1252,1,43
368,0.1252,1,43
369,0.1252,1,43
370,0.1252,1,43
371,0.1252,1,43
372,0.1252,1,43
373,0.1252,1,43
374,0.1252,1,43
375,0.1252,1,43
376,0.1252,1,43
377,0.1252,1,43
378,0.1252,1,43
379,0.1252,1,43
380,0.1252,1,43
381,0.1252,1,43
382,0.1252,1,43
383,0.1252,1,43
384,0.1252,1,43
385,0.1252,1,43
386,0.1252,1,43
387,0.1252,1,43
388,0.1252,1,43
389,0.1252,1,43
390,0.1252,1,43
391,0.1252,1,43
392,0.1252,1,43
393,0.1252,1,43
394,0.1252,1,43
395,0.1252,1,43
396,0.1252,1,43
397,0.1252,1,43
398,0.1252,1,43
399,0.1252,1,43
400,0.1252,1,43
401,0.1252,1,43
402,0.1252,1,43
403,0.1252,1,43
404,0.1252,1,43
405,0.1252,1,43
406,0.1252,1,43
407,0.1252,1,43
408,0.1252,1,43
409,0.1252,1,43
410,0.1252,1,43
411,0.1252,1,43
412,0.1252,1,43
413,0.1252,1,43
414,0.1252,1,43
415,0.1252,1,43
416,0.1252,1,43
417,0.1252,1,43
418,0.1252,1,43
419,0.1252,1,43
420,0.1252,1,43
421,0.1252,1,43
422,0.1252,1,43
423,0.1252,1,43
424,0.1252,1,43
425,0.1252,1,43
426,0.1252,1,43
427,0.1252,1,43
428,0.1252,1,43
429,0.1252,1,43
430,0.1252,1,43
431,0.1252,1,43
432,0.1252,1,43
433,0.1252,1,43
434,0.1252,1,43
435,0.1252,1,43
436,0.1252,1,43
437,0.1252,1,43
438,0.1252,1,43
439,0.1252,1,43
440,0.1252,1,43
441,0.1252,1,43
442,0.1252,1,43
443,0.1252,1,43
444,0.1252,1,43
445,0.1252,1,43
446,0.1252,1,43
447,0.1252,1,43
448,0.1252,1,43
449,0.1252,1,43
450,0.1252,1,43
451,0.1252,1,43
452,0.1252,1,43
453,0.1252,1,43
454,0.1252,1,43
455,0.1252,1,43
456,0.1252,1,43
457,0.1252,1,43
458,0.1252,1,43
459,0.1252,1,43
460,0.1252,1,43
461,0.1252,1,43
462,0.1252,1,43
463,0.1252,1,43
464,0.1252,1,43
465,0.1252,1,43
466,0.1252,1,43
467,0.1252,1,43
468,0.1252,1,43
469,0.1252,1,43
470,0.1252,1,43
471,0.1252,1,43
472,0.1252,1,43
473,0.1252,1,43
474,0.1252,1,43
475,0.1252,1,43
476,0.1252,1,43
477,0.1252,1,43
478,0.1252,1,43
479,0.1252,1,43
480,0.1252,1,43
481,0.1252,1,43
482,0.1252,1,43
483,0.1252,1,43
484,0.1252,1,43
485,0.1252,1,43
486,0.1252,1,43
487,0.1252,1,43
488,0.1252,1,43
489,0.1252,1,43
490,0.1252,1,43
491,0.1252,1,43
492,0.1252,1,43
493,0.1252,1,43
494,0.1252,1,43
495,0.1252,1,43
496,0.1252,1,43
497,0.1252,1,43
498,0.1252,1,43
499,0.1252,1,43
500,0.1252,1,43
501,0.1252,1,43
502,0.1252,1,43
503,0.1252,1,43
504,0.1252,1,43
505,0.1252,1,43
506,0.1252,1,43
507,0.1252,1,43
508,0.1252,1,43
509,0.1252,1,43
510,0.1252,1,43
511,0.1252,1,43
512,0.1252,1,43
513,0.1252,1,43
514,0.1252,1,43
515,0.1252,1,43
516,0.1252,1,43
517,0.1252,1,43
518,0.1252,1,43
519,0.1252,1,43
520,0.1252,1,43
521,0.1252,1,43
522,0.1252,1,43
523,0.1252,1,43
524,0.1252,1,43
525,0.1252,1,43
526,0.1252,1,43
527,0.1252,1,43
528,0.1252,1,43
529,0.1252,1,43
530,0.1252,1,43
531,0.1252,1,43
532,0.1252,1,43
533,0.1252,1,43
534,0.1252,1,43
535,0.1252,1,43
536,0.1252,1,43
537,0.1252,1,43
538,0.1252,1,43
539,0.1252,1,43
540,0.1252,1,43
541,0.1252,1,43
542,0.1252,1,43
543,0.1252,1,43
544,0.1252,1,43
545,0.1252,1,43
546,0.1252,1,43
547,0.1252,1,43
548,0.1252,1,43
549,0.1252,1,43
550,0.1252,1,43
551,0.1252,1,43
552,0.1252,1,43
553,0.1252,1,43
554,0.1252,1,43
555,0.1252,1,43
556,0.1252,1,43
557,0.1252,1,43
558,0.1252,1,43
559,0.1252,1,43
560,0.1252,1,43
561,0.1252,1,43
562,0.1252,1,43
563,0.1252,1,43
564,0.1252,1,43
565,0.1252,1,43
566,0.1252,1,43
567,0.1252,1,43
568,0.1252,1,43
569,0.1252,1,43
570,0.1252,1,43
571,0.1252,1,43
572,0.1252,1,43
573,0.1252,1,43
574,0.1252,1,43
575,0.1252,1,43
576,0.1252,1,43
577,0.1252,1,43
578,0.1252,1,43
579,0.1252,1,43
580,0.1252,1,43
581,0.1252,1,43
582,0.1252,1,43
583,0.1252,1,43
584,0.1252,1,43
585,0.1252,1,43
586,0.1252,1,43
587,0.1252,1,43
588,0.1252,1,43
589,0.1252,1,43
590,0.1252,1,43
591,0.1252,1,43
592,0.1252,1,43
593,0.1252,1,43
594,0.1252,1,43
595,0.1252,1,43
596,0.1252,1,43
597,0.1252,1,43
598,0.1252,1,43
599,0.1252,1,43
600,0.1252,1,43
601,0.1252,1,43
602,0.1252,1,43
603,0.1252,1,43
604,0.1252,1,43
605,0.1252,1,43
606,0.1252,1,43
607,0.1252,1,43
608,0.1252,1,43
609,0.1252,1,43
610,0.1252,1,43
611,0.1252,1,43
612,0.1252,1,43
613,0.1252,1,43
614,0.1252,1,43
615,0.1252,1,43
616,0.1252,1,43
617,0.1252,1,43
618,0.1252,1,43
619,0.1252,1,43
620,0.1252,1,43
621,0.1252,1,43
622,0.1252,1,43
623,0.1252,1,43
624,0.1252,1,43
625,0.1252,1,43
626,0.1252,1,43
627,0.1252,1,43
628,0.1252,1,43
629,0.1252,1,43
630,0.1252,1,43
631,0.1252,1,43
632,0.1252,1,43
633,0.1252,1,43
634,0.1252,1,43
635,0.1252,1,43
636,0.1252,1,43
637,0.1252,1,43
638,0.1252,1,43
639,0.1252,1,43
640,0.1252,1,43
641,0.1252,1,43
642,0.1252,1,43
643,0.1252,1,43
644,0.1252,1,43
645,0.1252,1,43
646,0.1252,1,43
647,0.1252,1,43
648,0.1252,1,43
649,0.1252,1,43
650,0.1252,1,43
651,0.1252,1,43
652,0.1252,1,43
653,0.1252,1,43
654,0.1252,1,43
655,0.1252,1,43
656,0.1252,1,43
657,0.1252,1,43
658,0.1252,1,43
659,0.1252,1,43
660,0.1252,1,43
661,0.1252,1,43
662,0.1252,1,43
663,0.1252,1,43
664,0.1252,1,43
665,0.1252,1,43
666,0.1252,1,43
667,0.1252,1,43
668,0.1252,1,43
669,0.1252,1,43
670,0.1252,1,43
671,0.1252,1,43
672,0.1252,1,43
673,0.1252,1,43
674,0.1252,1,43
675,0.1252,1,43
676,0.1252,1,43
677,0.1252,1,43
678,0.1252,1,43
679,0.1252,1,43
680,0.1252,1,43
681,0.1252,1,43
682,0.1252,1,43
683,0.1252,1,43
684,0.1252,1,43
685,0.1252,1,43
686,0.1252,1,43
687,0.1252,1,43
688,0.1252,1,43
689,0.1252,1,43
690,0.1252,1,43
691,0.1252,1,43
692,0.1252,1,43
693,0.1252,1,43
694,0.1252,1,43
695,0.1252,1,43
696,0.1252,1,43
697,0.1252,1,43
698,0.1252,1,43
699,0.1252,1,43
700,0.1252,1,43
701,0.1252,1,43
702,0.1252,1,43
703,0.1252,1,43
704,0.1252,1,43
705,0.1252,1,43
706,0.1252,1,43
707,0.1252,1,43
708,0.1252,1,43
709,0.1252,1,43
710,0.1252,1,43
711,0.1252,1,43
712,0.1252,1,43
713,0.1252,1,43
714,0.1252,1,43
715,0.1252,1,43
716,0.1252,1,43
717,0.1252,1,43
718,0.1252,1,43
719,0.1252,1,43
720,0.1252,1,43
721,0.1252,1,43
722,0.1252,1,43
723,0.1252,1,43
724,0.1252,1,43
725,0.1252,1,43
726,0.1252,1,43
727,0.1252,1,43
728,0.1252,1,43
729,0.1252,1,43
730,0.1252,1,43
731,0.1252,1,43
732,0.1252,1,43
733,0.1252,1,43
734,0.1252,1,43
735,0.1252,1,43
736,0.1252,1,43
737,0.1252,1,43
738,0.1252,1,43
739,0.1252,1,43
740,0.1252,1,43
741,0.1252,1,43
742,0.1252,1,43
743,0.1252,1,43
744,0.1252,1,43
745,0.1252,1,43
746,0.1252,1,43
747,0.1252,1,43
748,0.1252,1,43
749,0.1252,1,43
750,0.1252,1,43
751,0.1252,1,43
752,0.1252,1,43
753,0.1252,1,43
754,0.1252,1,43
755,0.1252,1,43
756,0.1252,1,43
757,0.1252,1,43
758,0.1252,1,43
759,0.1252,1,43
760,0.1252,1,43
761,0.1252,1,43
762,0.1252,1,43
763,0.1252,1,43
764,0.1252,1,43
765,0.1252,1,43
766,0.1252,1,43
767,0.1252,1,43
768,0.1252,1,43
769,0.1252,1,43
770,0.1252,1,43
771,0.1252,1,43
772,0.1252,1,43
773,0.1252,1,43
774,0.1252,1,43
775,0.1252,1,43
776,0.1252,1,43
777,0.1252,1,43
778,0.1252,1,43
779,0.1252,1,43
780,0.1252,1,43
781,0.1252,1,43
782,0.1252,1,43
783,0.1252,1,43
784,0.1252,1,43
785,0.1252,1,43
786,0.1252,1,43
787,0.1252,1,43
788,0.1252,1,43
789,0.1252,1,43
790,0.1252,1,43
791,0.1252,1,43
792,0.1252,1,43
793,0.1252,1,43
794,0.1252,1,43
795,0.1252,1,43
796,0.1252,1,43
797,0.1252,1,43
798,0.1252,1,43
799,0.1252,1,43
800,0.1252,1,43
801,0.1252,1,43
802,0.1252,1,43
803,0.1252,1,43
804,0.1252,1,43
805,0.1252,1,43
806,0.1252,1,43
807,0.1252,1,43
808,0.1252,1,43
809,0.1252,1,43
810,0.1252,1,43
811,0.1252,1,43
812,0.1252,1,43
813,0.1252,1,43
814,0.1252,1,43
815,0.1252,1,43
816,0.1252,1,43
817,0.1252,1,43
818,0.1252,1,43
819,0.1252,1,43
820,0.1252,1,43
821,0.1252,1,43
822,0.1252,1,43
823,0.1252,1,43
824,0.1252,1,43
825,0.1252,1,43
826,0.1252,1,43
827,0.1252,1,43
828,0.1252,1,43
829,0.1252,1,43
830,0.1252,1,43
831,0.1252,1,43
832,0.1252,1,43
833,0.1252,1,43
834,0.1252,1,43
835,0.1252,1,43
836,0.1252,1,43
837,0.1252,1,43
838,0.1252,1,43
839,0.1252,1,43
840,0.1252,1,43
841,0.1252,1,43
842,0.1252,1,43
843,0.1252,1,43
844,0.1252,1,43
845,0.1252,1,43
846,0.1252,1,43
847,0.1252,1,43
848,0.1252,1,43
849,0.1252,1,43
850,0.1252,1,43
851,0.1252,1,43
852,0.1252,1,43
853,0.1252,1,43
854,0.1252,1,43
855,0.1252,1,43
856,0.1252,1,43
857,0.1252,1,43
858,0.1252,1,43
859,0.1252,1,43
860,0.1252,1,43
861,0.1252,1,43
862,0.1252,1,43
863,0.1252,1,43
864,0.1252,1,43
865,0.1252,1,43
866,0.1252,1,43
867,0.1252,1,43
868,0.1252,1,43
869,0.1252,1,43
870,0.1252,1,43
871,0.1252,1,43
872,0.1252,1,43
873,0.1252,1,43
874,0.1252,1,43
875,0.1252,1,43
876,0.1252,1,43
877,0.1252,1,43
878,0.1252,1,43
879,0.1252,1,43
880,0.1252,1,43
881,0.1252,1,43
882,0.1252,1,43
883,0.1252,1,43
884,0.1252,1,43
885,0.1252,1,43
886,0.1252,1,43
887,0.1252,1,43
888,0.1252,1,43
889,0.1252,1,43
890,0.1252,1,43
891,0.1252,1,43
892,0.1252,1,43
893,0.1252,1,43
894,0.1252,1,43
895,0.1252,1,43
896,0.1252,1,43
897,0.1252,1,43
898,0.1252,1,43
899,0.1252,1,43
900,0.1252,1,43
901,0.1252,1,43
902,0.1252,1,43
903,0.1252,1,43
904,0.1252,1,43
905,0.1252,1,43
906,0.1252,1,43
907,0.1252,1,43
908,0.1252,1,43
909,0.1252,1,43
910,0.1252,1,43
911,0.1252,1,43
912,0.1252,1,43
913,0.1252,1,43
914,0.1252,1,43
915,0.1252,1,43
916,0.1252,1,43
917,0.1252,1,43
918,0.1252,1,43
919,0.1252,1,43
920,0.1252,1,43
921,0.1252,1,43
922,0.1252,1,43
923,0.1252,1,43
924,0.1252,1,43
925,0.1252,1,43
926,0.1252,1,43
927,0.1252,1,43
928,0.1252,1,43
929,0.1252,1,43
930,0.1252,1,43
931,0.1252,1,43
932,0.1252,1,43
933,0.1252,1,43
934,0.1252,1,43
935,0.1252,1,43
936,0.1252,1,43
937,0.1252,1,43
938,0.1252,1,43
939,0.1252,1,43
940,0.1252,1,43
941,0.1252,1,43
942,0.1252,1,43
943,0.1252,1,43
944,0.1252,1,43
945,0.1252,1,43
946,0.1252,1,43
947,0.1252,1,43
948,0.1252,1,43
949,0.1252,1,43
950,0.1252,1,43
951,0.1252,1,43
952,0.1252,1,43
953,0.1252,1,43
954,0.1252,1,43
955,0.1252,1,43
956,0.1252,1,43
957,0.1252,1,43
958,0.1252,1,43
959,0.1252,1,43
960,0.1252,1,43
961,0.1252,1,43
962,0.1252,1,43
963,0.1252,1,43
964,0.1252,1,43
965,0.1252,1,43
966,0.1252,1,43
967,0.1252,1,43
968,0.1252,1,43
969,0.1252,1,43
970,0.1252,1,43
971,0.1252,1,43
972,0.1252,1,43
973,0.1252,1,43
974,0.1252,1,43
975,0.1252,1,43
976,0.1252,1,43
977,0.1252,1,43
978,0.1252,1,43
979,0.1252,1,43
980,0.1252,1,43
981,0.1252,1,43
982,0.1252,1,43
983,0.1252,1,43
984,0.1252,1,43
985,0.1252,1,43
986,0.1252,1,43
987,0.1252,1,43
988,0.1252,1,43
989,0.1252,1,43
990,0.1252,1,43
991,0.1252,1,43
992,0.1252,1,43
993,0.1252,1,43
994,0.1252,1,43
995,0.1252,1,43
996,0.1252,1,43
997,0.1252,1,43
998,0.1252,1,43
999,0.1252,1,43
1000,0.1252,1,43
1001,0.1252,1,43
1002,0.1252,1,43
1003,0.1252,1,43
1004,0.1252,1,43
1005,0.1252,1,43
1006,0.1252,1,43
1007,0.1252,1,43
1008,0.1252,1,43
1009,0.1252,1,43
1010,0.1252,1,43
1011,0.1252,1,43
1012,0.1252,1,43
1013,0.1252,1,43
1014,0.1252,1,43
1015,0.1252,1,43
1016,0.1252,1,43
1017,0.1252,1,43
1018,0.1252,1,43
1019,0.1252,1,43
1020,0.1252,1,43
1021,0.1252,1,43
1022,0.1252,1,43
1023,0.1252,1,43
1024,0.1252,1,43
1025,0.1252,1,43
1026,0.1252,1,43
1027,0.1252,1,43
1028,0.1252,1,43
1029,0.1252,1,43
1030,0.1252,1,43
1031,0.1252,1,43
1032,0.1252,1,43
1033,0.1252,1,43
1034,0.1252,1,43
1035,0.1252,1,43
1036,0.1252,1,43
1037,0.1252,1,43
1038,0.1252,1,43
1039,0.1252,1,43
1040,0.1252,1,43
1041,0.1252,1,43
1042,0.1252,1,43
1043,0.1252,1,43
1044,0.1252,1,43
1045,0.1252,1,43
1046,0.1252,1,43
1047,0.1252,1,43
1048,0.1252,1,43
1049,0.1252,1,43
1050,0.1252,1,43
1051,0.1252,1,43
1052,0.1252,1,43
1053,0.1252,1,43
1054,0.1252,1,43
1055,0.1252,1,43
1056,0.1252,1,43
1057,0.1252,1,43
1058,0.1252,1,43
1059,0.1252,1,43
1060,0.1252,1,43
1061,0.1252,1,43
1062,0.1252,1,43
1063,0.1252,1,43
1064,0.1252,1,43
1065,0.1252,1,43
1066,0.1252,1,43
1067,0.1252,1,43
1068,0.1252,1,43
1069,0.1252,1,43
1070,0.1252,1,43
1071,0.1252,1,43
1072,0.1252,1,43
1073,0.1252,1,43
1074,0.1252,1,43
1075,0.1252,1,43
1076,0.1252,1,43
1077,0.1252,1,43
1078,0.1252,1,43
1079,0.1252,1,43
1080,0.1252,1,43
1081,0.1252,1,43
1082,0.1252,1,43
1083,0.1252,1,43
1084,0.1252,1,43
1085,0.1252,1,43
1086,0.1252,1,43
1087,0.1252,1,43
1088,0.1252,1,43
1089,0.1252,1,43
1090,0.1252,1,43
1091,0.1252,1,43
1092,0.1252,1,43
1093,0.1252,1,43
1094,0.1252,1,43
1095,0.1252,1,43
1096,0.1252,1,43
1097,0.1252,1,43
1098,0.1252,1,43
1099,0.1252,1,43
1100,0.1252,1,43
1101,0.1252,1,43
1102,0.1252,1,43
1103,0.1252,1,43
1104,0.1252,1,43
1105,0.1252,1,43
1106,0.1252,1,43
1107,0.1252,1,43
1108,0.1252,1,43
1109,0.1252,1,43
1110,0.1252,1,43
1111,0.1252,1,43
1112,0.1252,1,43
1113,0.1252,1,43
1114,0.1252,1,43
1115,0.1252,1,43
1116,0.1252,1,43
1117,0.1252,1,43
1118,0.1252,1,43
1119,0.1252,1,43
1120,0.1252,1,43
1121,0.1252,1,43
1122,0.1252,1,43
1123,0.1252,1,43
1124,0.1252,1,43
1125,0.1252,1,43
1126,0.1252,1,43
1127,0.1252,1,43
1128,0.1252,1,43
1129,0.1252,1,43
1130,0.1252,1,43
1131,0.1252,1,43
1132,0.1252,1,43
1133,0.1252,1,43
1134,0.1252,1,43
1135,0.1252,1,43
1136,0.1252,1,43
1137,0.1252,1,43
1138,0.1252,1,43
1139,0.1252,1,43
1140,0.1252,1,43
1141,0.1252,1,43
1142,0.1252,1,43
1143,0.1252,1,43
1144,0.1252,1,43
1145,0.1252,1,43
1146,0.1252,1,43
1147,0.1252,1,43
1148,0.1252,1,43
1149,0.1252,1,43
1150,0.1252,1,43
1151,0.1252,1,43
1152,0.1252,1,43
1153,0.1252,1,43
1154,0.1252,1,43
1155,0.1252,1,43
1156,0.1252,1,43
1157,0.1252,1,43
1158,0.1252,1,43
1159,0.1252,1,43
1160,0.1252,1,43
1161,0.1252,1,43
1162,0.1252,1,43
1163,0.1252,1,43
1164,0.1252,1,43
1165,0.1252,1,43
1166,0.1252,1,43
1167,0.1252,1,43
1168,0.1252,1,43
1169,0.1252,1,43
1170,0.1252,1,43
1171,0.1252,1,43
1172,0.1252,1,43
1173,0.1252,1,43
1174,0.1252,1,43
1175,0.1252,1,43
1176,0.1252,1,43
1177,0.1252,1,43
1178,0.1252,1,43
1179,0.1252,1,43
1180,0.1252,1,43
1181,0.1252,1,43
1182,0.1252,1,43
1183,0.1252,1,43
1184,0.1252,1,43
1185,0.1252,1,43
1186,0.1252,1,43
1187,0.1252,1,43
1188,0.1252,1,43
1189,0.1252,1,43
1190,0.1252,1,43
1191,0.1252,1,43
1192,0.1252,1,43
1193,0.1252,1,43
1194,0.1252,1,43
1195,0.1252,1,43
1196,0.1252,1,43
1197,0.1252,1,43
1198,0.1252,1,43
1199,0.1252,1,43
1200,0.1252,1,43
1201,0.1252,1,43
1202,0.1252,1,43
1203,0.1252,1,43
1204,0.1252,1,43
1205,0.1252,1,43
1206,0.1252,1,43
1207,0.1252,1,43
1208,0.1252,1,43
1209,0.1252,1,43
1210,0.1252,1,43
1211,0.1252,1,43
1212,0.1252,1,43
1213,0.1252,1,43
1214,0.1252,1,43
1215,0.1252,1,43
1216,0.1252,1,43
1217,0.1252,1,43
1218,0.1252,1,43
1219,0.1252,1,43
1220,0.1252,1,43
1221,0.1252,1,43
1222,0.1252,1,43
1223,0.1252,1,43
1224,0.1252,1,43
1225,0.1252,1,43
1226,0.1252,1,43
1227,0.1252,1,43
1228,0.1252,1,43
1229,0.1252,1,43
1230,0.1252,1,43
1231,0.1252,1,43
1232,0.1252,1,43
1233,0.1252,1,43
1234,0.1252,1,43
1235,0.1252,1,43
1236,0.1252,1,43
1237,0.1252,1,43
1238,0.1252,1,43
1239,0.1252,1,43
1240,0.1252,1,43
1241,0.1252,1,43
1242,0.1252,1,43
1243,0.1252,1,43
1244,0.1252,1,43
1245,0.1252,1,43
1246,0.1252,1,43
1247,0.1252,1,43
1248,0.1252,1,43
1249,0.1252,1,43
1250,0.1252,1,43
1251,0.1252,1,43
1252,0.1252,1,43
1253,0.1252,1,43
1254,0.1252,1,43
1255,0.1252,1,43
1256,0.1252,1,43
1257,0.1252,1,43
1258,0.1252,1,43
1259,0.1252,1,43
1260,0.1252,1,43
1261,0.1252,1,43
1262,0.1252,1,43
1263,0.1252,1,43
1264,0.1252,1,43
1265,0.1252,1,43
1266,0.1252,1,43
1267,0.1252,1,43
1268,0.1252,1,43
1269,0.1252,1,43
1270,0.1252,1,43
1271,0.1252,1,43
1272,0.1252,1,43
1273,0.1252,1,43
1274,0.1252,1,43
1275,0.1252,1,43
1276,0.1252,1,43
1277,0.1252,1,43
1278,0.1252,1,43
1279,0.1252,1,43
1280,0.1252,1,43
1281,0.1252,1,43
1282,0.1252,1,43
1283,0.1252,1,43
1284,0.1252,1,43
1285,0.1252,1,43
1286,0.1252,1,43
1287,0.1252,1,43
1288,0.1252,1,43
1289,0.1252,1,43
1290,0.1252,1,43
1291,0.1252,1,43
1292,0.1252,1,43
1293,0.1252,1,43
1294,0.1252,1,43
1295,0.1252,1,43
1296,0.1252,1,43
1297,0.1252,1,43
1298,0.1252,1,43
1299,0.1252,1,43
1300,0.1252,1,43
1301,0.1252,1,43
1302,0.1252,1,43
1303,0.1252,1,43
1304,0.1252,1,43
1305,0.1252,1,43
1306,0.1252,1,43
1307,0.1252,1,43
1308,0.1252,1,43
1309,0.1252,1,43
1310,0.1252,1,43
1311,0.1252,1,43
1312,0.1252,1,43
1313,0.1252,1,43
1314,0.1252,1,43
1315,0.1252,1,43
1316,0.1252,1,43
1317,0.1252,1,43
1318,0.1252,1,43
1319,0.1252,1,43
1320,0.1252,1,43
1321,0.1252,1,43
1322,0.1252,1,43
1323,0.1252,1,43
1324,0.1252,1,43
1325,0.1252,1,43
1326,0.1252,1,43
1327,0.1252,1,43
1328,0.1252,1,43
1329,0.1252,1,43
1330,0.1252,1,43
1331,0.1252,1,43
1332,0.1252,1,43
1333,0.1252,1,43
1334,0.1252,1,43
1335,0.1252,1,43
1336,0.1252,1,43
1337,0.1252,1,43
1338,0.1252,1,43
1339,0.1252,1,43
1340,0.1252,1,43
1341,0.1252,1,43
1342,0.1252,1,43
1343,0.1252,1,43
1344,0.1252,1,43
1345,0.1252,1,43
1346,0.1252,1,43
1347,0.1252,1,43
1348,0.1252,1,43
1349,0.1252,1,43
1350,0.1252,1,43
1351,0.1252,1,43
1352,0.1252,1,43
1353,0.1252,1,43
1354,0.1252,1,43
1355,0.1252,1,43
1356,0.1252,1,43
1357,0.1252,1,43
1358,0.1252,1,43
1359,0.1252,1,43
1360,0.1252,1,43
1361,0.1252,1,43
1362,0.1252,1,43
1363,0.1252,1,43
1364,0.1252,1,43
1365,0.1252,1,43
1366,0.1252,1,43
1367,0.1252,1,43
1368,0.1252,1,43
1369,0.1252,1,43
1370,0.1252,1,43
1371,0.1252,1,43
1372,0.1252,1,43
1373,0.1252,1,43
1374,0.1252,1,43
1375,0.1252,1,43
1376,0.1252,1,43
1377,0.1252,1,43
1378,0.1252,1,43
1379,0.1252,1,43
1380,0.1252,1,43
1381,0.1252,1,43
1382,0.1252,1,43
1383,0.1252,1,43
1384,0.1252,1,43
1385,0.1252,1,43
1386,0.1252,1,43
1387,0.1252,1,43
1388,0.1252,1,43
1389,0.1252,1,43
1390,0.1252,1,43
1391,0.1252,1,43
1392,0.1252,1,43
1393,0.1252,1,43
1394,0.1252,1,43
1395,0.1252,1,43
1396,0.1252,1,43
1397,0.1252,1,43
1398,0.1252,1,43
1399,0.1252,1,43
1400,0.1252,1,43
1401,0.1252,1,43
1402,0.1252,1,43
1403,0.1252,1,43
1404,0.1252,1,43
1405,0.1252,1,43
1406,0.1252,1,43
1407,0.1252,1,43
1408,0.1252,1,43
1409,0.1252,1,43
1410,0.1252,1,43
1411,0.1252,1,43
1412,0.1252,1,43
1413,0.1252,1,43
1414,0.1252,1,43
1415,0.1252,1,43
1416,0.1252,1,43
1417,0.1252,1,43
1418,0.1252,1,43
1419,0.1252,1,43
1420,0.1252,1,43
1421,0.1252,1,43
1422,0.1252,1,43
1423,0.1252,1,43
1424,0.1252,1,43
1425,0.1252,1,43
1426,0.1252,1,43
1427,0.1252,1,43
1428,0.1252,1,43
1429,0.1252,1,43
1430,0.1252,1,43
1431,0.1252,1,43
1432,0.1252,1,43
1433,0.1252,1,43
1434,0.1252,1,43
1435,0.1252,1,43
1436,0.1252,1,43
1437,0.1252,1,43
1438,0.1252,1,43
1439,0.1252,1,43
1440,0.1252,1,43
1441,0.1252,1,43
1442,0.1252,1,43
1443,0.1252,1,43
1444,0.1252,1,43
1445,0.1252,1,43
1446,0.1252,1,43
1447,0.1252,1,43
1448,0.1252,1,43
1449,0.1252,1,43
1450,0.1252,1,43
1451,0.1252,1,43
1452,0.1252,1,43
1453,0.1252,1,43
1454,0.1252,1,43
1455,0.1252,1,43
1456,0.1252,1,43
1457,0.1252,1,43
1458,0.1252,1,43
1459,0.1252,1,43
1460,0.1252,1,43
1461,0.1252,1,43
1462,0.1252,1,43
1463,0.1252,1,43
1464,0.1252,1,43
1465,0.1252,1,43
1466,0.1252,1,43
1467,0.1252,1,43
1468,0.1252,1,43
1469,0.1252,1,43
1470,0.1252,1,43
1471,0.1252,1,43
1472,0.1252,1,43
1473,0.1252,1,43
1474,0.1252,1,43
1475,0.1252,1,43
1476,0.1252,1,43
1477,0.1252,1,43
1478,0.1252,1,43
1479,0.1252,1,43
1480,0.1252,1,43
1481,0.1252,1,43
1482,0.1252,1,43
1483,0.1252,1,43
1484,0.1252,1,43
1485,0.1252,1,43
1486,0.1252,1,43
1487,0.1252,1,43
1488,0.1252,1,43
1489,0.1252,1,43
1490,0.1252,1,43
1491,0.1252,1,43
1492,0.1252,1,43
1493,0.1252,1,43
1494,0.1252,1,43
1495,0.1252,1,43
1496,0.1252,1,43
1497,0.1252,1,43
1498,0.1252,1,43
1499,0.1252,1,43
1500,0.1252,1,43
1501,0.1252,1,43
1502,0.1252,1,43
1503,0.1252,1,43
1504,0.1252,1,43
1505,0.1252,1,43
1506,0.1252,1,43
1507,0.1252,1,43
1508,0.1252,1,43
1509,0.1252,1,43
1510,0.1252,1,43
1511,0.1252,1,43
1512,0.1252,1,43
1513,0.1252,1,43
1514,0.1252,1,43
1515,0.1252,1,43
1516,0.1252,1,43
1517,0.1252,1,43
1518,0.1252,1,43
1519,0.1252,1,43
1520,0.1252,1,43
1521,0.1252,1,43
1522,0.1252,1,43
1523,0.1252,1,43
1524,0.1252,1,43
1525,0.1252,1,43
1526,0.1252,1,43
1527,0.1252,1,43
1528,0.1252,1,43
1529,0.1252,1,43
1530,0.1252,1,43
1531,0.1252,1,43
1532,0.1252,1,43
1533,0.1252,1,43
1534,0.1252,1,43
1535,0.1252,1,43
1536,0.1252,1,43
1537,0.1252,1,43
1538,0.1252,1,43
1539,0.1252,1,43
1540,0.1252,1,43
1541,0.1252,1,43
1542,0.1252,1,43
1543,0.1252,1,43
1544,0.1252,1,43
1545,0.1252,1,43
1546,0.1252,1,43
1547,0.1252,1,43
1548,0.1252,1,43
1549,0.1252,1,43
1550,0.1252,1,43
1551,0.1252,1,43
1552,0.1252,1,43
1553,0.1252,1,43
1554,0.1252,1,43
1555,0.1252,1,43
1556,0.1252,1,43
1557,0.1252,1,43
1558,0.1252,1,43
1559,0.1252,1,43
1560,0.1252,1,43
1561,0.1252,1,43
1562,0.1252,1,43
1563,0.1252,1,43
1564,0.1252,1,43
1565,0.1252,1,43
1566,0.1252,1,43
1567,0.1252,1,43
1568,0.1252,1,43
1569,0.1252,1,43
1570,0.1252,1,43
1571,0.1252,1,43
1572,0.1252,1,43
1573,0.1252,1,43
1574,0.1252,1,43
1575,0.1252,1,43
1576,0.1252,1,43
1577,0.1252,1,43
1578,0.1252,1,43
1579,0.1252,1,43
1580,0.1252,1,43
1581,0.1252,1,43
1582,0.1252,1,43
1583,0.1252,1,43
1584,0.1252,1,43
1585,0.1252,1,43
1586,0.1252,1,43
1587,0.1252,1,43
1588,0.1252,1,43
1589,0.1252,1,43
1590,0.1252,1,43
1591,0.1252,1,43
1592,0.1252,1,43
1593,0.1252,1,43
1594,0.1252,1,43
1595,0.1252,1,43
1596,0.1252,1,43
1597,0.1252,1,43
1598,0.1252,1,43
1599,0.1252,1,43
1600,0.1252,1,43
1601,0.1252,1,43
1602,0.1252,1,43
1603,0.1252,1,43
1604,0.1252,1,43
1605,0.1252,1,43
1606,0.1252,1,43
1607,0.1252,1,43
1608,0.1252,1,43
1609,0.1252,1,43
1610,0.1252,1,43
1611,0.1252,1,43
1612,0.1252,1,43
1613,0.1252,1,43
1614,0.1252,1,43
1615,0.1252,1,43
1616,0.1252,1,43
1617,0.1252,1,43
1618,0.1252,1,43
1619,0.1252,1,43
1620,0.1252,1,43
1621,0.1252,1,43
1622,0.1252,1,43
1623,0.1252,1,43
1624,0.1252,1,43
1625,0.1252,1,43
1626,0.1252,1,43
1627,0.1252,1,43
1628,0.1252,1,43
1629,0.1252,1,43
1630,0.1252,1,43
1631,0.1252,1,43
1632,0.1252,1,43
1633,0.1252,1,43
1634,0.1252,1,43
1635,0.1252,1,43
1636,0.1252,1,43
1637,0.1252,1,43
1638,0.1252,1,43
1639,0.1252,1,43
1640,0.1252,1,43
1641,0.1252,1,43
1642,0.1252,1,43
1643,0.1252,1,43
1644,0.1252,1,43
1645,0.1252,1,43
1646,0.1252,1,43
1647,0.1252,1,43
1648,0.1252,1,43
1649,0.1252,1,43
1650,0.1252,1,43
1651,0.1252,1,43
1652,0.1252,1,43
1653,0.1252,1,43
1654,0.1252,1,43
1655,0.1252,1,43
1656,0.1252,1,43
1657,0.1252,1,43
1658,0.1252,1,43
1659,0.1252,1,43
1660,0.1252,1,43
1661,0.1252,1,43
1662,0.1252,1,43
1663,0.1252,1,43
1664,0.1252,1,43
1665,0.1252,1,43
1666,0.1252,1,43
1667,0.1252,1,43
1668,0.1252,1,43
1669,0.1252,1,43
1670,0.1252,1,43
1671,0.1252,1,43
1672,0.1252,1,43
1673,0.1252,1,43
1674,0.1252,1,43
1675,0.1252,1,43
1676,0.1252,1,43
1677,0.1252,1,43
1678,0.1252,1,43
1679,0.1252,1,43
1680,0.1252,1,43
1681,0.1252,1,43
1682,0.1252,1,43
1683,0.1252,1,43
1684,0.1252,1,43
1685,0.1252,1,43
1686,0.1252,1,43
1687,0.1252,1,43
1688,0.1252,1,43
1689,0.1252,1,43
1690,0.1252,1,43
1691,0.1252,1,43
1692,0.1252,1,43
1693,0.1252,1,43
1694,0.1252,1,43
1695,0.1252,1,43
1696,0.1252,1,43
1697,0.1252,1,43
1698,0.1252,1,43
1699,0.1252,1,43
1700,0.1252,1,43
1701,0.1252,1,43
1702,0.1252,1,43
1703,0.1252,1,43
1704,0.1252,1,43
1705,0.1252,1,43
1706,0.1252,1,43
1707,0.1252,1,43
1708,0.1252,1,43
1709,0.1252,1,43
1710,0.1252,1,43
1711,0.1252,1,43
1712,0.1252,1,43
1713,0.1252,1,43
1714,0.1252,1,43
1715,0.1252,1,43
1716,0.1252,1,43
1717,0.1252,1,43
1718,0.1252,1,43
1719,0.1252,1,43
1720,0.1252,1,43
1721,0.1252,1,43
1722,0.1252,1,43
1723,0.1252,1,43
1724,0.1252,1,43
1725,0.1252,1,43
1726,0.1252,1,43
1727,0.1252,1,43
1728,0.1252,1,43
1729,0.1252,1,43
1730,0.1252,1,43
1731,0.1252,1,43
1732,0.1252,1,43
1733,0.1252,1,43
1734,0.1252,1,43
1735,0.1252,1,43
1736,0.1252,1,43
1737,0.1252,1,43
1738,0.1252,1,43
1739,0.1252,1,43
1740,0.1252,1,43
1741,0.1252,1,43
1742,0.1252,1,43
1743,0.1252,1,43
1744,0.1252,1,43
1745,0.1252,1,43
1746,0.1252,1,43
1747,0.1252,1,43
1748,0.1252,1,43
1749,0.1252,1,43
1750,0.1252,1,43
1751,0.1252,1,43
1752,0.1252,1,43
1753,0.1252,1,43
1754,0.1252,1,43
1755,0.1252,1,43
1756,0.1252,1,43
1757,0.1252,1,43
1758,0.1252,1,43
1759,0.1252,1,43
1760,0.1252,1,43
1761,0.1252,1,43
1762,0.1252,1,43
1763,0.1252,1,43
1764,0.1252,1,43
1765,0.1252,1,43
1766,0.1252,1,43
1767,0.1252,1,43
1768,0.1252,1,43
1769,0.1252,1,43
1770,0.1252,1,43
1771,0.1252,1,43
1772,0.1252,1,43
1773,0.1252,1,43
1774,0.1252,1,43
1775,0.1252,1,43
1776,0.1252,1,43
1777,0.1252,1,43
1778,0.1252,1,43
1779,0.1252,1,43
1780,0.1252,1,43
1781,0.1252,1,43
1782,0.1252,1,43
1783,0.1252,1,43
1784,0.1252,1,43
1785,0.1252,1,43
1786,0.1252,1,43
1787,0.1252,1,43
1788,0.1252,1,43
1789,0.1252,1,43
1790,0.1252,1,43
1791,0.1252,1,43
1792,0.1252,1,43
1793,0.1252,1,43
1794,0.1252,1,43
1795,0.1252,1,43
1796,0.1252,1,43
1797,0.1252,1,43
1798,0.1252,1,43
1799,0.1252,1,43
1800,0.1252,1,43
1801,0.1252,1,43
1802,0.1252,1,43
1803,0.1252,1,43
1804,0.1252,1,43
1805,0.1252,1,43
1806,0.1252,1,43
1807,0.1252,1,43
1808,0.1252,1,43
1809,0.1252,1,43
1810,0.1252,1,43
1811,0.1252,1,43
1812,0.1252,1,43
1813,0.1252,1,43
1814,0.1252,1,43
1815,0.1252,1,43
1816,0.1252,1,43
1817,0.1252,1,43
1818,0.1252,1,43
1819,0.1252,1,43
1820,0.1252,1,43
1821,0.1252,1,43
1822,0.1252,1,43
1823,0.1252,1,43
1824,0.1252,1,43
1825,0.1252,1,43
1826,0.1252,1,43
1827,0.1252,1,43
1828,0.1252,1,43
1829,0.1252,1,43
1830,0.1252,1,43
1831,0.1252,1,43
1832,0.1252,1,43
1833,0.1252,1,43
1834,0.1252,1,43
1835,0.1252,1,43
1836,0.1252,1,43
1837,0.1252,1,43
1838,0.1252,1,43
1839,0.1252,1,43
1840,0.1252,1,43
1841,0.1252,1,43
1842,0.1252,1,43
1843,0.1252,1,43
1844,0.1252,1,43
1845,0.1252,1,43
1846,0.1252,1,43
1847,0.1252,1,43
1848,0.1252,1,43
1849,0.1252,1,43
1850,0.1252,1,43
1851,0.1252,1,43
1852,0.1252,1,43
1853,0.1252,1,43
1854,0.1252,1,43
1855,0.1252,1,43
1856,0.1252,1,43
1857,0.1252,1,43
1858,0.1252,1,43
1859,0.1252,1,43
1860,0.1252,1,43
1861,0.1252,1,43
1862,0.1252,1,43
1863,0.1252,1,43
1864,0.1252,1,43
1865,0.1252,1,43
1866,0.1252,1,43
1867,0.1252,1,43
1868,0.1252,1,43
1869,0.1252,1,43
1870,0.1252,1,43
1871,0.1252,1,43
1872,0.1252,1,43
1873,0.1252,1,43
1874,0.1252,1,43
1875,0.1252,1,43
1876,0.1252,1,43
1877,0.1252,1,43
1878,0.1252,1,43
1879,0.1252,1,43
1880,0.1252,1,43
1881,0.1252,1,43
1882,0.1252,1,43
1883,0.1252,1,43
1884,0.1252,1,43
1885,0.1252,1,43
1886,0.1252,1,43
1887,0.1252,1,43
1888,0.1252,1,43
1889,0.1252,1,43
1890,0.1252,1,43
1891,0.1252,1,43
1892,0.1252,1,43
1893,0.1252,1,43
1894,0.1252,1,43
1895,0.1252,1,43
1896,0.1252,1,43
1897,0.1252,1,43
1898,0.1252,1,43
1899,0.1252,1,43
1900,0.1252,1,43
1901,0.1252,1,43
1902,0.1252,1,43
1903,0.1252,1,43
1904,0.1252,1,43
1905,0.1252,1,43
1906,0.1252,1,43
1907,0.1252,1,43
1908,0.1252,1,43
1909,0.1252,1,43
1910,0.1252,1,43
1911,0.1252,1,43
1912,0.1252,1,43
1913,0.1252,1,43
1914,0.1252,1,43
1915,0.1252,1,43
1916,0.1252,1,43
1917,0.1252,1,43
1918,0.1252,1,43
1919,0.1252,1,43
1920,0.1252,1,43
1921,0.1252,1,43
1922,0.1252,1,43
1923,0.1252,1,43
1924,0.1252,1,43
1925,0.1252,1,43
1926,0.1252,1,43
1927,0.1252,1,43
1928,0.1252,1,43
1929,0.1252,1,43
1930,0.1252,1,43
1931,0.1252,1,43
1932,0.1252,1,43
1933,0.1252,1,43
1934,0.1252,1,43
1935,0.1252,1,43
1936,0.1252,1,43
1937,0.1252,1,43
1938,0.1252,1,43
1939,0.1252,1,43
1940,0.1252,1,43
1941,0.1252,1,43
1942,0.1252,1,43
1943,0.1252,1,43
1944,0.1252,1,43
1945,0.1252,1,43
1946,0.1252,1,43
1947,0.1252,1,43
1948,0.1252,1,43
1949,0.1252,1,43
1950,0.1252,1,43
1951,0.1252,1,43
1952,0.1252,1,43
1953,0.1252,1,43
1954,0.1252,1,43
1955,0.1252,1,43
1956,0.1252,1,43
1957,0.1252,1,43
1958,0.1252,1,43
1959,0.1252,1,43
1960,0.1252,1,43
1961,0.1252,1,43
1962,0.1252,1,43
1963,0.1252,1,43
1964,0.1252,1,43
1965,0.1252,1,43
1966,0.1252,1,43
1967,0.1252,1,43
1968,0.1252,1,43
1969,0.1252,1,43
1970,0.1252,1,43
1971,0.1252,1,43
1972,0.1252,1,43
1973,0.1252,1,43
1974,0.1252,1,43
1975,0.1252,1,43
1976,0.1252,1,43
1977,0.1252,1,43
1978,0.1252,1,43
1979,0.1252,1,43
1980,0.1252,1,43
1981,0.1252,1,43
1982,0.1252,1,43
1983,0.1252,1,43
1984,0.1252,1,43
1985,0.1252,1,43
1986,0.1252,1,43
1987,0.1252,1,43
1988,0.1252,1,43
1989,0.1252,1,43
1990,0.1252,1,43
1991,0.1252,1,43
1992,0.1252,1,43
1993,0.1252,1,43
1994,0.1252,1,43
1995,0.1252,1,43
1996,0.1252,1,43
1997,0.1252,1,43
1998,0.1252,1,43
1999,0.1252,1,43
2000,0.1252,1,43
2001,0.1252,1,43
2002,0.1252,1,43
2003,0.1252,1,43
2004,0.1252,1,43
2005,0.1252,1,43
2006,0.1252,1,43
2007,0.1252,1,43
2008,0.1252,1,43
2009,0.1252,1,43
2010,0.1252,1,43
2011,0.1252,1,43
2012,0.1252,1,43
2013,0.1252,1,43
2014,0.1252,1,43
2015,0.1252,1,43
2016,0.1252,1,43
2017,0.1252,1,43
2018,0.1252,1,43
2019,0.1252,1,43
2020,0.1252,1,43
2021,0.1252,1,43
2022,0.1252,1,43
2023,0.1252,1,43
2024,0.1252,1,43
2025,0.1252,1,43
2026,0.1252,1,43
2027,0.1252,1,43
2028,0.1252,1,43
2029,0.1252,1,43
2030,0.1252,1,43
2031,0.1252,1,43
2032,0.1252,1,43
2033,0.1252,1,43
2034,0.1252,1,43
2035,0.1252,1,43
2036,0.1252,1,43
2037,0.1252,1,43
2038,0.1252,1,43
2039,0.1252,1,43
2040,0.1252,1,43
2041,0.1252,1,43
2042,0.1252,1,43
2043,0.1252,1,43
2044,0.1252,1,43
2045,0.1252,1,43
2046,0.1252,1,43
2047,0.1252,1,43
2048,0.1252,1,43
2049,0.1252,1,43
2050,0.1252,1,43
2051,0.1252,1,43
2052,0.1252,1,43
2053,0.1252,1,43
2054,0.1252,1,43
2055,0.1252,1,43
2056,0.1252,1,43
2057,0.1252,1,43
2058,0.1252,1,43
2059,0.1252,1,43
2060,0.1252,1,43
2061,0.1252,1,43
2062,0.1252,1,43
2063,0.1252,1,43
2064,0.1252,1,43
2065,0.1252,1,43
2066,0.1252,1,43
2067,0.1252,1,43
2068,0.1252,1,43
2069,0.1252,1,43
2070,0.1252,1,43
2071,0.1252,1,43
2072,0.1252,1,43
2073,0.1252,1,43
2074,0.1252,1,43
2075,0.1252,1,43
2076,0.1252,1,43
2077,0.1252,1,43
2078,0.1252,1,43
2079,0.1252,1,43
2080,0.1252,1,43
2081,0.1252,1,43
2082,0.1252,1,43
2083,0.1252,1,43
2084,0.1252,1,43
2085,0.1252,1,43
2086,0.1252,1,43
2087,0.1252,1,43
2088,0.1252,1,43
2089,0.1252,1,43
2090,0.1252,1,43
2091,0.1252,1,43
2092,0.1252,1,43
2093,0.1252,1,43
2094,0.1252,1,43
2095,0.1252,1,43
2096,0.1252,1,43
2097,0.1252,1,43
2098,0.1252,1,43
2099,0.1252,1,43
2100,0.1252,1,43
2101,0.1252,1,43
2102,0.1252,1,43
2103,0.1252,1,43
2104,0.1252,1,43
2105,0.1252,1,43
2106,0.1252,1,43
2107,0.1252,1,43
2108,0.1252,1,43
2109,0.1252,1,43
2110,0.1252,1,43
2111,0.1252,1,43
2112,0.1252,1,43
2113,0.1252,1,43
2114,0.1252,1,43
2115,0.1252,1,43
2116,0.1252,1,43
2117,0.1252,1,43
2118,0.1252,1,43
2119,0.1252,1,43
2120,0.1252,1,43
2121,0.1252,1,43
2122,0.1252,1,43
2123,0.1252,1,43
2124,0.1252,1,43
2125,0.1252,1,43
2126,0.1252,1,43
2127,0.1252,1,43
2128,0.1252,1,43
2129,0.1252,1,43
2130,0.1252,1,43
2131,0.1252,1,43
2132,0.1252,1,43
2133,0.1252,1,43
2134,0.1252,1,43
2135,0.1252,1,43
2136,0.1252,1,43
2137,0.1252,1,43
2138,0.1252,1,43
2139,0.1252,1,43
2140,0.1252,1,43
2141,0.1252,1,43
2142,0.1252,1,43
2143,0.1252,1,43
2144,0.1252,1,43
2145,0.1252,1,43
2146,0.1252,1,43
2147,0.1252,1,43
2148,0.1252,1,43
2149,0.1252,1,43
2150,0.1252,1,43
2151,0.1252,1,43
2152,0.1252,1,43
2153,0.1252,1,43
2154,0.1252,1,43
2155,0.1252,1,43
2156,0.1252,1,43
2157,0.1252,1,43
2158,0.1252,1,43
2159,0.1252,1,43
2160,0.1252,1,43
2161,0.1252,1,43
2162,0.1252,1,43
2163,0.1252,1,43
2164,0.1252,1,43
2165,0.1252,1,43
2166,0.1252,1,43
2167,0.1252,1,43
2168,0.1252,1,43
2169,0.1252,1,43
2170,0.1252,1,43
2171,0.1252,1,43
2172,0.1252,1,43
2173,0.1252,1,43
2174,0.1252,1,43
2175,0.1252,1,43
2176,0.1252,1,43
2177,0.1252,1,43
2178,0.1252,1,43
2179,0.1252,1,43
2180,0.1252,1,43
2181,0.1252,1,43
2182,0.1252,1,43
2183,0.1252,1,43
2184,0.1252,1,43
2185,0.1252,1,43
2186,0.1252,1,43
2187,0.1252,1,43
2188,0.1252,1,43
2189,0.1252,1,43
2190,0.1252,1,43
2191,0.1252,1,43
2192,0.1252,1,43
2193,0.1252,1,43
2194,0.1252,1,43
2195,0.1252,1,43
2196,0.1252,1,43
2197,0.1252,1,43
2198,0.1252,1,43
2199,0.1252,1,43
2200,0.1252,1,43
2201,0.1252,1,43
2202,0.1252,1,43
2203,0.1252,1,43
2204,0.1252,1,43
2205,0.1252,1,43
2206,0.1252,1,43
2207,0.1252,1,43
2208,0.1252,1,43
2209,0.1252,1,43
2210,0.1252,1,43
2211,0.1252,1,43
2212,0.1252,1,43
2213,0.1252,1,43
2214,0.1252,1,43
2215,0.1252,1,43
2216,0.1252,1,43
2217,0.1252,1,43
2218,0.1252,1,43
2219,0.1252,1,43
2220,0.1252,1,43
2221,0.1252,1,43
2222,0.1252,1,43
2223,0.1252,1,43
2224,0.1252,1,43
2225,0.1252,1,43
2226,0.1252,1,43
2227,0.1252,1,43
2228,0.1252,1,43
2229,0.1252,1,43
2230,0.1252,1,43
2231,0.1252,1,43
2232,0.1252,1,43
2233,0.1252,1,43
2234,0.1252,1,43
2235,0.1252,1,43
2236,0.1252,1,43
2237,0.1252,1,43
2238,0.1252,1,43
2239,0.1252,1,43
2240,0.1252,1,43
2241,0.1252,1,43
2242,0.1252,1,43
2243,0.1252,1,43
2244,0.1252,1,43
2245,0.1252,1,43
2246,0.1252,1,43
2247,0.1252,1,43
2248,0.1252,1,43
2249,0.1252,1,43
2250,0.1252,1,43
2251,0.1252,1,43
2252,0.1252,1,43
2253,0.1252,1,43
2254,0.1252,1,43
2255,0.1252,1,43
2256,0.1252,1,43
2257,0.1252,1,43
2258,0.1252,1,43
2259,0.1252,1,43
2260,0.1252,1,43
2261,0.1252,1,43
2262,0.1252,1,43
2263,0.1252,1,43
2264,0.1252,1,43
2265,0.1252,1,43
2266,0.1252,1,43
2267,0.1252,1,43
2268,0.1252,1,43
2269,0.1252,1,43
2270,0.1252,1,43
2271,0.1252,1,43
2272,0.1252,1,43
2273,0.1252,1,43
2274,0.1252,1,43
2275,0.1252,1,43
2276,0.1252,1,43
2277,0.1252,1,43
2278,0.1252,1,43
2279,0.1252,1,43
2280,0.1252,1,43
2281,0.1252,1,43
2282,0.1252,1,43
2283,0.1252,1,43
2284,0.1252,1,43
2285,0.1252,1,43
2286,0.1252,1,43
2287,0.1252,1,43
2288,0.1252,1,43
2289,0.1252,1,43
2290,0.1252,1,43
2291,0.1252,1,43
2292,0.1252,1,43
2293,0.1252,1,43
2294,0.1252,1,43
2295,0.1252,1,43
2296,0.1252,1,43
2297,0.1252,1,43
2298,0.1252,1,43
2299,0.1252,1,43
2300,0.1252,1,43
2301,0.1252,1,43
2302,0.1252,1,43
2303,0.1252,1,43
2304,0.1252,1,43
2305,0.1252,1,43
2306,0.1252,1,43
2307,0.1252,1,43
2308,0.1252,1,43
2309,0.1252,1,43
2310,0.1252,1,43
2311,0.1252,1,43
2312,0.1252,1,43
2313,0.1252,1,43
2314,0.1252,1,43
2315,0.1252,1,43
2316,0.1252,1,43
2317,0.1252,1,43
2318,0.1252,1,43
2319,0.1252,1,43
2320,0.1252,1,43
2321,0.1252,1,43
2322,0.1252,1,43
2323,0.1252,1,43
2324,0.1252,1,43
2325,0.1252,1,43
2326,0.1252,1,43
2327,0.1252,1,43
2328,0.1252,1,43
2329,0.1252,1,43
2330,0.1252,1,43
2331,0.1252,1,43
2332,0.1252,1,43
2333,0.1252,1,43
2334,0.1252,1,43
2335,0.1252,1,43
2336,0.1252,1,43
2337,0.1252,1,43
2338,0.1252,1,43
2339,0.1252,1,43
2340,0.1252,1,43
2341,0.1252,1,43
2342,0.1252,1,43
2343,0.1252,1,43
2344,0.1252,1,43
2345,0.1252,1,43
2346,0.1252,1,43
2347,0.1252,1,43
2348,0.1252,1,43
2349,0.1252,1,43
2350,0.1252,1,43
2351,0.1252,1,43
2352,0.1252,1,43
2353,0.1252,1,43
2354,0.1252,1,43
2355,0.1252,1,43
2356,0.1252,1,43
2357,0.1252,1,43
2358,0.1252,1,43
2359,0.1252,1,43
2360,0.1252,1,43
2361,0.1252,1,43
2362,0.1252,1,43
2363,0.1252,1,43
2364,0.1252,1,43
2365,0.1252,1,43
2366,0.1252,1,43
2367,0.1252,1,43
2368,0.1252,1,43
2369,0.1252,1,43
2370,0.1252,1,43
2371,0.1252,1,43
2372,0.1252,1,43
2373,0.1252,1,43
2374,0.1252,1,43
2375,0.1252,1,43
2376,0.1252,1,43
2377,0.1252,1,43
2378,0.1252,1,43
2379,0.1252,1,43
2380,0.1252,1,43
2381,0.1252,1,43
2382,0.1252,1,43
2383,0.1252,1,43
2384,0.1252,1,43
2385,0.1252,1,43
2386,0.1252,1,43
2387,0.1252,1,43
2388,0.1252,1,43
2389,0.1252,1,43
2390,0.1252,1,43
2391,0.1252,1,43
2392,0.1252,1,43
2393,0.1252,1,43
2394,0.1252,1,43
2395,0.1252,1,43
2396,0.1252,1,43
2397,0.1252,1,43
2398,0.1252,1,43
2399,0.1252,1,43
2400,0.1252,1,43
2401,0.1252,1,43
2402,0.1252,1,43
2403,0.1252,1,43
2404,0.1252,1,43
2405,0.1252,1,43
2406,0.1252,1,43
2407,0.1252,1,43
2408,0.1252,1,43
2409,0.1252,1,43
2410,0.1252,1,43
2411,0.1252,1,43
2412,0.1252,1,43
2413,0.1252,1,43
2414,0.1252,1,43
2415,0.1252,1,43
2416,0.1252,1,43
2417,0.1252,1,43
2418,0.1252,1,43
2419,0.1252,1,43
2420,0.1252,1,43
2421,0.1252,1,43
2422,0.1252,1,43
2423,0.1252,1,43
2424,0.1252,1,43
2425,0.1252,1,43
2426,0.1252,1,43
2427,0.1252,1,43
2428,0.1252,1,43
2429,0.1252,1,43
2430,0.1252,1,43
2431,0.1252,1,43
2432,0.1252,1,43
2433,0.1252,1,43
2434,0.1252,1,43
2435,0.1252,1,43
2436,0.1252,1,43
2437,0.1252,1,43
2438,0.1252,1,43
2439,0.1252,1,43
2440,0.1252,1,43
2441,0.1252,1,43
2442,0.1252,1,43
2443,0.1252,1,43
2444,0.1252,1,43
2445,0.1252,1,43
2446,0.1252,1,43
2447,0.1252,1,43
2448,0.1252,1,43
2449,0.1252,1,43
2450,0.1252,1,43
2451,0.1252,1,43
2452,0.1252,1,43
2453,0.1252,1,43
2454,0.1252,1,43
2455,0.1252,1,43
2456,0.1252,1,43
2457,0.1252,1,43
2458,0.1252,1,43
2459,0.1252,1,43
2460,0.1252,1,43
2461,0.1252,1,43
2462,0.1252,1,43
2463,0.1252,1,43
2464,0.1252,1,43
2465,0.1252,1,43
2466,0.1252,1,43
2467,0.1252,1,43
2468,0.1252,1,43
2469,0.1252,1,43
2470,0.1252,1,43
2471,0.1252,1,43
2472,0.1252,1,43
2473,0.1252,1,43
2474,0.1252,1,43
2475,0.1252,1,43
2476,0.1252,1,43
2477,0.1252,1,43
2478,0.1252,1,43
2479,0.1252,1,43
2480,0.1252,1,43
2481,0.1252,1,43
2482,0.1252,1,43
2483,0.1252,1,43
2484,0.1252,1,43
2485,0.1252,1,43
2486,0.1252,1,43
2487,0.1252,1,43
2488,0.1252,1,43
2489,0.1252,1,43
2490,0.1252,1,43
2491,0.1252,1,43
2492,0.1252,1,43
2493,0.1252,1,43
2494,0.1252,1,43
2495,0.1252,1,43
2496,0.1252,1,43
2497,0.1252,1,43
2498,0.1252,1,43
2499,0.1252,1,43
2500,0.1252,1,43
2501,0.1252,1,43
2502,0.1252,1,43
2503,0.1252,1,43
2504,0.1252,1,43
2505,0.1252,1,43
2506,0.1252,1,43
2507,0.1252,1,43
2508,0.1252,1,43
2509,0.1252,1,43
2510,0.1252,1,43
2511,0.1252,1,43
2512,0.1252,1,43
2513,0.1252,1,43
2514,0.1252,1,43
2515,0.1252,1,43
2516,0.1252,1,43
2517,0.1252,1,43
2518,0.1252,1,43
2519,0.1252,1,43
2520,0.1252,1,43
2521,0.1252,1,43
2522,0.1252,1,43
2523,0.1252,1,43
2524,0.1252,1,43
2525,0.1252,1,43
2526,0.1252,1,43
2527,0.1252,1,43
2528,0.1252,1,43
2529,0.1252,1,43
2530,0.1252,1,43
2531,0.1252,1,43
2532,0.1252,1,43
2533,0.1252,1,43
2534,0.1252,1,43
2535,0.1252,1,43
2536,0.1252,1,43
2537,0.1252,1,43
2538,0.1252,1,43
2539,0.1252,1,43
2540,0.1252,1,43
2541,0.1252,1,43
2542,0.1252,1,43
2543,0.1252,1,43
2544,0.1252,1,43
2545,0.1252,1,43
2546,0.1252,1,43
2547,0.1252,1,43
2548,0.1252,1,43
2549,0.1252,1,43
2550,0.1252,1,43
2551,0.1252,1,43
2552,0.1252,1,43
2553,0.1252,1,43
2554,0.1252,1,43
2555,0.1252,1,43
2556,0.1252,1,43
2557,0.1252,1,43
2558,0.1252,1,43
2559,0.1252,1,43
2560,0.1252,1,43
2561,0.1252,1,43
2562,0.1252,1,43
2563,0.1252,1,43
2564,0.1252,1,43
2565,0.1252,1,43
2566,0.1252,1,43
2567,0.1252,1,43
2568,0.1252,1,43
2569,0.1252,1,43
2570,0.1252,1,43
2571,0.1252,1,43
2572,0.1252,1,43
2573,0.1252,1,43
2574,0.1252,1,43
2575,0.1252,1,43
2576,0.1252,1,43
2577,0.1252,1,43
2578,0.1252,1,43
2579,0.1252,1,43
2580,0.1252,1,43
2581,0.1252,1,43
2582,0.1252,1,43
2583,0.1252,1,43
2584,0.1252,1,43
2585,0.1252,1,43
2586,0.1252,1,43
2587,0.1252,1,43
2588,0.1252,1,43
2589,0.1252,1,43
2590,0.1252,1,43
2591,0.1252,1,43
2592,0.1252,1,43
2593,0.1252,1,43
2594,0.1252,1,43
2595,0.1252,1,43
2596,0.1252,1,43
2597,0.1252,1,43
2598,0.1252,1,43
2599,0.1252,1,43
2600,0.1252,1,43
2601,0.1252,1,43
2602,0.1252,1,43
2603,0.1252,1,43
2604,0.1252,1,43
2605,0.1252,1,43
2606,0.1252,1,43
2607,0.1252,1,43
2608,0.1252,1,43
2609,0.1252,1,43
2610,0.1252,1,43
2611,0.1252,1,43
2612,0.1252,1,43
2613,0.1252,1,43
2614,0.1252,1,43
2615,0.1252,1,43
2616,0.1252,1,43
2617,0.1252,1,43
2618,0.1252,1,43
2619,0.1252,1,43
2620,0.1252,1,43
2621,0.1252,1,43
2622,0.1252,1,43
2623,0.1252,1,43
2624,0.1252,1,43
2625,0.1252,1,43
2626,0.1252,1,43
2627,0.1252,1,43
2628,0.1252,1,43
2629,0.1252,1,43
2630,0.1252,1,43
2631,0.1252,1,43
2632,0.1252,1,43
2633,0.1252,1,43
2634,0.1252,1,43
2635,0.1252,1,43
2636,0.1252,1,43
2637,0.1252,1,43
2638,0.1252,1,43
2639,0.1252,1,43
2640,0.1252,1,43
2641,0.1252,1,43
2642,0.1252,1,43
2643,0.1252,1,43
2644,0.1252,1,43
2645,0.1252,1,43
2646,0.1252,1,43
2647,0.1252,1,43
2648,0.1252,1,43
2649,0.1252,1,43
2650,0.1252,1,43
2651,0.1252,1,43
2652,0.1252,1,43
2653,0.1252,1,43
2654,0.1252,1,43
2655,0.1252,1,43
2656,0.1252,1,43
2657,0.1252,1,43
2658,0.1252,1,43
2659,0.1252,1,43
2660,0.1252,1,43
2661,0.1252,1,43
2662,0.1252,1,43
2663,0.1252,1,43
2664,0.1252,1,43
2665,0.1252,1,43
2666,0.1252,1,43
2667,0.1252,1,43
2668,0.1252,1,43
2669,0.1252,1,43
2670,0.1252,1,43
2671,0.1252,1,43
2672,0.1252,1,43
2673,0.1252,1,43
2674,0.1252,1,43
2675,0.1252,1,43
2676,0.1252,1,43
2677,0.1252,1,43
2678,0.1252,1,43
2679,0.1252,1,43
2680,0.1252,1,43
2681,0.1252,1,43
2682,0.1252,1,43
2683,0.1252,1,43
2684,0.1252,1,43
2685,0.1252,1,43
2686,0.1252,1,43
2687,0.1252,1,43
2688,0.1252,1,43
2689,0.1252,1,43
2690,0.1252,1,43
2691,0.1252,1,43
2692,0.1252,1,43
2693,0.1252,1,43
2694,0.1252,1,43
2695,0.1252,1,43
2696,0.1252,1,43
2697,0.1252,1,43
2698,0.1252,1,43
2699,0.1252,1,43
2700,0.1252,1,43
2701,0.1252,1,43
2702,0.1252,1,43
2703,0.1252,1,43
2704,0.1252,1,43
2705,0.1252,1,43
2706,0.1252,1,43
2707,0.1252,1,43
2708,0.1252,1,43
2709,0.1252,1,43
2710,0.1252,1,43
2711,0.1252,1,43
2712,0.1252,1,43
2713,0.1252,1,43
2714,0.1252,1,43
2715,0.1252,1,43
2716,0.1252,1,43
2717,0.1252,1,43
2718,0.1252,1,43
2719,0.1252,1,43
2720,0.1252,1,43
2721,0.1252,1,43
2722,0.1252,1,43
2723,0.1252,1,43
2724,0.1252,1,43
2725,0.1252,1,43
2726,0.1252,1,43
2727,0.1252,1,43
2728,0.1252,1,43
2729,0.1252,1,43
2730,0.1252,1,43
2731,0.1252,1,43
2732,0.1252,1,43
2733,0.1252,1,43
2734,0.1252,1,43
2735,0.1252,1,43
2736,0.1252,1,43
2737,0.1252,1,43
2738,0.1252,1,43
2739,0.1252,1,43
2740,0.1252,1,43
2741,0.1252,1,43
2742,0.1252,1,43
2743,0.1252,1,43
2744,0.1252,1,43
2745,0.1252,1,43
2746,0.1252,1,43
2747,0.1252,1,43
2748,0.1252,1,43
2749,0.1252,1,43
2750,0.1252,1,43
2751,0.1252,1,43
2752,0.1252,1,43
2753,0.1252,1,43
2754,0.1252,1,43
2755,0.1252,1,43
2756,0.1252,1,43
2757,0.1252,1,43
2758,0.1252,1,43
2759,0.1252,1,43
2760,0.1252,1,43
2761,0.1252,1,43
2762,0.1252,1,43
2763,0.1252,1,43
2764,0.1252,1,43
2765,0.1252,1,43
2766,0.1252,1,43
2767,0.1252,1,43
2768,0.1252,1,43
2769,0.1252,1,43
2770,0.1252,1,43
2771,0.1252,1,43
2772,0.1252,1,43
2773,0.1252,1,43
2774,0.1252,1,43
2775,0.1252,1,43
2776,0.1252,1,43
2777,0.1252,1,43
2778,0.1252,1,43
2779,0.1252,1,43
2780,0.1252,1,43
2781,0.1252,1,43
2782,0.1252,1,43
2783,0.1252,1,43
2784,0.1252,1,43
2785,0.1252,1,43
2786,0.1252,1,43
2787,0.1252,1,43
2788,0.1252,1,43
2789,0.1252,1,43
2790,0.1252,1,43
2791,0.1252,1,43
2792,0.1252,1,43
2793,0.1252,1,43
2794,0.1252,1,43
2795,0.1252,1,43
2796,0.1252,1,43
2797,0.1252,1,43
2798,0.1252,1,43
2799,0.1252,1,43
2800,0.1252,1,43
2801,0.1252,1,43
2802,0.1252,1,43
2803,0.1252,1,43
2804,0.1252,1,43
2805,0.1252,1,43
2806,0.1252,1,43
2807,0.1252,1,43
2808,0.1252,1,43
2809,0.1252,1,43
2810,0.1252,1,43
2811,0.1252,1,43
2812,0.1252,1,43
2813,0.1252,1,43
2814,0.1252,1,43
2815,0.1252,1,43
2816,0.1252,1,43
2817,0.1252,1,43
2818,0.1252,1,43
2819,0.1252,1,43
2820,0.1252,1,43
2821,0.1252,1,43
2822,0.1252,1,43
2823,0.1252,1,43
2824,0.1252,1,43
2825,0.1252,1,43
2826,0.1252,1,43
2827,0.1252,1,43
2828,0.1252,1,43
2829,0.1252,1,43
2830,0.1252,1,43
2831,0.1252,1,43
2832,0.1252,1,43
2833,0.1252,1,43
2834,0.1252,1,43
2835,0.1252,1,43
2836,0.1252,1,43
2837,0.1252,1,43
2838,0.1252,1,43
2839,0.1252,1,43
2840,0.1252,1,43
2841,0.1252,1,43
2842,0.1252,1,43
2843,0.1252,1,43
2844,0.1252,1,43
2845,0.1252,1,43
2846,0.1252,1,43
2847,0.1252,1,43
2848,0.1252,1,43
2849,0.1252,1,43
2850,0.1252,1,43
2851,0.1252,1,43
2852,0.1252,1,43
2853,0.1252,1,43
2854,0.1252,1,43
2855,0.1252,1,43
2856,0.1252,1,43
2857,0.1252,1,43
2858,0.1252,1,43
2859,0.1252,1,43
2860,0.1252,1,43
2861,0.1252,1,43
2862,0.1252,1,43
2863,0.1252,1,43
2864,0.1252,1,43
2865,0.1252,1,43
2866,0.1252,1,43
2867,0.1252,1,43
2868,0.1252,1,43
2869,0.1252,1,43
2870,0.1252,1,43
2871,0.1252,1,43
2872,0.1252,1,43
2873,0.1252,1,43
2874,0.1252,1,43
2875,0.1252,1,43
2876,0.1252,1,43
2877,0.1252,1,43
2878,0.1252,1,43
2879,0.1252,1,43
2880,0.1252,1,43
2881,0.1252,1,43
2882,0.1252,1,43
2883,0.1252,1,43
2884,0.1252,1,43
2885,0.1252,1,43
2886,0.1252,1,43
2887,0.1252,1,43
2888,0.1252,1,43
2889,0.1252,1,43
2890,0.1252,1,43
2891,0.1252,1,43
2892,0.1252,1,43
2893,0.1252,1,43
2894,0.1252,1,43
2895,0.1252,1,43
2896,0.1252,1,43
2897,0.1252,1,43
2898,0.1252,1,43
2899,0.1252,1,43
2900,0.1252,1,43
2901,0.1252,1,43
2902,0.1252,1,43
2903,0.1252,1,43
2904,0.1252,1,43
2905,0.1252,1,43
2906,0.1252,1,43
2907,0.1252,1,43
2908,0.1252,1,43
2909,0.1252,1,43
2910,0.1252,1,43
2911,0.1252,1,43
2912,0.1252,1,43
2913,0.1252,1,43
2914,0.1252,1,43
2915,0.1252,1,43
2916,0.1252,1,43
2917,0.1252,1,43
2918,0.1252,1,43
2919,0.1252,1,43
2920,0.1252,1,43
2921,0.1252,1,43
2922,0.1252,1,43
2923,0.1252,1,43
2924,0.1252,1,43
2925,0.1252,1,43
2926,0.1252,1,43
2927,0.1252,1,43
2928,0.1252,1,43
2929,0.1252,1,43
2930,0.1252,1,43
2931,0.1252,1,43
2932,0.1252,1,43
2933,0.1252,1,43
2934,0.1252,1,43
2935,0.1252,1,43
2936,0.1252,1,43
2937,0.1252,1,43
2938,0.1252,1,43
2939,0.1252,1,43
2940,0.1252,1,43
2941,0.1252,1,43
2942,0.1252,1,43
2943,0.1252,1,43
2944,0.1252,1,43
2945,0.1252,1,43
2946,0.1252,1,43
2947,0.1252,1,43
2948,0.1252,1,43
2949,0.1252,1,43
2950,0.1252,1,43
2951,0.1252,1,43
2952,0.1252,1,43
2953,0.1252,1,43
2954,0.1252,1,43
2955,0.1252,1,43
2956,0.1252,1,43
2957,0.1252,1,43
2958,0.1252,1,43
2959,0.1252,1,43
2960,0.1252,1,43
2961,0.1252,1,43
2962,0.1252,1,43
2963,0.1252,1,43
2964,0.1252,1,43
2965,0.1252,1,43
2966,0.1252,1,43
2967,0.1252,1,43
2968,0.1252,1,43
2969,0.1252,1,43
2970,0.1252,1,43
2971,0.1252,1,43
2972,0.1252,1,43
2973,0.1252,1,43
2974,0.1252,1,43
2975,0.1252,1,43
2976,0.1252,1,43
2977,0.1252,1,43
2978,0.1252,1,43
2979,0.1252,1,43
2980,0.1252,1,43
2981,0.1252,1,43
2982,0.1252,1,43
2983,0.1252,1,43
2984,0.1252,1,43
2985,0.1252,1,43
2986,0.1252,1,43
2987,0.1252,1,43
2988,0.1252,1,43
2989,0.1252,1,43
2990,0.1252,1,43
2991,0.1252,1,43
2992,0.1252,1,43
2993,0.1252,1,43
2994,0.1252,1,43
2995,0.1252,1,43
2996,0.1252,1,43
2997,0.1252,1,43
2998,0.1252,1,43
2999,0.1252,1,43
3000,0.1252,1,43
1,0.3178,2,43
2,0.3178,2,43
3,0.3178,2,43
4,0.3178,2,43
5,0.3178,2,43
6,0.3178,2,43
7,0.3178,2,43
8,0.3178,2,43
9,0.3178,2,43
10,0.3178,2,43
11,0.3178,2,43
12,0.3178,2,43
13,0.3178,2,43
14,0.3178,2,43
15,0.3178,2,43
16,0.3178,2,43
17,0.3178,2,43
18,0.3178,2,43
19,0.3178,2,43
20,0.3178,2,43
21,0.3178,2,43
22,0.3178,2,43
23,0.3178,2,43
24,0.3178,2,43
25,0.3178,2,43
26,0.3178,2,43
27,0.3178,2,43
28,0.3178,2,43
29,0.3178,2,43
30,0.3178,2,43
31,0.3178,2,43
32,0.3178,2,43
33,0.3178,2,43
34,0.3178,2,43
35,0.3178,2,43
36,0.3178,2,43
37,0.3178,2,43
38,0.3178,2,43
39,0.3178,2,43
40,0.3178,2,43
41,0.3178,2,43
42,0.3178,2,43
43,0.3178,2,43
44,0.3178,2,43
45,0.3178,2,43
46,0.3178,2,43
47,0.3178,2,43
48,0.3178,2,43
49,0.3178,2,43
50,0.3178,2,43
51,0.3178,2,43
52,0.3178,2,43
53,0.3178,2,43
54,0.3178,2,43
55,0.3178,2,43
56,0.3178,2,43
57,0.3178,2,43
58,0.3178,2,43
59,0.3178,2,43
60,0.3178,2,43
61,0.3178,2,43
62,0.3178,2,43
63,0.3178,2,43
64,0.3178,2,43
65,0.3178,2,43
66,0.3178,2,43
67,0.3178,2,43
68,0.3178,2,43
69,0.3178,2,43
70,0.3178,2,43
71,0.3178,2,43
72,0.3178,2,43
73,0.3178,2,43
74,0.3178,2,43
75,0.3178,2,43
76,0.3178,2,43
77,0.3178,2,43
78,0.3178,2,43
79,0.3178,2,43
80,0.3178,2,43
81,0.3178,2,43
82,0.3178,2,43
83,0.3178,2,43
84,0.3178,2,43
85,0.3178,2,43
86,0.3178,2,43
87,0.3178,2,43
88,0.3178,2,43
89,0.3178,2,43
90,0.3178,2,43
91,0.3178,2,43
92,0.3178,2,43
93,0.3178,2,43
94,0.3178,2,43
95,0.3178,2,43
96,0.3178,2,43
97,0.3178,2,43
98,0.3178,2,43
99,0.3178,2,43
100,0.3178,2,43
101,0.3178,2,43
102,0.3178,2,43
103,0.3178,2,43
104,0.3178,2,43
105,0.3178,2,43
106,0.3178,2,43
107,0.3178,2,43
108,0.3178,2,43
109,0.3178,2,43
110,0.3178,2,43
111,0.3178,2,43
112,0.3178,2,43
113,0.3178,2,43
114,0.3178,2,43
115,0.3178,2,43
116,0.3178,2,43
117,0.3178,2,43
118,0.3178,2,43
119,0.3178,2,43
120,0.3178,2,43
121,0.3178,2,43
122,0.3178,2,43
123,0.3178,2,43
124,0.3178,2,43
125,0.3178,2,43
126,0.3178,2,43
127,0.3178,2,43
128,0.3178,2,43
129,0.3178,2,43
130,0.3178,2,43
131,0.3178,2,43
132,0.3178,2,43
133,0.3178,2,43
134,0.3178,2,43
135,0.3178,2,43
136,0.3178,2,43
137,0.3178,2,43
138,0.3178,2,43
139,0.3178,2,43
140,0.3178,2,43
141,0.3178,2,43
142,0.3178,2,43
143,0.3178,2,43
144,0.3178,2,43
145,0.3178,2,43
146,0.3178,2,43
147,0.3178,2,43
148,0.3178,2,43
149,0.3178,2,43
150,0.3178,2,43
151,0.3178,2,43
152,0.3178,2,43
153,0.3178,2,43
154,0.3178,2,43
155,0.3178,2,43
156,0.3178,2,43
157,0.3178,2,43
158,0.3178,2,43
159,0.3178,2,43
160,0.3178,2,43
161,0.3178,2,43
162,0.3178,2,43
163,0.3178,2,43
164,0.3178,2,43
165,0.3178,2,43
166,0.3178,2,43
167,0.3178,2,43
168,0.3178,2,43
169,0.3178,2,43
170,0.3178,2,43
171,0.3178,2,43
172,0.3178,2,43
173,0.3178,2,43
174,0.3178,2,43
175,0.3178,2,43
176,0.3178,2,43
177,0.3178,2,43
178,0.3178,2,43
179,0.3178,2,43
180,0.3178,2,43
181,0.3178,2,43
182,0.3178,2,43
183,0.3178,2,43
184,0.3178,2,43
185,0.3178,2,43
186,0.3178,2,43
187,0.3178,2,43
188,0.3178,2,43
189,0.3178,2,43
190,0.3178,2,43
191,0.3178,2,43
192,0.3178,2,43
193,0.3178,2,43
194,0.3178,2,43
195,0.3178,2,43
196,0.3178,2,43
197,0.3178,2,43
198,0.3178,2,43
199,0.3178,2,43
200,0.3178,2,43
201,0.3178,2,43
202,0.3178,2,43
203,0.3178,2,43
204,0.3178,2,43
205,0.3178,2,43
206,0.3178,2,43
207,0.3178,2,43
208,0.3178,2,43
209,0.3178,2,43
210,0.3178,2,43
211,0.3178,2,43
212,0.3178,2,43
213,0.3178,2,43
214,0.3178,2,43
215,0.3178,2,43
216,0.3178,2,43
217,0.3178,2,43
218,0.3178,2,43
219,0.3178,2,43
220,0.3178,2,43
221,0.3178,2,43
222,0.3178,2,43
223,0.3178,2,43
224,0.3178,2,43
225,0.3178,2,43
226,0.3178,2,43
227,0.3178,2,43
228,0.3178,2,43
229,0.3178,2,43
230,0.3178,2,43
231,0.3178,2,43
232,0.3178,2,43
233,0.3178,2,43
234,0.3178,2,43
235,0.3178,2,43
236,0.3178,2,43
237,0.3178,2,43
238,0.3178,2,43
239,0.3178,2,43
240,0.3178,2,43
241,0.3178,2,43
242,0.3178,2,43
243,0.3178,2,43
244,0.3178,2,43
245,0.3178,2,43
246,0.3178,2,43
247,0.3178,2,43
248,0.3178,2,43
249,0.3178,2,43
250,0.3178,2,43
251,0.3178,2,43
252,0.3178,2,43
253,0.3178,2,43
254,0.3178,2,43
255,0.3178,2,43
256,0.3178,2,43
257,0.3178,2,43
258,0.3178,2,43
259,0.3178,2,43
260,0.3178,2,43
261,0.3178,2,43
262,0.3178,2,43
263,0.3178,2,43
264,0.3178,2,43
265,0.3178,2,43
266,0.3178,2,43
267,0.3178,2,43
268,0.3178,2,43
269,0.3178,2,43
270,0.3178,2,43
271,0.3178,2,43
272,0.3178,2,43
273,0.3178,2,43
274,0.3178,2,43
275,0.3178,2,43
276,0.3178,2,43
277,0.3178,2,43
278,0.3178,2,43
279,0.3178,2,43
280,0.3178,2,43
281,0.3178,2,43
282,0.3178,2,43
283,0.3178,2,43
284,0.3178,2,43
285,0.3178,2,43
286,0.3178,2,43
287,0.3178,2,43
288,0.3178,2,43
289,0.3178,2,43
290,0.3178,2,43
291,0.3178,2,43
292,0.3178,2,43
293,0.3178,2,43
294,0.3178,2,43
295,0.3178,2,43
296,0.3178,2,43
297,0.3178,2,43
298,0.3178,2,43
299,0.3178,2,43
300,0.3178,2,43
301,0.3178,2,43
302,0.3178,2,43
303,0.3178,2,43
304,0.3178,2,43
305,0.3178,2,43
306,0.3178,2,43
307,0.3178,2,43
308,0.3178,2,43
309,0.3178,2,43
310,0.3178,2,43
311,0.3178,2,43
312,0.3178,2,43
313,0.3178,2,43
314,0.3178,2,43
315,0.3178,2,43
316,0.3178,2,43
317,0.3178,2,43
318,0.3178,2,43
319,0.3178,2,43
320,0.3178,2,43
321,0.3178,2,43
322,0.3178,2,43
323,0.3178,2,43
324,0.3178,2,43
325,0.3178,2,43
326,0.3178,2,43
327,0.3178,2,43
328,0.3178,2,43
329,0.3178,2,43
330,0.3178,2,43
331,0.3178,2,43
332,0.3178,2,43
333,0.3178,2,43
334,0.3178,2,43
335,0.3178,2,43
336,0.3178,2,43
337,0.3178,2,43
338,0.3178,2,43
339,0.3178,2,43
340,0.3178,2,43
341,0.3178,2,43
342,0.3178,2,43
343,0.3178,2,43
344,0.3178,2,43
345,0.3178,2,43
346,0.3178,2,43
347,0.3178,2,43
348,0.3178,2,43
349,0.3178,2,43
350,0.3178,2,43
351,0.3178,2,43
352,0.3178,2,43
353,0.3178,2,43
354,0.3178,2,43
355,0.3178,2,43
356,0.3178,2,43
357,0.3178,2,43
358,0.3178,2,43
359,0.3178,2,43
360,0.3178,2,43
361,0.3178,2,43
362,0.3178,2,43
363,0.3178,2,43
364,0.3178,2,43
365,0.3178,2,43
366,0.3178,2,43
367,0.3178,2,43
368,0.3178,2,43
369,0.3178,2,43
370,0.3178,2,43
371,0.3178,2,43
372,0.3178,2,43
373,0.3178,2,43
374,0.3178,2,43
375,0.3178,2,43
376,0.3178,2,43
377,0.3178,2,43
378,0.3178,2,43
379,0.3178,2,43
380,0.3178,2,43
381,0.3178,2,43
382,0.3178,2,43
383,0.3178,2,43
384,0.3178,2,43
385,0.3178,2,43
386,0.3178,2,43
387,0.3178,2,43
388,0.3178,2,43
389,0.3178,2,43
390,0.3178,2,43
391,0.3178,2,43
392,0.3178,2,43
393,0.3178,2,43
394,0.3178,2,43
395,0.3178,2,43
396,0.3178,2,43
397,0.3178,2,43
398,0.3178,2,43
399,0.3178,2,43
400,0.3178,2,43
401,0.3178,2,43
402,0.3178,2,43
403,0.3178,2,43
404,0.3178,2,43
405,0.3178,2,43
406,0.3178,2,43
407,0.3178,2,43
408,0.3178,2,43
409,0.3178,2,43
410,0.3178,2,43
411,0.3178,2,43
412,0.3178,2,43
413,0.3178,2,43
414,0.3178,2,43
415,0.3178,2,43
416,0.3178,2,43
417,0.3178,2,43
418,0.3178,2,43
419,0.3178,2,43
420,0.3178,2,43
421,0.3178,2,43
422,0.3178,2,43
423,0.3178,2,43
424,0.3178,2,43
425,0.3178,2,43
426,0.3178,2,43
427,0.3178,2,43
428,0.3178,2,43
429,0.3178,2,43
430,0.3178,2,43
431,0.3178,2,43
432,0.3178,2,43
433,0.3178,2,43
434,0.3178,2,43
435,0.3178,2,43
436,0.3178,2,43
437,0.3178,2,43
438,0.3178,2,43
439,0.3178,2,43
440,0.3178,2,43
441,0.3178,2,43
442,0.3178,2,43
443,0.3178,2,43
444,0.3178,2,43
445,0.3178,2,43
446,0.3178,2,43
447,0.3178,2,43
448,0.3178,2,43
449,0.3178,2,43
450,0.3178,2,43
451,0.3178,2,43
452,0.3178,2,43
453,0.3178,2,43
454,0.3178,2,43
455,0.3178,2,43
456,0.3178,2,43
457,0.3178,2,43
458,0.3178,2,43
459,0.3178,2,43
460,0.3178,2,43
461,0.3178,2,43
462,0.3178,2,43
463,0.3178,2,43
464,0.3178,2,43
465,0.3178,2,43
466,0.3178,2,43
467,0.3178,2,43
468,0.3178,2,43
469,0.3178,2,43
470,0.3178,2,43
471,0.3178,2,43
472,0.3178,2,43
473,0.3178,2,43
474,0.3178,2,43
475,0.3178,2,43
476,0.3178,2,43
477,0.3178,2,43
478,0.3178,2,43
479,0.3178,2,43
480,0.3178,2,43
481,0.3178,2,43
482,0.3178,2,43
483,0.3178,2,43
484,0.3178,2,43
485,0.3178,2,43
486,0.3178,2,43
487,0.3178,2,43
488,0.3178,2,43
489,0.3178,2,43
490,0.3178,2,43
491,0.3178,2,43
492,0.3178,2,43
493,0.3178,2,43
494,0.3178,2,43
495,0.3178,2,43
496,0.3178,2,43
497,0.3178,2,43
498,0.3178,2,43
499,0.3178,2,43
500,0.3178,2,43
501,0.3178,2,43
502,0.3178,2,43
503,0.3178,2,43
504,0.3178,2,43
505,0.3178,2,43
506,0.3178,2,43
507,0.3178,2,43
508,0.3178,2,43
509,0.3178,2,43
510,0.3178,2,43
511,0.3178,2,43
512,0.3178,2,43
513,0.3178,2,43
514,0.3178,2,43
515,0.3178,2,43
516,0.3178,2,43
517,0.3178,2,43
518,0.3178,2,43
519,0.3178,2,43
520,0.3178,2,43
521,0.3178,2,43
522,0.3178,2,43
523,0.3178,2,43
524,0.3178,2,43
525,0.3178,2,43
526,0.3178,2,43
527,0.3178,2,43
528,0.3178,2,43
529,0.3178,2,43
530,0.3178,2,43
531,0.3178,2,43
532,0.3178,2,43
533,0.3178,2,43
534,0.3178,2,43
535,0.3178,2,43
536,0.3178,2,43
537,0.3178,2,43
538,0.3178,2,43
539,0.3178,2,43
540,0.3178,2,43
541,0.3178,2,43
542,0.3178,2,43
543,0.3178,2,43
544,0.3178,2,43
545,0.3178,2,43
546,0.3178,2,43
547,0.3178,2,43
548,0.3178,2,43
549,0.3178,2,43
550,0.3178,2,43
551,0.3178,2,43
552,0.3178,2,43
553,0.3178,2,43
554,0.3178,2,43
555,0.3178,2,43
556,0.3178,2,43
557,0.3178,2,43
558,0.3178,2,43
559,0.3178,2,43
560,0.3178,2,43
561,0.3178,2,43
562,0.3178,2,43
563,0.3178,2,43
564,0.3178,2,43
565,0.3178,2,43
566,0.3178,2,43
567,0.3178,2,43
568,0.3178,2,43
569,0.3178,2,43
570,0.3178,2,43
571,0.3178,2,43
572,0.3178,2,43
573,0.3178,2,43
574,0.3178,2,43
575,0.3178,2,43
576,0.3178,2,43
577,0.3178,2,43
578,0.3178,2,43
579,0.3178,2,43
580,0.3178,2,43
581,0.3178,2,43
582,0.3178,2,43
583,0.3178,2,43
584,0.3178,2,43
585,0.3178,2,43
586,0.3178,2,43
587,0.3178,2,43
588,0.3178,2,43
589,0.3178,2,43
590,0.3178,2,43
591,0.3178,2,43
592,0.3178,2,43
593,0.3178,2,43
594,0.3178,2,43
595,0.3178,2,43
596,0.3178,2,43
597,0.3178,2,43
598,0.3178,2,43
599,0.3178,2,43
600,0.3178,2,43
601,0.3178,2,43
602,0.3178,2,43
603,0.3178,2,43
604,0.3178,2,43
605,0.3178,2,43
606,0.3178,2,43
607,0.3178,2,43
608,0.3178,2,43
609,0.3178,2,43
610,0.3178,2,43
611,0.3178,2,43
612,0.3178,2,43
613,0.3178,2,43
614,0.3178,2,43
615,0.3178,2,43
616,0.3178,2,43
617,0.3178,2,43
618,0.3178,2,43
619,0.3178,2,43
620,0.3178,2,43
621,0.3178,2,43
622,0.3178,2,43
623,0.3178,2,43
624,0.3178,2,43
625,0.3178,2,43
626,0.3178,2,43
627,0.3178,2,43
628,0.3178,2,43
629,0.3178,2,43
630,0.3178,2,43
631,0.3178,2,43
632,0.3178,2,43
633,0.3178,2,43
634,0.3178,2,43
635,0.3178,2,43
636,0.3178,2,43
637,0.3178,2,43
638,0.3178,2,43
639,0.3178,2,43
640,0.3178,2,43
641,0.3178,2,43
642,0.3178,2,43
643,0.3178,2,43
644,0.3178,2,43
645,0.3178,2,43
646,0.3178,2,43
647,0.3178,2,43
648,0.3178,2,43
649,0.3178,2,43
650,0.3178,2,43
651,0.3178,2,43
652,0.3178,2,43
653,0.3178,2,43
654,0.3178,2,43
655,0.3178,2,43
656,0.3178,2,43
657,0.3178,2,43
658,0.3178,2,43
659,0.3178,2,43
660,0.3178,2,43
661,0.3178,2,43
662,0.3178,2,43
663,0.3178,2,43
664,0.3178,2,43
665,0.3178,2,43
666,0.3178,2,43
667,0.3178,2,43
668,0.3178,2,43
669,0.3178,2,43
670,0.3178,2,43
671,0.3178,2,43
672,0.3178,2,43
673,0.3178,2,43
674,0.3178,2,43
675,0.3178,2,43
676,0.3178,2,43
677,0.3178,2,43
678,0.3178,2,43
679,0.3178,2,43
680,0.3178,2,43
681,0.3178,2,43
682,0.3178,2,43
683,0.3178,2,43
684,0.3178,2,43
685,0.3178,2,43
686,0.3178,2,43
687,0.3178,2,43
688,0.3178,2,43
689,0.3178,2,43
690,0.3178,2,43
691,0.3178,2,43
692,0.3178,2,43
693,0.3178,2,43
694,0.3178,2,43
695,0.3178,2,43
696,0.3178,2,43
697,0.3178,2,43
698,0.3178,2,43
699,0.3178,2,43
700,0.3178,2,43
701,0.3178,2,43
702,0.3178,2,43
703,0.3178,2,43
704,0.3178,2,43
705,0.3178,2,43
706,0.3178,2,43
707,0.3178,2,43
708,0.3178,2,43
709,0.3178,2,43
710,0.3178,2,43
711,0.3178,2,43
712,0.3178,2,43
713,0.3178,2,43
714,0.3178,2,43
715,0.3178,2,43
716,0.3178,2,43
717,0.3178,2,43
718,0.3178,2,43
719,0.3178,2,43
720,0.3178,2,43
721,0.3178,2,43
722,0.3178,2,43
723,0.3178,2,43
724,0.3178,2,43
725,0.3178,2,43
726,0.3178,2,43
727,0.3178,2,43
728,0.3178,2,43
729,0.3178,2,43
730,0.3178,2,43
731,0.3178,2,43
732,0.3178,2,43
733,0.3178,2,43
734,0.3178,2,43
735,0.3178,2,43
736,0.3178,2,43
737,0.3178,2,43
738,0.3178,2,43
739,0.3178,2,43
740,0.3178,2,43
741,0.3178,2,43
742,0.3178,2,43
743,0.3178,2,43
744,0.3178,2,43
745,0.3178,2,43
746,0.3178,2,43
747,0.3178,2,43
748,0.3178,2,43
749,0.3178,2,43
750,0.3178,2,43
751,0.3178,2,43
752,0.3178,2,43
753,0.3178,2,43
754,0.3178,2,43
755,0.3178,2,43
756,0.3178,2,43
757,0.3178,2,43
758,0.3178,2,43
759,0.3178,2,43
760,0.3178,2,43
761,0.3178,2,43
762,0.3178,2,43
763,0.3178,2,43
764,0.3178,2,43
765,0.3178,2,43
766,0.3178,2,43
767,0.3178,2,43
768,0.3178,2,43
769,0.3178,2,43
770,0.3178,2,43
771,0.3178,2,43
772,0.3178,2,43
773,0.3178,2,43
774,0.3178,2,43
775,0.3178,2,43
776,0.3178,2,43
777,0.3178,2,43
778,0.3178,2,43
779,0.3178,2,43
780,0.3178,2,43
781,0.3178,2,43
782,0.3178,2,43
783,0.3178,2,43
784,0.3178,2,43
785,0.3178,2,43
786,0.3178,2,43
787,0.3178,2,43
788,0.3178,2,43
789,0.3178,2,43
790,0.3178,2,43
791,0.3178,2,43
792,0.3178,2,43
793,0.3178,2,43
794,0.3178,2,43
795,0.3178,2,43
796,0.3178,2,43
797,0.3178,2,43
798,0.3178,2,43
799,0.3178,2,43
800,0.3178,2,43
801,0.3178,2,43
802,0.3178,2,43
803,0.3178,2,43
804,0.3178,2,43
805,0.3178,2,43
806,0.3178,2,43
807,0.3178,2,43
808,0.3178,2,43
809,0.3178,2,43
810,0.3178,2,43
811,0.3178,2,43
812,0.3178,2,43
813,0.3178,2,43
814,0.3178,2,43
815,0.3178,2,43
816,0.3178,2,43
817,0.3178,2,43
818,0.3178,2,43
819,0.3178,2,43
820,0.3178,2,43
821,0.3178,2,43
822,0.3178,2,43
823,0.3178,2,43
824,0.3178,2,43
825,0.3178,2,43
826,0.3178,2,43
827,0.3178,2,43
828,0.3178,2,43
829,0.3178,2,43
830,0.3178,2,43
831,0.3178,2,43
832,0.3178,2,43
833,0.3178,2,43
834,0.3178,2,43
835,0.3178,2,43
836,0.3178,2,43
837,0.3178,2,43
838,0.3178,2,43
839,0.3178,2,43
840,0.3178,2,43
841,0.3178,2,43
842,0.3178,2,43
843,0.3178,2,43
844,0.3178,2,43
845,0.3178,2,43
846,0.3178,2,43
847,0.3178,2,43
848,0.3178,2,43
849,0.3178,2,43
850,0.3178,2,43
851,0.3178,2,43
852,0.3178,2,43
853,0.3178,2,43
854,0.3178,2,43
855,0.3178,2,43
856,0.3178,2,43
857,0.3178,2,43
858,0.3178,2,43
859,0.3178,2,43
860,0.3178,2,43
861,0.3178,2,43
862,0.3178,2,43
863,0.3178,2,43
864,0.3178,2,43
865,0.3178,2,43
866,0.3178,2,43
867,0.3178,2,43
868,0.3178,2,43
869,0.3178,2,43
870,0.3178,2,43
871,0.3178,2,43
872,0.3178,2,43
873,0.3178,2,43
874,0.3178,2,43
875,0.3178,2,43
876,0.3178,2,43
877,0.3178,2,43
878,0.3178,2,43
879,0.3178,2,43
880,0.3178,2,43
881,0.3178,2,43
882,0.3178,2,43
883,0.3178,2,43
884,0.3178,2,43
885,0.3178,2,43
886,0.3178,2,43
887,0.3178,2,43
888,0.3178,2,43
889,0.3178,2,43
890,0.3178,2,43
891,0.3178,2,43
892,0.3178,2,43
893,0.3178,2,43
894,0.3178,2,43
895,0.3178,2,43
896,0.3178,2,43
897,0.3178,2,43
898,0.3178,2,43
899,0.3178,2,43
900,0.3178,2,43
901,0.3178,2,43
902,0.3178,2,43
903,0.3178,2,43
904,0.3178,2,43
905,0.3178,2,43
906,0.3178,2,43
907,0.3178,2,43
908,0.3178,2,43
909,0.3178,2,43
910,0.3178,2,43
911,0.3178,2,43
912,0.3178,2,43
913,0.3178,2,43
914,0.3178,2,43
915,0.3178,2,43
916,0.3178,2,43
917,0.3178,2,43
918,0.3178,2,43
919,0.3178,2,43
920,0.3178,2,43
921,0.3178,2,43
922,0.3178,2,43
923,0.3178,2,43
924,0.3178,2,43
925,0.3178,2,43
926,0.3178,2,43
927,0.3178,2,43
928,0.3178,2,43
929,0.3178,2,43
930,0.3178,2,43
931,0.3178,2,43
932,0.3178,2,43
933,0.3178,2,43
934,0.3178,2,43
935,0.3178,2,43
936,0.3178,2,43
937,0.3178,2,43
938,0.3178,2,43
939,0.3178,2,43
940,0.3178,2,43
941,0.3178,2,43
942,0.3178,2,43
943,0.3178,2,43
944,0.3178,2,43
945,0.3178,2,43
946,0.3178,2,43
947,0.3178,2,43
948,0.3178,2,43
949,0.3178,2,43
950,0.3178,2,43
951,0.3178,2,43
952,0.3178,2,43
953,0.3178,2,43
954,0.3178,2,43
955,0.3178,2,43
956,0.3178,2,43
957,0.3178,2,43
958,0.3178,2,43
959,0.3178,2,43
960,0.3178,2,43
961,0.3178,2,43
962,0.3178,2,43
963,0.3178,2,43
964,0.3178,2,43
965,0.3178,2,43
966,0.3178,2,43
967,0.3178,2,43
968,0.3178,2,43
969,0.3178,2,43
970,0.3178,2,43
971,0.3178,2,43
972,0.3178,2,43
973,0.3178,2,43
974,0.3178,2,43
975,0.3178,2,43
976,0.3178,2,43
977,0.3178,2,43
978,0.3178,2,43
979,0.3178,2,43
980,0.3178,2,43
981,0.3178,2,43
982,0.3178,2,43
983,0.3178,2,43
984,0.3178,2,43
985,0.3178,2,43
986,0.3178,2,43
987,0.3178,2,43
988,0.3178,2,43
989,0.3178,2,43
990,0.3178,2,43
991,0.3178,2,43
992,0.3178,2,43
993,0.3178,2,43
994,0.3178,2,43
995,0.3178,2,43
996,0.3178,2,43
997,0.3178,2,43
998,0.3178,2,43
999,0.3178,2,43
1000,0.3178,2,43
1001,0.3178,2,43
1002,0.3178,2,43
1003,0.3178,2,43
1004,0.3178,2,43
1005,0.3178,2,43
1006,0.3178,2,43
1007,0.3178,2,43
1008,0.3178,2,43
1009,0.3178,2,43
1010,0.3178,2,43
1011,0.3178,2,43
1012,0.3178,2,43
1013,0.3178,2,43
1014,0.3178,2,43
1015,0.3178,2,43
1016,0.3178,2,43
1017,0.3178,2,43
1018,0.3178,2,43
1019,0.3178,2,43
1020,0.3178,2,43
1021,0.3178,2,43
1022,0.3178,2,43
1023,0.3178,2,43
1024,0.3178,2,43
1025,0.3178,2,43
1026,0.3178,2,43
1027,0.3178,2,43
1028,0.3178,2,43
1029,0.3178,2,43
1030,0.3178,2,43
1031,0.3178,2,43
1032,0.3178,2,43
1033,0.3178,2,43
1034,0.3178,2,43
1035,0.3178,2,43
1036,0.3178,2,43
1037,0.3178,2,43
1038,0.3178,2,43
1039,0.3178,2,43
1040,0.3178,2,43
1041,0.3178,2,43
1042,0.3178,2,43
1043,0.3178,2,43
1044,0.3178,2,43
1045,0.3178,2,43
1046,0.3178,2,43
1047,0.3178,2,43
1048,0.3178,2,43
1049,0.3178,2,43
1050,0.3178,2,43
1051,0.3178,2,43
1052,0.3178,2,43
1053,0.3178,2,43
1054,0.3178,2,43
1055,0.3178,2,43
1056,0.3178,2,43
1057,0.3178,2,43
1058,0.3178,2,43
1059,0.3178,2,43
1060,0.3178,2,43
1061,0.3178,2,43
1062,0.3178,2,43
1063,0.3178,2,43
1064,0.3178,2,43
1065,0.3178,2,43
1066,0.3178,2,43
1067,0.3178,2,43
1068,0.3178,2,43
1069,0.3178,2,43
1070,0.3178,2,43
1071,0.3178,2,43
1072,0.3178,2,43
1073,0.3178,2,43
1074,0.3178,2,43
1075,0.3178,2,43
1076,0.3178,2,43
1077,0.3178,2,43
1078,0.3178,2,43
1079,0.3178,2,43
1080,0.3178,2,43
1081,0.3178,2,43
1082,0.3178,2,43
1083,0.3178,2,43
1084,0.3178,2,43
1085,0.3178,2,43
1086,0.3178,2,43
1087,0.3178,2,43
1088,0.3178,2,43
1089,0.3178,2,43
1090,0.3178,2,43
1091,0.3178,2,43
1092,0.3178,2,43
1093,0.3178,2,43
1094,0.3178,2,43
1095,0.3178,2,43
1096,0.3178,2,43
1097,0.3178,2,43
1098,0.3178,2,43
1099,0.3178,2,43
1100,0.3178,2,43
1101,0.3178,2,43
1102,0.3178,2,43
1103,0.3178,2,43
1104,0.3178,2,43
1105,0.3178,2,43
1106,0.3178,2,43
1107,0.3178,2,43
1108,0.3178,2,43
1109,0.3178,2,43
1110,0.3178,2,43
1111,0.3178,2,43
1112,0.3178,2,43
1113,0.3178,2,43
1114,0.3178,2,43
1115,0.3178,2,43
1116,0.3178,2,43
1117,0.3178,2,43
1118,0.3178,2,43
1119,0.3178,2,43
1120,0.3178,2,43
1121,0.3178,2,43
1122,0.3178,2,43
1123,0.3178,2,43
1124,0.3178,2,43
1125,0.3178,2,43
1126,0.3178,2,43
1127,0.3178,2,43
1128,0.3178,2,43
1129,0.3178,2,43
1130,0.3178,2,43
1131,0.3178,2,43
1132,0.3178,2,43
1133,0.3178,2,43
1134,0.3178,2,43
1135,0.3178,2,43
1136,0.3178,2,43
1137,0.3178,2,43
1138,0.3178,2,43
1139,0.3178,2,43
1140,0.3178,2,43
1141,0.3178,2,43
1142,0.3178,2,43
1143,0.3178,2,43
1144,0.3178,2,43
1145,0.3178,2,43
1146,0.3178,2,43
1147,0.3178,2,43
1148,0.3178,2,43
1149,0.3178,2,43
1150,0.3178,2,43
1151,0.3178,2,43
1152,0.3178,2,43
1153,0.3178,2,43
1154,0.3178,2,43
1155,0.3178,2,43
1156,0.3178,2,43
1157,0.3178,2,43
1158,0.3178,2,43
1159,0.3178,2,43
1160,0.3178,2,43
1161,0.3178,2,43
1162,0.3178,2,43
1163,0.3178,2,43
1164,0.3178,2,43
1165,0.3178,2,43
1166,0.3178,2,43
1167,0.3178,2,43
1168,0.3178,2,43
1169,0.3178,2,43
1170,0.3178,2,43
1171,0.3178,2,43
1172,0.3178,2,43
1173,0.3178,2,43
1174,0.3178,2,43
1175,0.3178,2,43
1176,0.3178,2,43
1177,0.3178,2,43
1178,0.3178,2,43
1179,0.3178,2,43
1180,0.3178,2,43
1181,0.3178,2,43
1182,0.3178,2,43
1183,0.3178,2,43
1184,0.3178,2,43
1185,0.3178,2,43
1186,0.3178,2,43
1187,0.3178,2,43
1188,0.3178,2,43
1189,0.3178,2,43
1190,0.3178,2,43
1191,0.3178,2,43
1192,0.3178,2,43
1193,0.3178,2,43
1194,0.3178,2,43
1195,0.3178,2,43
1196,0.3178,2,43
1197,0.3178,2,43
1198,0.3178,2,43
1199,0.3178,2,43
1200,0.3178,2,43
1201,0.3178,2,43
1202,0.3178,2,43
1203,0.3178,2,43
1204,0.3178,2,43
1205,0.3178,2,43
1206,0.3178,2,43
1207,0.3178,2,43
1208,0.3178,2,43
1209,0.3178,2,43
1210,0.3178,2,43
1211,0.3178,2,43
1212,0.3178,2,43
1213,0.3178,2,43
1214,0.3178,2,43
1215,0.3178,2,43
1216,0.3178,2,43
1217,0.3178,2,43
1218,0.3178,2,43
1219,0.3178,2,43
1220,0.3178,2,43
1221,0.3178,2,43
1222,0.3178,2,43
1223,0.3178,2,43
1224,0.3178,2,43
1225,0.3178,2,43
1226,0.3178,2,43
1227,0.3178,2,43
1228,0.3178,2,43
1229,0.3178,2,43
1230,0.3178,2,43
1231,0.3178,2,43
1232,0.3178,2,43
1233,0.3178,2,43
1234,0.3178,2,43
1235,0.3178,2,43
1236,0.3178,2,43
1237,0.3178,2,43
1238,0.3178,2,43
1239,0.3178,2,43
1240,0.3178,2,43
1241,0.3178,2,43
1242,0.3178,2,43
1243,0.3178,2,43
1244,0.3178,2,43
1245,0.3178,2,43
1246,0.3178,2,43
1247,0.3178,2,43
1248,0.3178,2,43
1249,0.3178,2,43
1250,0.3178,2,43
1251,0.3178,2,43
1252,0.3178,2,43
1253,0.3178,2,43
1254,0.3178,2,43
1255,0.3178,2,43
1256,0.3178,2,43
1257,0.3178,2,43
1258,0.3178,2,43
1259,0.3178,2,43
1260,0.3178,2,43
1261,0.3178,2,43
1262,0.3178,2,43
1263,0.3178,2,43
1264,0.3178,2,43
1265,0.3178,2,43
1266,0.3178,2,43
1267,0.3178,2,43
1268,0.3178,2,43
1269,0.3178,2,43
1270,0.3178,2,43
1271,0.3178,2,43
1272,0.3178,2,43
1273,0.3178,2,43
1274,0.3178,2,43
1275,0.3178,2,43
1276,0.3178,2,43
1277,0.3178,2,43
1278,0.3178,2,43
1279,0.3178,2,43
1280,0.3178,2,43
1281,0.3178,2,43
1282,0.3178,2,43
1283,0.3178,2,43
1284,0.3178,2,43
1285,0.3178,2,43
1286,0.3178,2,43
1287,0.3178,2,43
1288,0.3178,2,43
1289,0.3178,2,43
1290,0.3178,2,43
1291,0.3178,2,43
1292,0.3178,2,43
1293,0.3178,2,43
1294,0.3178,2,43
1295,0.3178,2,43
1296,0.3178,2,43
1297,0.3178,2,43
1298,0.3178,2,43
1299,0.3178,2,43
1300,0.3178,2,43
1301,0.3178,2,43
1302,0.3178,2,43
1303,0.3178,2,43
1304,0.3178,2,43
1305,0.3178,2,43
1306,0.3178,2,43
1307,0.3178,2,43
1308,0.3178,2,43
1309,0.3178,2,43
1310,0.3178,2,43
1311,0.3178,2,43
1312,0.3178,2,43
1313,0.3178,2,43
1314,0.3178,2,43
1315,0.3178,2,43
1316,0.3178,2,43
1317,0.3178,2,43
1318,0.3178,2,43
1319,0.3178,2,43
1320,0.3178,2,43
1321,0.3178,2,43
1322,0.3178,2,43
1323,0.3178,2,43
1324,0.3178,2,43
1325,0.3178,2,43
1326,0.3178,2,43
1327,0.3178,2,43
1328,0.3178,2,43
1329,0.3178,2,43
1330,0.3178,2,43
1331,0.3178,2,43
1332,0.3178,2,43
1333,0.3178,2,43
1334,0.3178,2,43
1335,0.3178,2,43
1336,0.3178,2,43
1337,0.3178,2,43
1338,0.3178,2,43
1339,0.3178,2,43
1340,0.3178,2,43
1341,0.3178,2,43
1342,0.3178,2,43
1343,0.3178,2,43
1344,0.3178,2,43
1345,0.3178,2,43
1346,0.3178,2,43
1347,0.3178,2,43
1348,0.3178,2,43
1349,0.3178,2,43
1350,0.3178,2,43
1351,0.3178,2,43
1352,0.3178,2,43
1353,0.3178,2,43
1354,0.3178,2,43
1355,0.3178,2,43
1356,0.3178,2,43
1357,0.3178,2,43
1358,0.3178,2,43
1359,0.3178,2,43
1360,0.3178,2,43
1361,0.3178,2,43
1362,0.3178,2,43
1363,0.3178,2,43
1364,0.3178,2,43
1365,0.3178,2,43
1366,0.3178,2,43
1367,0.3178,2,43
1368,0.3178,2,43
1369,0.3178,2,43
1370,0.3178,2,43
1371,0.3178,2,43
1372,0.3178,2,43
1373,0.3178,2,43
1374,0.3178,2,43
1375,0.3178,2,43
1376,0.3178,2,43
1377,0.3178,2,43
1378,0.3178,2,43
1379,0.3178,2,43
1380,0.3178,2,43
1381,0.3178,2,43
1382,0.3178,2,43
1383,0.3178,2,43
1384,0.3178,2,43
1385,0.3178,2,43
1386,0.3178,2,43
1387,0.3178,2,43
1388,0.3178,2,43
1389,0.3178,2,43
1390,0.3178,2,43
1391,0.3178,2,43
1392,0.3178,2,43
1393,0.3178,2,43
1394,0.3178,2,43
1395,0.3178,2,43
1396,0.3178,2,43
1397,0.3178,2,43
1398,0.3178,2,43
1399,0.3178,2,43
1400,0.3178,2,43
1401,0.3178,2,43
1402,0.3178,2,43
1403,0.3178,2,43
1404,0.3178,2,43
1405,0.3178,2,43
1406,0.3178,2,43
1407,0.3178,2,43
1408,0.3178,2,43
1409,0.3178,2,43
1410,0.3178,2,43
1411,0.3178,2,43
1412,0.3178,2,43
1413,0.3178,2,43
1414,0.3178,2,43
1415,0.3178,2,43
1416,0.3178,2,43
1417,0.3178,2,43
1418,0.3178,2,43
1419,0.3178,2,43
1420,0.3178,2,43
1421,0.3178,2,43
1422,0.3178,2,43
1423,0.3178,2,43
1424,0.3178,2,43
1425,0.3178,2,43
1426,0.3178,2,43
1427,0.3178,2,43
1428,0.3178,2,43
1429,0.3178,2,43
1430,0.3178,2,43
1431,0.3178,2,43
1432,0.3178,2,43
1433,0.3178,2,43
1434,0.3178,2,43
1435,0.3178,2,43
1436,0.3178,2,43
1437,0.3178,2,43
1438,0.3178,2,43
1439,0.3178,2,43
1440,0.3178,2,43
1441,0.3178,2,43
1442,0.3178,2,43
1443,0.3178,2,43
1444,0.3178,2,43
1445,0.3178,2,43
1446,0.3178,2,43
1447,0.3178,2,43
1448,0.3178,2,43
1449,0.3178,2,43
1450,0.3178,2,43
1451,0.3178,2,43
1452,0.3178,2,43
1453,0.3178,2,43
1454,0.3178,2,43
1455,0.3178,2,43
1456,0.3178,2,43
1457,0.3178,2,43
1458,0.3178,2,43
1459,0.3178,2,43
1460,0.3178,2,43
1461,0.3178,2,43
1462,0.3178,2,43
1463,0.3178,2,43
1464,0.3178,2,43
1465,0.3178,2,43
1466,0.3178,2,43
1467,0.3178,2,43
1468,0.3178,2,43
1469,0.3178,2,43
1470,0.3178,2,43
1471,0.3178,2,43
1472,0.3178,2,43
1473,0.3178,2,43
1474,0.3178,2,43
1475,0.3178,2,43
1476,0.3178,2,43
1477,0.3178,2,43
1478,0.3178,2,43
1479,0.3178,2,43
1480,0.3178,2,43
1481,0.3178,2,43
1482,0.3178,2,43
1483,0.3178,2,43
1484,0.3178,2,43
1485,0.3178,2,43
1486,0.3178,2,43
1487,0.3178,2,43
1488,0.3178,2,43
1489,0.3178,2,43
1490,0.3178,2,43
1491,0.3178,2,43
1492,0.3178,2,43
1493,0.3178,2,43
1494,0.3178,2,43
1495,0.3178,2,43
1496,0.3178,2,43
1497,0.3178,2,43
1498,0.3178,2,43
1499,0.3178,2,43
1500,0.3178,2,43
1501,0.3178,2,43
1502,0.3178,2,43
1503,0.3178,2,43
1504,0.3178,2,43
1505,0.3178,2,43
1506,0.3178,2,43
1507,0.3178,2,43
1508,0.3178,2,43
1509,0.3178,2,43
1510,0.3178,2,43
1511,0.3178,2,43
1512,0.3178,2,43
1513,0.3178,2,43
1514,0.3178,2,43
1515,0.3178,2,43
1516,0.3178,2,43
1517,0.3178,2,43
1518,0.3178,2,43
1519,0.3178,2,43
1520,0.3178,2,43
1521,0.3178,2,43
1522,0.3178,2,43
1523,0.3178,2,43
1524,0.3178,2,43
1525,0.3178,2,43
1526,0.3178,2,43
1527,0.3178,2,43
1528,0.3178,2,43
1529,0.3178,2,43
1530,0.3178,2,43
1531,0.3178,2,43
1532,0.3178,2,43
1533,0.3178,2,43
1534,0.3178,2,43
1535,0.3178,2,43
1536,0.3178,2,43
1537,0.3178,2,43
1538,0.3178,2,43
1539,0.3178,2,43
1540,0.3178,2,43
1541,0.3178,2,43
1542,0.3178,2,43
1543,0.3178,2,43
1544,0.3178,2,43
1545,0.3178,2,43
1546,0.3178,2,43
1547,0.3178,2,43
1548,0.3178,2,43
1549,0.3178,2,43
1550,0.3178,2,43
1551,0.3178,2,43
1552,0.3178,2,43
1553,0.3178,2,43
1554,0.3178,2,43
1555,0.3178,2,43
1556,0.3178,2,43
1557,0.3178,2,43
1558,0.3178,2,43
1559,0.3178,2,43
1560,0.3178,2,43
1561,0.3178,2,43
1562,0.3178,2,43
1563,0.3178,2,43
1564,0.3178,2,43
1565,0.3178,2,43
1566,0.3178,2,43
1567,0.3178,2,43
1568,0.3178,2,43
1569,0.3178,2,43
1570,0.3178,2,43
1571,0.3178,2,43
1572,0.3178,2,43
1573,0.3178,2,43
1574,0.3178,2,43
1575,0.3178,2,43
1576,0.3178,2,43
1577,0.3178,2,43
1578,0.3178,2,43
1579,0.3178,2,43
1580,0.3178,2,43
1581,0.3178,2,43
1582,0.3178,2,43
1583,0.3178,2,43
1584,0.3178,2,43
1585,0.3178,2,43
1586,0.3178,2,43
1587,0.3178,2,43
1588,0.3178,2,43
1589,0.3178,2,43
1590,0.3178,2,43
1591,0.3178,2,43
1592,0.3178,2,43
1593,0.3178,2,43
1594,0.3178,2,43
1595,0.3178,2,43
1596,0.3178,2,43
1597,0.3178,2,43
1598,0.3178,2,43
1599,0.3178,2,43
1600,0.3178,2,43
1601,0.3178,2,43
1602,0.3178,2,43
1603,0.3178,2,43
1604,0.3178,2,43
1605,0.3178,2,43
1606,0.3178,2,43
1607,0.3178,2,43
1608,0.3178,2,43
1609,0.3178,2,43
1610,0.3178,2,43
1611,0.3178,2,43
1612,0.3178,2,43
1613,0.3178,2,43
1614,0.3178,2,43
1615,0.3178,2,43
1616,0.3178,2,43
1617,0.3178,2,43
1618,0.3178,2,43
1619,0.3178,2,43
1620,0.3178,2,43
1621,0.3178,2,43
1622,0.3178,2,43
1623,0.3178,2,43
1624,0.3178,2,43
1625,0.3178,2,43
1626,0.3178,2,43
1627,0.3178,2,43
1628,0.3178,2,43
1629,0.3178,2,43
1630,0.3178,2,43
1631,0.3178,2,43
1632,0.3178,2,43
1633,0.3178,2,43
1634,0.3178,2,43
1635,0.3178,2,43
1636,0.3178,2,43
1637,0.3178,2,43
1638,0.3178,2,43
1639,0.3178,2,43
1640,0.3178,2,43
1641,0.3178,2,43
1642,0.3178,2,43
1643,0.3178,2,43
1644,0.3178,2,43
1645,0.3178,2,43
1646,0.3178,2,43
1647,0.3178,2,43
1648,0.3178,2,43
1649,0.3178,2,43
1650,0.3178,2,43
1651,0.3178,2,43
1652,0.3178,2,43
1653,0.3178,2,43
1654,0.3178,2,43
1655,0.3178,2,43
1656,0.3178,2,43
1657,0.3178,2,43
1658,0.3178,2,43
1659,0.3178,2,43
1660,0.3178,2,43
1661,0.3178,2,43
1662,0.3178,2,43
1663,0.3178,2,43
1664,0.3178,2,43
1665,0.3178,2,43
1666,0.3178,2,43
1667,0.3178,2,43
1668,0.3178,2,43
1669,0.3178,2,43
1670,0.3178,2,43
1671,0.3178,2,43
1672,0.3178,2,43
1673,0.3178,2,43
1674,0.3178,2,43
1675,0.3178,2,43
1676,0.3178,2,43
1677,0.3178,2,43
1678,0.3178,2,43
1679,0.3178,2,43
1680,0.3178,2,43
1681,0.3178,2,43
1682,0.3178,2,43
1683,0.3178,2,43
1684,0.3178,2,43
1685,0.3178,2,43
1686,0.3178,2,43
1687,0.3178,2,43
1688,0.3178,2,43
1689,0.3178,2,43
1690,0.3178,2,43
1691,0.3178,2,43
1692,0.3178,2,43
1693,0.3178,2,43
1694,0.3178,2,43
1695,0.3178,2,43
1696,0.3178,2,43
1697,0.3178,2,43
1698,0.3178,2,43
1699,0.3178,2,43
1700,0.3178,2,43
1701,0.3178,2,43
1702,0.3178,2,43
1703,0.3178,2,43
1704,0.3178,2,43
1705,0.3178,2,43
1706,0.3178,2,43
1707,0.3178,2,43
1708,0.3178,2,43
1709,0.3178,2,43
1710,0.3178,2,43
1711,0.3178,2,43
1712,0.3178,2,43
1713,0.3178,2,43
1714,0.3178,2,43
1715,0.3178,2,43
1716,0.3178,2,43
1717,0.3178,2,43
1718,0.3178,2,43
1719,0.3178,2,43
1720,0.3178,2,43
1721,0.3178,2,43
1722,0.3178,2,43
1723,0.3178,2,43
1724,0.3178,2,43
1725,0.3178,2,43
1726,0.3178,2,43
1727,0.3178,2,43
1728,0.3178,2,43
1729,0.3178,2,43
1730,0.3178,2,43
1731,0.3178,2,43
1732,0.3178,2,43
1733,0.3178,2,43
1734,0.3178,2,43
1735,0.3178,2,43
1736,0.3178,2,43
1737,0.3178,2,43
1738,0.3178,2,43
1739,0.3178,2,43
1740,0.3178,2,43
1741,0.3178,2,43
1742,0.3178,2,43
1743,0.3178,2,43
1744,0.3178,2,43
1745,0.3178,2,43
1746,0.3178,2,43
1747,0.3178,2,43
1748,0.3178,2,43
1749,0.3178,2,43
1750,0.3178,2,43
1751,0.3178,2,43
1752,0.3178,2,43
1753,0.3178,2,43
1754,0.3178,2,43
1755,0.3178,2,43
1756,0.3178,2,43
1757,0.3178,2,43
1758,0.3178,2,43
1759,0.3178,2,43
1760,0.3178,2,43
1761,0.3178,2,43
1762,0.3178,2,43
1763,0.3178,2,43
1764,0.3178,2,43
1765,0.3178,2,43
1766,0.3178,2,43
1767,0.3178,2,43
1768,0.3178,2,43
1769,0.3178,2,43
1770,0.3178,2,43
1771,0.3178,2,43
1772,0.3178,2,43
1773,0.3178,2,43
1774,0.3178,2,43
1775,0.3178,2,43
1776,0.3178,2,43
1777,0.3178,2,43
1778,0.3178,2,43
1779,0.3178,2,43
1780,0.3178,2,43
1781,0.3178,2,43
1782,0.3178,2,43
1783,0.3178,2,43
1784,0.3178,2,43
1785,0.3178,2,43
1786,0.3178,2,43
1787,0.3178,2,43
1788,0.3178,2,43
1789,0.3178,2,43
1790,0.3178,2,43
1791,0.3178,2,43
1792,0.3178,2,43
1793,0.3178,2,43
1794,0.3178,2,43
1795,0.3178,2,43
1796,0.3178,2,43
1797,0.3178,2,43
1798,0.3178,2,43
1799,0.3178,2,43
1800,0.3178,2,43
1801,0.3178,2,43
1802,0.3178,2,43
1803,0.3178,2,43
1804,0.3178,2,43
1805,0.3178,2,43
1806,0.3178,2,43
1807,0.3178,2,43
1808,0.3178,2,43
1809,0.3178,2,43
1810,0.3178,2,43
1811,0.3178,2,43
1812,0.3178,2,43
1813,0.3178,2,43
1814,0.3178,2,43
1815,0.3178,2,43
1816,0.3178,2,43
1817,0.3178,2,43
1818,0.3178,2,43
1819,0.3178,2,43
1820,0.3178,2,43
1821,0.3178,2,43
1822,0.3178,2,43
1823,0.3178,2,43
1824,0.3178,2,43
1825,0.3178,2,43
1826,0.3178,2,43
1827,0.3178,2,43
1828,0.3178,2,43
1829,0.3178,2,43
1830,0.3178,2,43
1831,0.3178,2,43
1832,0.3178,2,43
1833,0.3178,2,43
1834,0.3178,2,43
1835,0.3178,2,43
1836,0.3178,2,43
1837,0.3178,2,43
1838,0.3178,2,43
1839,0.3178,2,43
1840,0.3178,2,43
1841,0.3178,2,43
1842,0.3178,2,43
1843,0.3178,2,43
1844,0.3178,2,43
1845,0.3178,2,43
1846,0.3178,2,43
1847,0.3178,2,43
1848,0.3178,2,43
1849,0.3178,2,43
1850,0.3178,2,43
1851,0.3178,2,43
1852,0.3178,2,43
1853,0.3178,2,43
1854,0.3178,2,43
1855,0.3178,2,43
1856,0.3178,2,43
1857,0.3178,2,43
1858,0.3178,2,43
1859,0.3178,2,43
1860,0.3178,2,43
1861,0.3178,2,43
1862,0.3178,2,43
1863,0.3178,2,43
1864,0.3178,2,43
1865,0.3178,2,43
1866,0.3178,2,43
1867,0.3178,2,43
1868,0.3178,2,43
1869,0.3178,2,43
1870,0.3178,2,43
1871,0.3178,2,43
1872,0.3178,2,43
1873,0.3178,2,43
1874,0.3178,2,43
1875,0.3178,2,43
1876,0.3178,2,43
1877,0.3178,2,43
1878,0.3178,2,43
1879,0.3178,2,43
1880,0.3178,2,43
1881,0.3178,2,43
1882,0.3178,2,43
1883,0.3178,2,43
1884,0.3178,2,43
1885,0.3178,2,43
1886,0.3178,2,43
1887,0.3178,2,43
1888,0.3178,2,43
1889,0.3178,2,43
1890,0.3178,2,43
1891,0.3178,2,43
1892,0.3178,2,43
1893,0.3178,2,43
1894,0.3178,2,43
1895,0.3178,2,43
1896,0.3178,2,43
1897,0.3178,2,43
1898,0.3178,2,43
1899,0.3178,2,43
1900,0.3178,2,43
1901,0.3178,2,43
1902,0.3178,2,43
1903,0.3178,2,43
1904,0.3178,2,43
1905,0.3178,2,43
1906,0.3178,2,43
1907,0.3178,2,43
1908,0.3178,2,43
1909,0.3178,2,43
1910,0.3178,2,43
1911,0.3178,2,43
1912,0.3178,2,43
1913,0.3178,2,43
1914,0.3178,2,43
1915,0.3178,2,43
1916,0.3178,2,43
1917,0.3178,2,43
1918,0.3178,2,43
1919,0.3178,2,43
1920,0.3178,2,43
1921,0.3178,2,43
1922,0.3178,2,43
1923,0.3178,2,43
1924,0.3178,2,43
1925,0.3178,2,43
1926,0.3178,2,43
1927,0.3178,2,43
1928,0.3178,2,43
1929,0.3178,2,43
1930,0.3178,2,43
1931,0.3178,2,43
1932,0.3178,2,43
1933,0.3178,2,43
1934,0.3178,2,43
1935,0.3178,2,43
1936,0.3178,2,43
1937,0.3178,2,43
1938,0.3178,2,43
1939,0.3178,2,43
1940,0.3178,2,43
1941,0.3178,2,43
1942,0.3178,2,43
1943,0.3178,2,43
1944,0.3178,2,43
1945,0.3178,2,43
1946,0.3178,2,43
1947,0.3178,2,43
1948,0.3178,2,43
1949,0.3178,2,43
1950,0.3178,2,43
1951,0.3178,2,43
1952,0.3178,2,43
1953,0.3178,2,43
1954,0.3178,2,43
1955,0.3178,2,43
1956,0.3178,2,43
1957,0.3178,2,43
1958,0.3178,2,43
1959,0.3178,2,43
1960,0.3178,2,43
1961,0.3178,2,43
1962,0.3178,2,43
1963,0.3178,2,43
1964,0.3178,2,43
1965,0.3178,2,43
1966,0.3178,2,43
1967,0.3178,2,43
1968,0.3178,2,43
1969,0.3178,2,43
1970,0.3178,2,43
1971,0.3178,2,43
1972,0.3178,2,43
1973,0.3178,2,43
1974,0.3178,2,43
1975,0.3178,2,43
1976,0.3178,2,43
1977,0.3178,2,43
1978,0.3178,2,43
1979,0.3178,2,43
1980,0.3178,2,43
1981,0.3178,2,43
1982,0.3178,2,43
1983,0.3178,2,43
1984,0.3178,2,43
1985,0.3178,2,43
1986,0.3178,2,43
1987,0.3178,2,43
1988,0.3178,2,43
1989,0.3178,2,43
1990,0.3178,2,43
1991,0.3178,2,43
1992,0.3178,2,43
1993,0.3178,2,43
1994,0.3178,2,43
1995,0.3178,2,43
1996,0.3178,2,43
1997,0.3178,2,43
1998,0.3178,2,43
1999,0.3178,2,43
2000,0.3178,2,43
2001,0.3178,2,43
2002,0.3178,2,43
2003,0.3178,2,43
2004,0.3178,2,43
2005,0.3178,2,43
2006,0.3178,2,43
2007,0.3178,2,43
2008,0.3178,2,43
2009,0.3178,2,43
2010,0.3178,2,43
2011,0.3178,2,43
2012,0.3178,2,43
2013,0.3178,2,43
2014,0.3178,2,43
2015,0.3178,2,43
2016,0.3178,2,43
2017,0.3178,2,43
2018,0.3178,2,43
2019,0.3178,2,43
2020,0.3178,2,43
2021,0.3178,2,43
2022,0.3178,2,43
2023,0.3178,2,43
2024,0.3178,2,43
2025,0.3178,2,43
2026,0.3178,2,43
2027,0.3178,2,43
2028,0.3178,2,43
2029,0.3178,2,43
2030,0.3178,2,43
2031,0.3178,2,43
2032,0.3178,2,43
2033,0.3178,2,43
2034,0.3178,2,43
2035,0.3178,2,43
2036,0.3178,2,43
2037,0.3178,2,43
2038,0.3178,2,43
2039,0.3178,2,43
2040,0.3178,2,43
2041,0.3178,2,43
2042,0.3178,2,43
2043,0.3178,2,43
2044,0.3178,2,43
2045,0.3178,2,43
2046,0.3178,2,43
2047,0.3178,2,43
2048,0.3178,2,43
2049,0.3178,2,43
2050,0.3178,2,43
2051,0.3178,2,43
2052,0.3178,2,43
2053,0.3178,2,43
2054,0.3178,2,43
2055,0.3178,2,43
2056,0.3178,2,43
2057,0.3178,2,43
2058,0.3178,2,43
2059,0.3178,2,43
2060,0.3178,2,43
2061,0.3178,2,43
2062,0.3178,2,43
2063,0.3178,2,43
2064,0.3178,2,43
2065,0.3178,2,43
2066,0.3178,2,43
2067,0.3178,2,43
2068,0.3178,2,43
2069,0.3178,2,43
2070,0.3178,2,43
2071,0.3178,2,43
2072,0.3178,2,43
2073,0.3178,2,43
2074,0.3178,2,43
2075,0.3178,2,43
2076,0.3178,2,43
2077,0.3178,2,43
2078,0.3178,2,43
2079,0.3178,2,43
2080,0.3178,2,43
2081,0.3178,2,43
2082,0.3178,2,43
2083,0.3178,2,43
2084,0.3178,2,43
2085,0.3178,2,43
2086,0.3178,2,43
2087,0.3178,2,43
2088,0.3178,2,43
2089,0.3178,2,43
2090,0.3178,2,43
2091,0.3178,2,43
2092,0.3178,2,43
2093,0.3178,2,43
2094,0.3178,2,43
2095,0.3178,2,43
2096,0.3178,2,43
2097,0.3178,2,43
2098,0.3178,2,43
2099,0.3178,2,43
2100,0.3178,2,43
2101,0.3178,2,43
2102,0.3178,2,43
2103,0.3178,2,43
2104,0.3178,2,43
2105,0.3178,2,43
2106,0.3178,2,43
2107,0.3178,2,43
2108,0.3178,2,43
2109,0.3178,2,43
2110,0.3178,2,43
2111,0.3178,2,43
2112,0.3178,2,43
2113,0.3178,2,43
2114,0.3178,2,43
2115,0.3178,2,43
2116,0.3178,2,43
2117,0.3178,2,43
2118,0.3178,2,43
2119,0.3178,2,43
2120,0.3178,2,43
2121,0.3178,2,43
2122,0.3178,2,43
2123,0.3178,2,43
2124,0.3178,2,43
2125,0.3178,2,43
2126,0.3178,2,43
2127,0.3178,2,43
2128,0.3178,2,43
2129,0.3178,2,43
2130,0.3178,2,43
2131,0.3178,2,43
2132,0.3178,2,43
2133,0.3178,2,43
2134,0.3178,2,43
2135,0.3178,2,43
2136,0.3178,2,43
2137,0.3178,2,43
2138,0.3178,2,43
2139,0.3178,2,43
2140,0.3178,2,43
2141,0.3178,2,43
2142,0.3178,2,43
2143,0.3178,2,43
2144,0.3178,2,43
2145,0.3178,2,43
2146,0.3178,2,43
2147,0.3178,2,43
2148,0.3178,2,43
2149,0.3178,2,43
2150,0.3178,2,43
2151,0.3178,2,43
2152,0.3178,2,43
2153,0.3178,2,43
2154,0.3178,2,43
2155,0.3178,2,43
2156,0.3178,2,43
2157,0.3178,2,43
2158,0.3178,2,43
2159,0.3178,2,43
2160,0.3178,2,43
2161,0.3178,2,43
2162,0.3178,2,43
2163,0.3178,2,43
2164,0.3178,2,43
2165,0.3178,2,43
2166,0.3178,2,43
2167,0.3178,2,43
2168,0.3178,2,43
2169,0.3178,2,43
2170,0.3178,2,43
2171,0.3178,2,43
2172,0.3178,2,43
2173,0.3178,2,43
2174,0.3178,2,43
2175,0.3178,2,43
2176,0.3178,2,43
2177,0.3178,2,43
2178,0.3178,2,43
2179,0.3178,2,43
2180,0.3178,2,43
2181,0.3178,2,43
2182,0.3178,2,43
2183,0.3178,2,43
2184,0.3178,2,43
2185,0.3178,2,43
2186,0.3178,2,43
2187,0.3178,2,43
2188,0.3178,2,43
2189,0.3178,2,43
2190,0.3178,2,43
2191,0.3178,2,43
2192,0.3178,2,43
2193,0.3178,2,43
2194,0.3178,2,43
2195,0.3178,2,43
2196,0.3178,2,43
2197,0.3178,2,43
2198,0.3178,2,43
2199,0.3178,2,43
2200,0.3178,2,43
2201,0.3178,2,43
2202,0.3178,2,43
2203,0.3178,2,43
2204,0.3178,2,43
2205,0.3178,2,43
2206,0.3178,2,43
2207,0.3178,2,43
2208,0.3178,2,43
2209,0.3178,2,43
2210,0.3178,2,43
2211,0.3178,2,43
2212,0.3178,2,43
2213,0.3178,2,43
2214,0.3178,2,43
2215,0.3178,2,43
2216,0.3178,2,43
2217,0.3178,2,43
2218,0.3178,2,43
2219,0.3178,2,43
2220,0.3178,2,43
2221,0.3178,2,43
2222,0.3178,2,43
2223,0.3178,2,43
2224,0.3178,2,43
2225,0.3178,2,43
2226,0.3178,2,43
2227,0.3178,2,43
2228,0.3178,2,43
2229,0.3178,2,43
2230,0.3178,2,43
2231,0.3178,2,43
2232,0.3178,2,43
2233,0.3178,2,43
2234,0.3178,2,43
2235,0.3178,2,43
2236,0.3178,2,43
2237,0.3178,2,43
2238,0.3178,2,43
2239,0.3178,2,43
2240,0.3178,2,43
2241,0.3178,2,43
2242,0.3178,2,43
2243,0.3178,2,43
2244,0.3178,2,43
2245,0.3178,2,43
2246,0.3178,2,43
2247,0.3178,2,43
2248,0.3178,2,43
2249,0.3178,2,43
2250,0.3178,2,43
2251,0.3178,2,43
2252,0.3178,2,43
2253,0.3178,2,43
2254,0.3178,2,43
2255,0.3178,2,43
2256,0.3178,2,43
2257,0.3178,2,43
2258,0.3178,2,43
2259,0.3178,2,43
2260,0.3178,2,43
2261,0.3178,2,43
2262,0.3178,2,43
2263,0.3178,2,43
2264,0.3178,2,43
2265,0.3178,2,43
2266,0.3178,2,43
2267,0.3178,2,43
2268,0.3178,2,43
2269,0.3178,2,43
2270,0.3178,2,43
2271,0.3178,2,43
2272,0.3178,2,43
2273,0.3178,2,43
2274,0.3178,2,43
2275,0.3178,2,43
2276,0.3178,2,43
2277,0.3178,2,43
2278,0.3178,2,43
2279,0.3178,2,43
2280,0.3178,2,43
2281,0.3178,2,43
2282,0.3178,2,43
2283,0.3178,2,43
2284,0.3178,2,43
2285,0.3178,2,43
2286,0.3178,2,43
2287,0.3178,2,43
2288,0.3178,2,43
2289,0.3178,2,43
2290,0.3178,2,43
2291,0.3178,2,43
2292,0.3178,2,43
2293,0.3178,2,43
2294,0.3178,2,43
2295,0.3178,2,43
2296,0.3178,2,43
2297,0.3178,2,43
2298,0.3178,2,43
2299,0.3178,2,43
2300,0.3178,2,43
2301,0.3178,2,43
2302,0.3178,2,43
2303,0.3178,2,43
2304,0.3178,2,43
2305,0.3178,2,43
2306,0.3178,2,43
2307,0.3178,2,43
2308,0.3178,2,43
2309,0.3178,2,43
2310,0.3178,2,43
2311,0.3178,2,43
2312,0.3178,2,43
2313,0.3178,2,43
2314,0.3178,2,43
2315,0.3178,2,43
2316,0.3178,2,43
2317,0.3178,2,43
2318,0.3178,2,43
2319,0.3178,2,43
2320,0.3178,2,43
2321,0.3178,2,43
2322,0.3178,2,43
2323,0.3178,2,43
2324,0.3178,2,43
2325,0.3178,2,43
2326,0.3178,2,43
2327,0.3178,2,43
2328,0.3178,2,43
2329,0.3178,2,43
2330,0.3178,2,43
2331,0.3178,2,43
2332,0.3178,2,43
2333,0.3178,2,43
2334,0.3178,2,43
2335,0.3178,2,43
2336,0.3178,2,43
2337,0.3178,2,43
2338,0.3178,2,43
2339,0.3178,2,43
2340,0.3178,2,43
2341,0.3178,2,43
2342,0.3178,2,43
2343,0.3178,2,43
2344,0.3178,2,43
2345,0.3178,2,43
2346,0.3178,2,43
2347,0.3178,2,43
2348,0.3178,2,43
2349,0.3178,2,43
2350,0.3178,2,43
2351,0.3178,2,43
2352,0.3178,2,43
2353,0.3178,2,43
2354,0.3178,2,43
2355,0.3178,2,43
2356,0.3178,2,43
2357,0.3178,2,43
2358,0.3178,2,43
2359,0.3178,2,43
2360,0.3178,2,43
2361,0.3178,2,43
2362,0.3178,2,43
2363,0.3178,2,43
2364,0.3178,2,43
2365,0.3178,2,43
2366,0.3178,2,43
2367,0.3178,2,43
2368,0.3178,2,43
2369,0.3178,2,43
2370,0.3178,2,43
2371,0.3178,2,43
2372,0.3178,2,43
2373,0.3178,2,43
2374,0.3178,2,43
2375,0.3178,2,43
2376,0.3178,2,43
2377,0.3178,2,43
2378,0.3178,2,43
2379,0.3178,2,43
2380,0.3178,2,43
2381,0.3178,2,43
2382,0.3178,2,43
2383,0.3178,2,43
2384,0.3178,2,43
2385,0.3178,2,43
2386,0.3178,2,43
2387,0.3178,2,43
2388,0.3178,2,43
2389,0.3178,2,43
2390,0.3178,2,43
2391,0.3178,2,43
2392,0.3178,2,43
2393,0.3178,2,43
2394,0.3178,2,43
2395,0.3178,2,43
2396,0.3178,2,43
2397,0.3178,2,43
2398,0.3178,2,43
2399,0.3178,2,43
2400,0.3178,2,43
2401,0.3178,2,43
2402,0.3178,2,43
2403,0.3178,2,43
2404,0.3178,2,43
2405,0.3178,2,43
2406,0.3178,2,43
2407,0.3178,2,43
2408,0.3178,2,43
2409,0.3178,2,43
2410,0.3178,2,43
2411,0.3178,2,43
2412,0.3178,2,43
2413,0.3178,2,43
2414,0.3178,2,43
2415,0.3178,2,43
2416,0.3178,2,43
2417,0.3178,2,43
2418,0.3178,2,43
2419,0.3178,2,43
2420,0.3178,2,43
2421,0.3178,2,43
2422,0.3178,2,43
2423,0.3178,2,43
2424,0.3178,2,43
2425,0.3178,2,43
2426,0.3178,2,43
2427,0.3178,2,43
2428,0.3178,2,43
2429,0.3178,2,43
2430,0.3178,2,43
2431,0.3178,2,43
2432,0.3178,2,43
2433,0.3178,2,43
2434,0.3178,2,43
2435,0.3178,2,43
2436,0.3178,2,43
2437,0.3178,2,43
2438,0.3178,2,43
2439,0.3178,2,43
2440,0.3178,2,43
2441,0.3178,2,43
2442,0.3178,2,43
2443,0.3178,2,43
2444,0.3178,2,43
2445,0.3178,2,43
2446,0.3178,2,43
2447,0.3178,2,43
2448,0.3178,2,43
2449,0.3178,2,43
2450,0.3178,2,43
2451,0.3178,2,43
2452,0.3178,2,43
2453,0.3178,2,43
2454,0.3178,2,43
2455,0.3178,2,43
2456,0.3178,2,43
2457,0.3178,2,43
2458,0.3178,2,43
2459,0.3178,2,43
2460,0.3178,2,43
2461,0.3178,2,43
2462,0.3178,2,43
2463,0.3178,2,43
2464,0.3178,2,43
2465,0.3178,2,43
2466,0.3178,2,43
2467,0.3178,2,43
2468,0.3178,2,43
2469,0.3178,2,43
2470,0.3178,2,43
2471,0.3178,2,43
2472,0.3178,2,43
2473,0.3178,2,43
2474,0.3178,2,43
2475,0.3178,2,43
2476,0.3178,2,43
2477,0.3178,2,43
2478,0.3178,2,43
2479,0.3178,2,43
2480,0.3178,2,43
2481,0.3178,2,43
2482,0.3178,2,43
2483,0.3178,2,43
2484,0.3178,2,43
2485,0.3178,2,43
2486,0.3178,2,43
2487,0.3178,2,43
2488,0.3178,2,43
2489,0.3178,2,43
2490,0.3178,2,43
2491,0.3178,2,43
2492,0.3178,2,43
2493,0.3178,2,43
2494,0.3178,2,43
2495,0.3178,2,43
2496,0.3178,2,43
2497,0.3178,2,43
2498,0.3178,2,43
2499,0.3178,2,43
2500,0.3178,2,43
2501,0.3178,2,43
2502,0.3178,2,43
2503,0.3178,2,43
2504,0.3178,2,43
2505,0.3178,2,43
2506,0.3178,2,43
2507,0.3178,2,43
2508,0.3178,2,43
2509,0.3178,2,43
2510,0.3178,2,43
2511,0.3178,2,43
2512,0.3178,2,43
2513,0.3178,2,43
2514,0.3178,2,43
2515,0.3178,2,43
2516,0.3178,2,43
2517,0.3178,2,43
2518,0.3178,2,43
2519,0.3178,2,43
2520,0.3178,2,43
2521,0.3178,2,43
2522,0.3178,2,43
2523,0.3178,2,43
2524,0.3178,2,43
2525,0.3178,2,43
2526,0.3178,2,43
2527,0.3178,2,43
2528,0.3178,2,43
2529,0.3178,2,43
2530,0.3178,2,43
2531,0.3178,2,43
2532,0.3178,2,43
2533,0.3178,2,43
2534,0.3178,2,43
2535,0.3178,2,43
2536,0.3178,2,43
2537,0.3178,2,43
2538,0.3178,2,43
2539,0.3178,2,43
2540,0.3178,2,43
2541,0.3178,2,43
2542,0.3178,2,43
2543,0.3178,2,43
2544,0.3178,2,43
2545,0.3178,2,43
2546,0.3178,2,43
2547,0.3178,2,43
2548,0.3178,2,43
2549,0.3178,2,43
2550,0.3178,2,43
2551,0.3178,2,43
2552,0.3178,2,43
2553,0.3178,2,43
2554,0.3178,2,43
2555,0.3178,2,43
2556,0.3178,2,43
2557,0.3178,2,43
2558,0.3178,2,43
2559,0.3178,2,43
2560,0.3178,2,43
2561,0.3178,2,43
2562,0.3178,2,43
2563,0.3178,2,43
2564,0.3178,2,43
2565,0.3178,2,43
2566,0.3178,2,43
2567,0.3178,2,43
2568,0.3178,2,43
2569,0.3178,2,43
2570,0.3178,2,43
2571,0.3178,2,43
2572,0.3178,2,43
2573,0.3178,2,43
2574,0.3178,2,43
2575,0.3178,2,43
2576,0.3178,2,43
2577,0.3178,2,43
2578,0.3178,2,43
2579,0.3178,2,43
2580,0.3178,2,43
2581,0.3178,2,43
2582,0.3178,2,43
2583,0.3178,2,43
2584,0.3178,2,43
2585,0.3178,2,43
2586,0.3178,2,43
2587,0.3178,2,43
2588,0.3178,2,43
2589,0.3178,2,43
2590,0.3178,2,43
2591,0.3178,2,43
2592,0.3178,2,43
2593,0.3178,2,43
2594,0.3178,2,43
2595,0.3178,2,43
2596,0.3178,2,43
2597,0.3178,2,43
2598,0.3178,2,43
2599,0.3178,2,43
2600,0.3178,2,43
2601,0.3178,2,43
2602,0.3178,2,43
2603,0.3178,2,43
2604,0.3178,2,43
2605,0.3178,2,43
2606,0.3178,2,43
2607,0.3178,2,43
2608,0.3178,2,43
2609,0.3178,2,43
2610,0.3178,2,43
2611,0.3178,2,43
2612,0.3178,2,43
2613,0.3178,2,43
2614,0.3178,2,43
2615,0.3178,2,43
2616,0.3178,2,43
2617,0.3178,2,43
2618,0.3178,2,43
2619,0.3178,2,43
2620,0.3178,2,43
2621,0.3178,2,43
2622,0.3178,2,43
2623,0.3178,2,43
2624,0.3178,2,43
2625,0.3178,2,43
2626,0.3178,2,43
2627,0.3178,2,43
2628,0.3178,2,43
2629,0.3178,2,43
2630,0.3178,2,43
2631,0.3178,2,43
2632,0.3178,2,43
2633,0.3178,2,43
2634,0.3178,2,43
2635,0.3178,2,43
2636,0.3178,2,43
2637,0.3178,2,43
2638,0.3178,2,43
2639,0.3178,2,43
2640,0.3178,2,43
2641,0.3178,2,43
2642,0.3178,2,43
2643,0.3178,2,43
2644,0.3178,2,43
2645,0.3178,2,43
2646,0.3178,2,43
2647,0.3178,2,43
2648,0.3178,2,43
2649,0.3178,2,43
2650,0.3178,2,43
2651,0.3178,2,43
2652,0.3178,2,43
2653,0.3178,2,43
2654,0.3178,2,43
2655,0.3178,2,43
2656,0.3178,2,43
2657,0.3178,2,43
2658,0.3178,2,43
2659,0.3178,2,43
2660,0.3178,2,43
2661,0.3178,2,43
2662,0.3178,2,43
2663,0.3178,2,43
2664,0.3178,2,43
2665,0.3178,2,43
2666,0.3178,2,43
2667,0.3178,2,43
2668,0.3178,2,43
2669,0.3178,2,43
2670,0.3178,2,43
2671,0.3178,2,43
2672,0.3178,2,43
2673,0.3178,2,43
2674,0.3178,2,43
2675,0.3178,2,43
2676,0.3178,2,43
2677,0.3178,2,43
2678,0.3178,2,43
2679,0.3178,2,43
2680,0.3178,2,43
2681,0.3178,2,43
2682,0.3178,2,43
2683,0.3178,2,43
2684,0.3178,2,43
2685,0.3178,2,43
2686,0.3178,2,43
2687,0.3178,2,43
2688,0.3178,2,43
2689,0.3178,2,43
2690,0.3178,2,43
2691,0.3178,2,43
2692,0.3178,2,43
2693,0.3178,2,43
2694,0.3178,2,43
2695,0.3178,2,43
2696,0.3178,2,43
2697,0.3178,2,43
2698,0.3178,2,43
2699,0.3178,2,43
2700,0.3178,2,43
2701,0.3178,2,43
2702,0.3178,2,43
2703,0.3178,2,43
2704,0.3178,2,43
2705,0.3178,2,43
2706,0.3178,2,43
2707,0.3178,2,43
2708,0.3178,2,43
2709,0.3178,2,43
2710,0.3178,2,43
2711,0.3178,2,43
2712,0.3178,2,43
2713,0.3178,2,43
2714,0.3178,2,43
2715,0.3178,2,43
2716,0.3178,2,43
2717,0.3178,2,43
2718,0.3178,2,43
2719,0.3178,2,43
2720,0.3178,2,43
2721,0.3178,2,43
2722,0.3178,2,43
2723,0.3178,2,43
2724,0.3178,2,43
2725,0.3178,2,43
2726,0.3178,2,43
2727,0.3178,2,43
2728,0.3178,2,43
2729,0.3178,2,43
2730,0.3178,2,43
2731,0.3178,2,43
2732,0.3178,2,43
2733,0.3178,2,43
2734,0.3178,2,43
2735,0.3178,2,43
2736,0.3178,2,43
2737,0.3178,2,43
2738,0.3178,2,43
2739,0.3178,2,43
2740,0.3178,2,43
2741,0.3178,2,43
2742,0.3178,2,43
2743,0.3178,2,43
2744,0.3178,2,43
2745,0.3178,2,43
2746,0.3178,2,43
2747,0.3178,2,43
2748,0.3178,2,43
2749,0.3178,2,43
2750,0.3178,2,43
2751,0.3178,2,43
2752,0.3178,2,43
2753,0.3178,2,43
2754,0.3178,2,43
2755,0.3178,2,43
2756,0.3178,2,43
2757,0.3178,2,43
2758,0.3178,2,43
2759,0.3178,2,43
2760,0.3178,2,43
2761,0.3178,2,43
2762,0.3178,2,43
2763,0.3178,2,43
2764,0.3178,2,43
2765,0.3178,2,43
2766,0.3178,2,43
2767,0.3178,2,43
2768,0.3178,2,43
2769,0.3178,2,43
2770,0.3178,2,43
2771,0.3178,2,43
2772,0.3178,2,43
2773,0.3178,2,43
2774,0.3178,2,43
2775,0.3178,2,43
2776,0.3178,2,43
2777,0.3178,2,43
2778,0.3178,2,43
2779,0.3178,2,43
2780,0.3178,2,43
2781,0.3178,2,43
2782,0.3178,2,43
2783,0.3178,2,43
2784,0.3178,2,43
2785,0.3178,2,43
2786,0.3178,2,43
2787,0.3178,2,43
2788,0.3178,2,43
2789,0.3178,2,43
2790,0.3178,2,43
2791,0.3178,2,43
2792,0.3178,2,43
2793,0.3178,2,43
2794,0.3178,2,43
2795,0.3178,2,43
2796,0.3178,2,43
2797,0.3178,2,43
2798,0.3178,2,43
2799,0.3178,2,43
2800,0.3178,2,43
2801,0.3178,2,43
2802,0.3178,2,43
2803,0.3178,2,43
2804,0.3178,2,43
2805,0.3178,2,43
2806,0.3178,2,43
2807,0.3178,2,43
2808,0.3178,2,43
2809,0.3178,2,43
2810,0.3178,2,43
2811,0.3178,2,43
2812,0.3178,2,43
2813,0.3178,2,43
2814,0.3178,2,43
2815,0.3178,2,43
2816,0.3178,2,43
2817,0.3178,2,43
2818,0.3178,2,43
2819,0.3178,2,43
2820,0.3178,2,43
2821,0.3178,2,43
2822,0.3178,2,43
2823,0.3178,2,43
2824,0.3178,2,43
2825,0.3178,2,43
2826,0.3178,2,43
2827,0.3178,2,43
2828,0.3178,2,43
2829,0.3178,2,43
2830,0.3178,2,43
2831,0.3178,2,43
2832,0.3178,2,43
2833,0.3178,2,43
2834,0.3178,2,43
2835,0.3178,2,43
2836,0.3178,2,43
2837,0.3178,2,43
2838,0.3178,2,43
2839,0.3178,2,43
2840,0.3178,2,43
2841,0.3178,2,43
2842,0.3178,2,43
2843,0.3178,2,43
2844,0.3178,2,43
2845,0.3178,2,43
2846,0.3178,2,43
2847,0.3178,2,43
2848,0.3178,2,43
2849,0.3178,2,43
2850,0.3178,2,43
2851,0.3178,2,43
2852,0.3178,2,43
2853,0.3178,2,43
2854,0.3178,2,43
2855,0.3178,2,43
2856,0.3178,2,43
2857,0.3178,2,43
2858,0.3178,2,43
2859,0.3178,2,43
2860,0.3178,2,43
2861,0.3178,2,43
2862,0.3178,2,43
2863,0.3178,2,43
2864,0.3178,2,43
2865,0.3178,2,43
2866,0.3178,2,43
2867,0.3178,2,43
2868,0.3178,2,43
2869,0.3178,2,43
2870,0.3178,2,43
2871,0.3178,2,43
2872,0.3178,2,43
2873,0.3178,2,43
2874,0.3178,2,43
2875,0.3178,2,43
2876,0.3178,2,43
2877,0.3178,2,43
2878,0.3178,2,43
2879,0.3178,2,43
2880,0.3178,2,43
2881,0.3178,2,43
2882,0.3178,2,43
2883,0.3178,2,43
2884,0.3178,2,43
2885,0.3178,2,43
2886,0.3178,2,43
2887,0.3178,2,43
2888,0.3178,2,43
2889,0.3178,2,43
2890,0.3178,2,43
2891,0.3178,2,43
2892,0.3178,2,43
2893,0.3178,2,43
2894,0.3178,2,43
2895,0.3178,2,43
2896,0.3178,2,43
2897,0.3178,2,43
2898,0.3178,2,43
2899,0.3178,2,43
2900,0.3178,2,43
2901,0.3178,2,43
2902,0.3178,2,43
2903,0.3178,2,43
2904,0.3178,2,43
2905,0.3178,2,43
2906,0.3178,2,43
2907,0.3178,2,43
2908,0.3178,2,43
2909,0.3178,2,43
2910,0.3178,2,43
2911,0.3178,2,43
2912,0.3178,2,43
2913,0.3178,2,43
2914,0.3178,2,43
2915,0.3178,2,43
2916,0.3178,2,43
2917,0.3178,2,43
2918,0.3178,2,43
2919,0.3178,2,43
2920,0.3178,2,43
2921,0.3178,2,43
2922,0.3178,2,43
2923,0.3178,2,43
2924,0.3178,2,43
2925,0.3178,2,43
2926,0.3178,2,43
2927,0.3178,2,43
2928,0.3178,2,43
2929,0.3178,2,43
2930,0.3178,2,43
2931,0.3178,2,43
2932,0.3178,2,43
2933,0.3178,2,43
2934,0.3178,2,43
2935,0.3178,2,43
2936,0.3178,2,43
2937,0.3178,2,43
2938,0.3178,2,43
2939,0.3178,2,43
2940,0.3178,2,43
2941,0.3178,2,43
2942,0.3178,2,43
2943,0.3178,2,43
2944,0.3178,2,43
2945,0.3178,2,43
2946,0.3178,2,43
2947,0.3178,2,43
2948,0.3178,2,43
2949,0.3178,2,43
2950,0.3178,2,43
2951,0.3178,2,43
2952,0.3178,2,43
2953,0.3178,2,43
2954,0.3178,2,43
2955,0.3178,2,43
2956,0.3178,2,43
2957,0.3178,2,43
2958,0.3178,2,43
2959,0.3178,2,43
2960,0.3178,2,43
2961,0.3178,2,43
2962,0.3178,2,43
2963,0.3178,2,43
2964,0.3178,2,43
2965,0.3178,2,43
2966,0.3178,2,43
2967,0.3178,2,43
2968,0.3178,2,43
2969,0.3178,2,43
2970,0.3178,2,43
2971,0.3178,2,43
2972,0.3178,2,43
2973,0.3178,2,43
2974,0.3178,2,43
2975,0.3178,2,43
2976,0.3178,2,43
2977,0.3178,2,43
2978,0.3178,2,43
2979,0.3178,2,43
2980,0.3178,2,43
2981,0.3178,2,43
2982,0.3178,2,43
2983,0.3178,2,43
2984,0.3178,2,43
2985,0.3178,2,43
2986,0.3178,2,43
2987,0.3178,2,43
2988,0.3178,2,43
2989,0.3178,2,43
2990,0.3178,2,43
2991,0.3178,2,43
2992,0.3178,2,43
2993,0.3178,2,43
2994,0.3178,2,43
2995,0.3178,2,43
2996,0.3178,2,43
2997,0.3178,2,43
2998,0.3178,2,43
2999,0.3178,2,43
3000,0.3178,2,43
