id,foi,R0,country
1,0.0092,1,4
2,0.0092,1,4
3,0.0092,1,4
4,0.0092,1,4
5,0.0092,1,4
6,0.0092,1,4
7,0.0092,1,4
8,0.0092,1,4
9,0.0092,1,4
10,0.0092,1,4
11,0.0092,1,4
12,0.0092,1,4
13,0.0092,1,4
14,0.0092,1,4
15,0.0092,1,4
16,0.0092,1,4
17,0.0092,1,4
18,0.0092,1,4
19,0.0092,1,4
20,0.0092,1,4
21,0.0092,1,4
22,0.0092,1,4
23,0.0092,1,4
24,0.0092,1,4
25,0.0092,1,4
26,0.0092,1,4
27,0.0092,1,4
28,0.0092,1,4
29,0.0092,1,4
30,0.0092,1,4
31,0.0092,1,4
32,0.0092,1,4
33,0.0092,1,4
34,0.0092,1,4
35,0.0092,1,4
36,0.0092,1,4
37,0.0092,1,4
38,0.0092,1,4
39,0.0092,1,4
40,0.0092,1,4
41,0.0092,1,4
42,0.0092,1,4
43,0.0092,1,4
44,0.0092,1,4
45,0.0092,1,4
46,0.0092,1,4
47,0.0092,1,4
48,0.0092,1,4
49,0.0092,1,4
50,0.0092,1,4
51,0.0092,1,4
52,0.0092,1,4
53,0.0092,1,4
54,0.0092,1,4
55,0.0092,1,4
56,0.0092,1,4
57,0.0092,1,4
58,0.0092,1,4
59,0.0092,1,4
60,0.0092,1,4
61,0.0092,1,4
62,0.0092,1,4
63,0.0092,1,4
64,0.0092,1,4
65,0.0092,1,4
66,0.0092,1,4
67,0.0092,1,4
68,0.0092,1,4
69,0.0092,1,4
70,0.0092,1,4
71,0.0092,1,4
72,0.0092,1,4
73,0.0092,1,4
74,0.0092,1,4
75,0.0092,1,4
76,0.0092,1,4
77,0.0092,1,4
78,0.0092,1,4
79,0.0092,1,4
80,0.0092,1,4
81,0.0092,1,4
82,0.0092,1,4
83,0.0092,1,4
84,0.0092,1,4
85,0.0092,1,4
86,0.0092,1,4
87,0.0092,1,4
88,0.0092,1,4
89,0.0092,1,4
90,0.0092,1,4
91,0.0092,1,4
92,0.0092,1,4
93,0.0092,1,4
94,0.0092,1,4
95,0.0092,1,4
96,0.0092,1,4
97,0.0092,1,4
98,0.0092,1,4
99,0.0092,1,4
100,0.0092,1,4
101,0.0092,1,4
102,0.0092,1,4
103,0.0092,1,4
104,0.0092,1,4
105,0.0092,1,4
106,0.0092,1,4
107,0.0092,1,4
108,0.0092,1,4
109,0.0092,1,4
110,0.0092,1,4
111,0.0092,1,4
112,0.0092,1,4
113,0.0092,1,4
114,0.0092,1,4
115,0.0092,1,4
116,0.0092,1,4
117,0.0092,1,4
118,0.0092,1,4
119,0.0092,1,4
120,0.0092,1,4
121,0.0092,1,4
122,0.0092,1,4
123,0.0092,1,4
124,0.0092,1,4
125,0.0092,1,4
126,0.0092,1,4
127,0.0092,1,4
128,0.0092,1,4
129,0.0092,1,4
130,0.0092,1,4
131,0.0092,1,4
132,0.0092,1,4
133,0.0092,1,4
134,0.0092,1,4
135,0.0092,1,4
136,0.0092,1,4
137,0.0092,1,4
138,0.0092,1,4
139,0.0092,1,4
140,0.0092,1,4
141,0.0092,1,4
142,0.0092,1,4
143,0.0092,1,4
144,0.0092,1,4
145,0.0092,1,4
146,0.0092,1,4
147,0.0092,1,4
148,0.0092,1,4
149,0.0092,1,4
150,0.0092,1,4
151,0.0092,1,4
152,0.0092,1,4
153,0.0092,1,4
154,0.0092,1,4
155,0.0092,1,4
156,0.0092,1,4
157,0.0092,1,4
158,0.0092,1,4
159,0.0092,1,4
160,0.0092,1,4
161,0.0092,1,4
162,0.0092,1,4
163,0.0092,1,4
164,0.0092,1,4
165,0.0092,1,4
166,0.0092,1,4
167,0.0092,1,4
168,0.0092,1,4
169,0.0092,1,4
170,0.0092,1,4
171,0.0092,1,4
172,0.0092,1,4
173,0.0092,1,4
174,0.0092,1,4
175,0.0092,1,4
176,0.0092,1,4
177,0.0092,1,4
178,0.0092,1,4
179,0.0092,1,4
180,0.0092,1,4
181,0.0092,1,4
182,0.0092,1,4
183,0.0092,1,4
184,0.0092,1,4
185,0.0092,1,4
186,0.0092,1,4
187,0.0092,1,4
188,0.0092,1,4
189,0.0092,1,4
190,0.0092,1,4
191,0.0092,1,4
192,0.0092,1,4
193,0.0092,1,4
194,0.0092,1,4
195,0.0092,1,4
196,0.0092,1,4
197,0.0092,1,4
198,0.0092,1,4
199,0.0092,1,4
200,0.0092,1,4
201,0.0092,1,4
202,0.0092,1,4
203,0.0092,1,4
204,0.0092,1,4
205,0.0092,1,4
206,0.0092,1,4
207,0.0092,1,4
208,0.0092,1,4
209,0.0092,1,4
210,0.0092,1,4
211,0.0092,1,4
212,0.0092,1,4
213,0.0092,1,4
214,0.0092,1,4
215,0.0092,1,4
216,0.0092,1,4
217,0.0092,1,4
218,0.0092,1,4
219,0.0092,1,4
220,0.0092,1,4
221,0.0092,1,4
222,0.0092,1,4
223,0.0092,1,4
224,0.0092,1,4
225,0.0092,1,4
226,0.0092,1,4
227,0.0092,1,4
228,0.0092,1,4
229,0.0092,1,4
230,0.0092,1,4
231,0.0092,1,4
232,0.0092,1,4
233,0.0092,1,4
234,0.0092,1,4
235,0.0092,1,4
236,0.0092,1,4
237,0.0092,1,4
238,0.0092,1,4
239,0.0092,1,4
240,0.0092,1,4
241,0.0092,1,4
242,0.0092,1,4
243,0.0092,1,4
244,0.0092,1,4
245,0.0092,1,4
246,0.0092,1,4
247,0.0092,1,4
248,0.0092,1,4
249,0.0092,1,4
250,0.0092,1,4
251,0.0092,1,4
252,0.0092,1,4
253,0.0092,1,4
254,0.0092,1,4
255,0.0092,1,4
256,0.0092,1,4
257,0.0092,1,4
258,0.0092,1,4
259,0.0092,1,4
260,0.0092,1,4
261,0.0092,1,4
262,0.0092,1,4
263,0.0092,1,4
264,0.0092,1,4
265,0.0092,1,4
266,0.0092,1,4
267,0.0092,1,4
268,0.0092,1,4
269,0.0092,1,4
270,0.0092,1,4
271,0.0092,1,4
272,0.0092,1,4
273,0.0092,1,4
274,0.0092,1,4
275,0.0092,1,4
276,0.0092,1,4
277,0.0092,1,4
278,0.0092,1,4
279,0.0092,1,4
280,0.0092,1,4
281,0.0092,1,4
282,0.0092,1,4
283,0.0092,1,4
284,0.0092,1,4
285,0.0092,1,4
286,0.0092,1,4
287,0.0092,1,4
288,0.0092,1,4
289,0.0092,1,4
290,0.0092,1,4
291,0.0092,1,4
292,0.0092,1,4
293,0.0092,1,4
294,0.0092,1,4
295,0.0092,1,4
296,0.0092,1,4
297,0.0092,1,4
298,0.0092,1,4
299,0.0092,1,4
300,0.0092,1,4
301,0.0092,1,4
302,0.0092,1,4
303,0.0092,1,4
304,0.0092,1,4
305,0.0092,1,4
306,0.0092,1,4
307,0.0092,1,4
308,0.0092,1,4
309,0.0092,1,4
310,0.0092,1,4
311,0.0092,1,4
312,0.0092,1,4
313,0.0092,1,4
314,0.0092,1,4
315,0.0092,1,4
316,0.0092,1,4
317,0.0092,1,4
318,0.0092,1,4
319,0.0092,1,4
320,0.0092,1,4
321,0.0092,1,4
322,0.0092,1,4
323,0.0092,1,4
324,0.0092,1,4
325,0.0092,1,4
326,0.0092,1,4
327,0.0092,1,4
328,0.0092,1,4
329,0.0092,1,4
330,0.0092,1,4
331,0.0092,1,4
332,0.0092,1,4
333,0.0092,1,4
334,0.0092,1,4
335,0.0092,1,4
336,0.0092,1,4
337,0.0092,1,4
338,0.0092,1,4
339,0.0092,1,4
340,0.0092,1,4
341,0.0092,1,4
342,0.0092,1,4
343,0.0092,1,4
344,0.0092,1,4
345,0.0092,1,4
346,0.0092,1,4
347,0.0092,1,4
348,0.0092,1,4
349,0.0092,1,4
350,0.0092,1,4
351,0.0092,1,4
352,0.0092,1,4
353,0.0092,1,4
354,0.0092,1,4
355,0.0092,1,4
356,0.0092,1,4
357,0.0092,1,4
358,0.0092,1,4
359,0.0092,1,4
360,0.0092,1,4
361,0.0092,1,4
362,0.0092,1,4
363,0.0092,1,4
364,0.0092,1,4
365,0.0092,1,4
366,0.0092,1,4
367,0.0092,1,4
368,0.0092,1,4
369,0.0092,1,4
370,0.0092,1,4
371,0.0092,1,4
372,0.0092,1,4
373,0.0092,1,4
374,0.0092,1,4
375,0.0092,1,4
376,0.0092,1,4
377,0.0092,1,4
378,0.0092,1,4
379,0.0092,1,4
380,0.0092,1,4
381,0.0092,1,4
382,0.0092,1,4
383,0.0092,1,4
384,0.0092,1,4
385,0.0092,1,4
386,0.0092,1,4
387,0.0092,1,4
388,0.0092,1,4
389,0.0092,1,4
390,0.0092,1,4
391,0.0092,1,4
392,0.0092,1,4
393,0.0092,1,4
394,0.0092,1,4
395,0.0092,1,4
396,0.0092,1,4
397,0.0092,1,4
398,0.0092,1,4
399,0.0092,1,4
400,0.0092,1,4
401,0.0092,1,4
402,0.0092,1,4
403,0.0092,1,4
404,0.0092,1,4
405,0.0092,1,4
406,0.0092,1,4
407,0.0092,1,4
408,0.0092,1,4
409,0.0092,1,4
410,0.0092,1,4
411,0.0092,1,4
412,0.0092,1,4
413,0.0092,1,4
414,0.0092,1,4
415,0.0092,1,4
416,0.0092,1,4
417,0.0092,1,4
418,0.0092,1,4
419,0.0092,1,4
420,0.0092,1,4
421,0.0092,1,4
422,0.0092,1,4
423,0.0092,1,4
424,0.0092,1,4
425,0.0092,1,4
426,0.0092,1,4
427,0.0092,1,4
428,0.0092,1,4
429,0.0092,1,4
430,0.0092,1,4
431,0.0092,1,4
432,0.0092,1,4
433,0.0092,1,4
434,0.0092,1,4
435,0.0092,1,4
436,0.0092,1,4
437,0.0092,1,4
438,0.0092,1,4
439,0.0092,1,4
440,0.0092,1,4
441,0.0092,1,4
442,0.0092,1,4
443,0.0092,1,4
444,0.0092,1,4
445,0.0092,1,4
446,0.0092,1,4
447,0.0092,1,4
448,0.0092,1,4
449,0.0092,1,4
450,0.0092,1,4
451,0.0092,1,4
452,0.0092,1,4
453,0.0092,1,4
454,0.0092,1,4
455,0.0092,1,4
456,0.0092,1,4
457,0.0092,1,4
458,0.0092,1,4
459,0.0092,1,4
460,0.0092,1,4
461,0.0092,1,4
462,0.0092,1,4
463,0.0092,1,4
464,0.0092,1,4
465,0.0092,1,4
466,0.0092,1,4
467,0.0092,1,4
468,0.0092,1,4
469,0.0092,1,4
470,0.0092,1,4
471,0.0092,1,4
472,0.0092,1,4
473,0.0092,1,4
474,0.0092,1,4
475,0.0092,1,4
476,0.0092,1,4
477,0.0092,1,4
478,0.0092,1,4
479,0.0092,1,4
480,0.0092,1,4
481,0.0092,1,4
482,0.0092,1,4
483,0.0092,1,4
484,0.0092,1,4
485,0.0092,1,4
486,0.0092,1,4
487,0.0092,1,4
488,0.0092,1,4
489,0.0092,1,4
490,0.0092,1,4
491,0.0092,1,4
492,0.0092,1,4
493,0.0092,1,4
494,0.0092,1,4
495,0.0092,1,4
496,0.0092,1,4
497,0.0092,1,4
498,0.0092,1,4
499,0.0092,1,4
500,0.0092,1,4
501,0.0092,1,4
502,0.0092,1,4
503,0.0092,1,4
504,0.0092,1,4
505,0.0092,1,4
506,0.0092,1,4
507,0.0092,1,4
508,0.0092,1,4
509,0.0092,1,4
510,0.0092,1,4
511,0.0092,1,4
512,0.0092,1,4
513,0.0092,1,4
514,0.0092,1,4
515,0.0092,1,4
516,0.0092,1,4
517,0.0092,1,4
518,0.0092,1,4
519,0.0092,1,4
520,0.0092,1,4
521,0.0092,1,4
522,0.0092,1,4
523,0.0092,1,4
524,0.0092,1,4
525,0.0092,1,4
526,0.0092,1,4
527,0.0092,1,4
528,0.0092,1,4
529,0.0092,1,4
530,0.0092,1,4
531,0.0092,1,4
532,0.0092,1,4
533,0.0092,1,4
534,0.0092,1,4
535,0.0092,1,4
536,0.0092,1,4
537,0.0092,1,4
538,0.0092,1,4
539,0.0092,1,4
540,0.0092,1,4
541,0.0092,1,4
542,0.0092,1,4
543,0.0092,1,4
544,0.0092,1,4
545,0.0092,1,4
546,0.0092,1,4
547,0.0092,1,4
548,0.0092,1,4
549,0.0092,1,4
550,0.0092,1,4
551,0.0092,1,4
552,0.0092,1,4
553,0.0092,1,4
554,0.0092,1,4
555,0.0092,1,4
556,0.0092,1,4
557,0.0092,1,4
558,0.0092,1,4
559,0.0092,1,4
560,0.0092,1,4
561,0.0092,1,4
562,0.0092,1,4
563,0.0092,1,4
564,0.0092,1,4
565,0.0092,1,4
566,0.0092,1,4
567,0.0092,1,4
568,0.0092,1,4
569,0.0092,1,4
570,0.0092,1,4
571,0.0092,1,4
572,0.0092,1,4
573,0.0092,1,4
574,0.0092,1,4
575,0.0092,1,4
576,0.0092,1,4
577,0.0092,1,4
578,0.0092,1,4
579,0.0092,1,4
580,0.0092,1,4
581,0.0092,1,4
582,0.0092,1,4
583,0.0092,1,4
584,0.0092,1,4
585,0.0092,1,4
586,0.0092,1,4
587,0.0092,1,4
588,0.0092,1,4
589,0.0092,1,4
590,0.0092,1,4
591,0.0092,1,4
592,0.0092,1,4
593,0.0092,1,4
594,0.0092,1,4
595,0.0092,1,4
596,0.0092,1,4
597,0.0092,1,4
598,0.0092,1,4
599,0.0092,1,4
600,0.0092,1,4
601,0.0092,1,4
602,0.0092,1,4
603,0.0092,1,4
604,0.0092,1,4
605,0.0092,1,4
606,0.0092,1,4
607,0.0092,1,4
608,0.0092,1,4
609,0.0092,1,4
610,0.0092,1,4
611,0.0092,1,4
612,0.0092,1,4
613,0.0092,1,4
614,0.0092,1,4
615,0.0092,1,4
616,0.0092,1,4
617,0.0092,1,4
618,0.0092,1,4
619,0.0092,1,4
620,0.0092,1,4
621,0.0092,1,4
622,0.0092,1,4
623,0.0092,1,4
624,0.0092,1,4
625,0.0092,1,4
626,0.0092,1,4
627,0.0092,1,4
628,0.0092,1,4
629,0.0092,1,4
630,0.0092,1,4
631,0.0092,1,4
632,0.0092,1,4
633,0.0092,1,4
634,0.0092,1,4
635,0.0092,1,4
636,0.0092,1,4
637,0.0092,1,4
638,0.0092,1,4
639,0.0092,1,4
640,0.0092,1,4
641,0.0092,1,4
642,0.0092,1,4
643,0.0092,1,4
644,0.0092,1,4
645,0.0092,1,4
646,0.0092,1,4
647,0.0092,1,4
648,0.0092,1,4
649,0.0092,1,4
650,0.0092,1,4
651,0.0092,1,4
652,0.0092,1,4
653,0.0092,1,4
654,0.0092,1,4
655,0.0092,1,4
656,0.0092,1,4
657,0.0092,1,4
658,0.0092,1,4
659,0.0092,1,4
660,0.0092,1,4
661,0.0092,1,4
662,0.0092,1,4
663,0.0092,1,4
664,0.0092,1,4
665,0.0092,1,4
666,0.0092,1,4
667,0.0092,1,4
668,0.0092,1,4
669,0.0092,1,4
670,0.0092,1,4
671,0.0092,1,4
672,0.0092,1,4
673,0.0092,1,4
674,0.0092,1,4
675,0.0092,1,4
676,0.0092,1,4
677,0.0092,1,4
678,0.0092,1,4
679,0.0092,1,4
680,0.0092,1,4
681,0.0092,1,4
682,0.0092,1,4
683,0.0092,1,4
684,0.0092,1,4
685,0.0092,1,4
686,0.0092,1,4
687,0.0092,1,4
688,0.0092,1,4
689,0.0092,1,4
690,0.0092,1,4
691,0.0092,1,4
692,0.0092,1,4
693,0.0092,1,4
694,0.0092,1,4
695,0.0092,1,4
696,0.0092,1,4
697,0.0092,1,4
698,0.0092,1,4
699,0.0092,1,4
700,0.0092,1,4
701,0.0092,1,4
702,0.0092,1,4
703,0.0092,1,4
704,0.0092,1,4
705,0.0092,1,4
706,0.0092,1,4
707,0.0092,1,4
708,0.0092,1,4
709,0.0092,1,4
710,0.0092,1,4
711,0.0092,1,4
712,0.0092,1,4
713,0.0092,1,4
714,0.0092,1,4
715,0.0092,1,4
716,0.0092,1,4
717,0.0092,1,4
718,0.0092,1,4
719,0.0092,1,4
720,0.0092,1,4
721,0.0092,1,4
722,0.0092,1,4
723,0.0092,1,4
724,0.0092,1,4
725,0.0092,1,4
726,0.0092,1,4
727,0.0092,1,4
728,0.0092,1,4
729,0.0092,1,4
730,0.0092,1,4
731,0.0092,1,4
732,0.0092,1,4
733,0.0092,1,4
734,0.0092,1,4
735,0.0092,1,4
736,0.0092,1,4
737,0.0092,1,4
738,0.0092,1,4
739,0.0092,1,4
740,0.0092,1,4
741,0.0092,1,4
742,0.0092,1,4
743,0.0092,1,4
744,0.0092,1,4
745,0.0092,1,4
746,0.0092,1,4
747,0.0092,1,4
748,0.0092,1,4
749,0.0092,1,4
750,0.0092,1,4
751,0.0092,1,4
752,0.0092,1,4
753,0.0092,1,4
754,0.0092,1,4
755,0.0092,1,4
756,0.0092,1,4
757,0.0092,1,4
758,0.0092,1,4
759,0.0092,1,4
760,0.0092,1,4
761,0.0092,1,4
762,0.0092,1,4
763,0.0092,1,4
764,0.0092,1,4
765,0.0092,1,4
766,0.0092,1,4
767,0.0092,1,4
768,0.0092,1,4
769,0.0092,1,4
770,0.0092,1,4
771,0.0092,1,4
772,0.0092,1,4
773,0.0092,1,4
774,0.0092,1,4
775,0.0092,1,4
776,0.0092,1,4
777,0.0092,1,4
778,0.0092,1,4
779,0.0092,1,4
780,0.0092,1,4
781,0.0092,1,4
782,0.0092,1,4
783,0.0092,1,4
784,0.0092,1,4
785,0.0092,1,4
786,0.0092,1,4
787,0.0092,1,4
788,0.0092,1,4
789,0.0092,1,4
790,0.0092,1,4
791,0.0092,1,4
792,0.0092,1,4
793,0.0092,1,4
794,0.0092,1,4
795,0.0092,1,4
796,0.0092,1,4
797,0.0092,1,4
798,0.0092,1,4
799,0.0092,1,4
800,0.0092,1,4
801,0.0092,1,4
802,0.0092,1,4
803,0.0092,1,4
804,0.0092,1,4
805,0.0092,1,4
806,0.0092,1,4
807,0.0092,1,4
808,0.0092,1,4
809,0.0092,1,4
810,0.0092,1,4
811,0.0092,1,4
812,0.0092,1,4
813,0.0092,1,4
814,0.0092,1,4
815,0.0092,1,4
816,0.0092,1,4
817,0.0092,1,4
818,0.0092,1,4
819,0.0092,1,4
820,0.0092,1,4
821,0.0092,1,4
822,0.0092,1,4
823,0.0092,1,4
824,0.0092,1,4
825,0.0092,1,4
826,0.0092,1,4
827,0.0092,1,4
828,0.0092,1,4
829,0.0092,1,4
830,0.0092,1,4
831,0.0092,1,4
832,0.0092,1,4
833,0.0092,1,4
834,0.0092,1,4
835,0.0092,1,4
836,0.0092,1,4
837,0.0092,1,4
838,0.0092,1,4
839,0.0092,1,4
840,0.0092,1,4
841,0.0092,1,4
842,0.0092,1,4
843,0.0092,1,4
844,0.0092,1,4
845,0.0092,1,4
846,0.0092,1,4
847,0.0092,1,4
848,0.0092,1,4
849,0.0092,1,4
850,0.0092,1,4
851,0.0092,1,4
852,0.0092,1,4
853,0.0092,1,4
854,0.0092,1,4
855,0.0092,1,4
856,0.0092,1,4
857,0.0092,1,4
858,0.0092,1,4
859,0.0092,1,4
860,0.0092,1,4
861,0.0092,1,4
862,0.0092,1,4
863,0.0092,1,4
864,0.0092,1,4
865,0.0092,1,4
866,0.0092,1,4
867,0.0092,1,4
868,0.0092,1,4
869,0.0092,1,4
870,0.0092,1,4
871,0.0092,1,4
872,0.0092,1,4
873,0.0092,1,4
874,0.0092,1,4
875,0.0092,1,4
876,0.0092,1,4
877,0.0092,1,4
878,0.0092,1,4
879,0.0092,1,4
880,0.0092,1,4
881,0.0092,1,4
882,0.0092,1,4
883,0.0092,1,4
884,0.0092,1,4
885,0.0092,1,4
886,0.0092,1,4
887,0.0092,1,4
888,0.0092,1,4
889,0.0092,1,4
890,0.0092,1,4
891,0.0092,1,4
892,0.0092,1,4
893,0.0092,1,4
894,0.0092,1,4
895,0.0092,1,4
896,0.0092,1,4
897,0.0092,1,4
898,0.0092,1,4
899,0.0092,1,4
900,0.0092,1,4
901,0.0092,1,4
902,0.0092,1,4
903,0.0092,1,4
904,0.0092,1,4
905,0.0092,1,4
906,0.0092,1,4
907,0.0092,1,4
908,0.0092,1,4
909,0.0092,1,4
910,0.0092,1,4
911,0.0092,1,4
912,0.0092,1,4
913,0.0092,1,4
914,0.0092,1,4
915,0.0092,1,4
916,0.0092,1,4
917,0.0092,1,4
918,0.0092,1,4
919,0.0092,1,4
920,0.0092,1,4
921,0.0092,1,4
922,0.0092,1,4
923,0.0092,1,4
924,0.0092,1,4
925,0.0092,1,4
926,0.0092,1,4
927,0.0092,1,4
928,0.0092,1,4
929,0.0092,1,4
930,0.0092,1,4
931,0.0092,1,4
932,0.0092,1,4
933,0.0092,1,4
934,0.0092,1,4
935,0.0092,1,4
936,0.0092,1,4
937,0.0092,1,4
938,0.0092,1,4
939,0.0092,1,4
940,0.0092,1,4
941,0.0092,1,4
942,0.0092,1,4
943,0.0092,1,4
944,0.0092,1,4
945,0.0092,1,4
946,0.0092,1,4
947,0.0092,1,4
948,0.0092,1,4
949,0.0092,1,4
950,0.0092,1,4
951,0.0092,1,4
952,0.0092,1,4
953,0.0092,1,4
954,0.0092,1,4
955,0.0092,1,4
956,0.0092,1,4
957,0.0092,1,4
958,0.0092,1,4
959,0.0092,1,4
960,0.0092,1,4
961,0.0092,1,4
962,0.0092,1,4
963,0.0092,1,4
964,0.0092,1,4
965,0.0092,1,4
966,0.0092,1,4
967,0.0092,1,4
968,0.0092,1,4
969,0.0092,1,4
970,0.0092,1,4
971,0.0092,1,4
972,0.0092,1,4
973,0.0092,1,4
974,0.0092,1,4
975,0.0092,1,4
976,0.0092,1,4
977,0.0092,1,4
978,0.0092,1,4
979,0.0092,1,4
980,0.0092,1,4
981,0.0092,1,4
982,0.0092,1,4
983,0.0092,1,4
984,0.0092,1,4
985,0.0092,1,4
986,0.0092,1,4
987,0.0092,1,4
988,0.0092,1,4
989,0.0092,1,4
990,0.0092,1,4
991,0.0092,1,4
992,0.0092,1,4
993,0.0092,1,4
994,0.0092,1,4
995,0.0092,1,4
996,0.0092,1,4
997,0.0092,1,4
998,0.0092,1,4
999,0.0092,1,4
1000,0.0092,1,4
1001,0.0092,1,4
1002,0.0092,1,4
1003,0.0092,1,4
1004,0.0092,1,4
1005,0.0092,1,4
1006,0.0092,1,4
1007,0.0092,1,4
1008,0.0092,1,4
1009,0.0092,1,4
1010,0.0092,1,4
1011,0.0092,1,4
1012,0.0092,1,4
1013,0.0092,1,4
1014,0.0092,1,4
1015,0.0092,1,4
1016,0.0092,1,4
1017,0.0092,1,4
1018,0.0092,1,4
1019,0.0092,1,4
1020,0.0092,1,4
1021,0.0092,1,4
1022,0.0092,1,4
1023,0.0092,1,4
1024,0.0092,1,4
1025,0.0092,1,4
1026,0.0092,1,4
1027,0.0092,1,4
1028,0.0092,1,4
1029,0.0092,1,4
1030,0.0092,1,4
1031,0.0092,1,4
1032,0.0092,1,4
1033,0.0092,1,4
1034,0.0092,1,4
1035,0.0092,1,4
1036,0.0092,1,4
1037,0.0092,1,4
1038,0.0092,1,4
1039,0.0092,1,4
1040,0.0092,1,4
1041,0.0092,1,4
1042,0.0092,1,4
1043,0.0092,1,4
1044,0.0092,1,4
1045,0.0092,1,4
1046,0.0092,1,4
1047,0.0092,1,4
1048,0.0092,1,4
1049,0.0092,1,4
1050,0.0092,1,4
1051,0.0092,1,4
1052,0.0092,1,4
1053,0.0092,1,4
1054,0.0092,1,4
1055,0.0092,1,4
1056,0.0092,1,4
1057,0.0092,1,4
1058,0.0092,1,4
1059,0.0092,1,4
1060,0.0092,1,4
1061,0.0092,1,4
1062,0.0092,1,4
1063,0.0092,1,4
1064,0.0092,1,4
1065,0.0092,1,4
1066,0.0092,1,4
1067,0.0092,1,4
1068,0.0092,1,4
1069,0.0092,1,4
1070,0.0092,1,4
1071,0.0092,1,4
1072,0.0092,1,4
1073,0.0092,1,4
1074,0.0092,1,4
1075,0.0092,1,4
1076,0.0092,1,4
1077,0.0092,1,4
1078,0.0092,1,4
1079,0.0092,1,4
1080,0.0092,1,4
1081,0.0092,1,4
1082,0.0092,1,4
1083,0.0092,1,4
1084,0.0092,1,4
1085,0.0092,1,4
1086,0.0092,1,4
1087,0.0092,1,4
1088,0.0092,1,4
1089,0.0092,1,4
1090,0.0092,1,4
1091,0.0092,1,4
1092,0.0092,1,4
1093,0.0092,1,4
1094,0.0092,1,4
1095,0.0092,1,4
1096,0.0092,1,4
1097,0.0092,1,4
1098,0.0092,1,4
1099,0.0092,1,4
1100,0.0092,1,4
1101,0.0092,1,4
1102,0.0092,1,4
1103,0.0092,1,4
1104,0.0092,1,4
1105,0.0092,1,4
1106,0.0092,1,4
1107,0.0092,1,4
1108,0.0092,1,4
1109,0.0092,1,4
1110,0.0092,1,4
1111,0.0092,1,4
1112,0.0092,1,4
1113,0.0092,1,4
1114,0.0092,1,4
1115,0.0092,1,4
1116,0.0092,1,4
1117,0.0092,1,4
1118,0.0092,1,4
1119,0.0092,1,4
1120,0.0092,1,4
1121,0.0092,1,4
1122,0.0092,1,4
1123,0.0092,1,4
1124,0.0092,1,4
1125,0.0092,1,4
1126,0.0092,1,4
1127,0.0092,1,4
1128,0.0092,1,4
1129,0.0092,1,4
1130,0.0092,1,4
1131,0.0092,1,4
1132,0.0092,1,4
1133,0.0092,1,4
1134,0.0092,1,4
1135,0.0092,1,4
1136,0.0092,1,4
1137,0.0092,1,4
1138,0.0092,1,4
1139,0.0092,1,4
1140,0.0092,1,4
1141,0.0092,1,4
1142,0.0092,1,4
1143,0.0092,1,4
1144,0.0092,1,4
1145,0.0092,1,4
1146,0.0092,1,4
1147,0.0092,1,4
1148,0.0092,1,4
1149,0.0092,1,4
1150,0.0092,1,4
1151,0.0092,1,4
1152,0.0092,1,4
1153,0.0092,1,4
1154,0.0092,1,4
1155,0.0092,1,4
1156,0.0092,1,4
1157,0.0092,1,4
1158,0.0092,1,4
1159,0.0092,1,4
1160,0.0092,1,4
1161,0.0092,1,4
1162,0.0092,1,4
1163,0.0092,1,4
1164,0.0092,1,4
1165,0.0092,1,4
1166,0.0092,1,4
1167,0.0092,1,4
1168,0.0092,1,4
1169,0.0092,1,4
1170,0.0092,1,4
1171,0.0092,1,4
1172,0.0092,1,4
1173,0.0092,1,4
1174,0.0092,1,4
1175,0.0092,1,4
1176,0.0092,1,4
1177,0.0092,1,4
1178,0.0092,1,4
1179,0.0092,1,4
1180,0.0092,1,4
1181,0.0092,1,4
1182,0.0092,1,4
1183,0.0092,1,4
1184,0.0092,1,4
1185,0.0092,1,4
1186,0.0092,1,4
1187,0.0092,1,4
1188,0.0092,1,4
1189,0.0092,1,4
1190,0.0092,1,4
1191,0.0092,1,4
1192,0.0092,1,4
1193,0.0092,1,4
1194,0.0092,1,4
1195,0.0092,1,4
1196,0.0092,1,4
1197,0.0092,1,4
1198,0.0092,1,4
1199,0.0092,1,4
1200,0.0092,1,4
1201,0.0092,1,4
1202,0.0092,1,4
1203,0.0092,1,4
1204,0.0092,1,4
1205,0.0092,1,4
1206,0.0092,1,4
1207,0.0092,1,4
1208,0.0092,1,4
1209,0.0092,1,4
1210,0.0092,1,4
1211,0.0092,1,4
1212,0.0092,1,4
1213,0.0092,1,4
1214,0.0092,1,4
1215,0.0092,1,4
1216,0.0092,1,4
1217,0.0092,1,4
1218,0.0092,1,4
1219,0.0092,1,4
1220,0.0092,1,4
1221,0.0092,1,4
1222,0.0092,1,4
1223,0.0092,1,4
1224,0.0092,1,4
1225,0.0092,1,4
1226,0.0092,1,4
1227,0.0092,1,4
1228,0.0092,1,4
1229,0.0092,1,4
1230,0.0092,1,4
1231,0.0092,1,4
1232,0.0092,1,4
1233,0.0092,1,4
1234,0.0092,1,4
1235,0.0092,1,4
1236,0.0092,1,4
1237,0.0092,1,4
1238,0.0092,1,4
1239,0.0092,1,4
1240,0.0092,1,4
1241,0.0092,1,4
1242,0.0092,1,4
1243,0.0092,1,4
1244,0.0092,1,4
1245,0.0092,1,4
1246,0.0092,1,4
1247,0.0092,1,4
1248,0.0092,1,4
1249,0.0092,1,4
1250,0.0092,1,4
1251,0.0092,1,4
1252,0.0092,1,4
1253,0.0092,1,4
1254,0.0092,1,4
1255,0.0092,1,4
1256,0.0092,1,4
1257,0.0092,1,4
1258,0.0092,1,4
1259,0.0092,1,4
1260,0.0092,1,4
1261,0.0092,1,4
1262,0.0092,1,4
1263,0.0092,1,4
1264,0.0092,1,4
1265,0.0092,1,4
1266,0.0092,1,4
1267,0.0092,1,4
1268,0.0092,1,4
1269,0.0092,1,4
1270,0.0092,1,4
1271,0.0092,1,4
1272,0.0092,1,4
1273,0.0092,1,4
1274,0.0092,1,4
1275,0.0092,1,4
1276,0.0092,1,4
1277,0.0092,1,4
1278,0.0092,1,4
1279,0.0092,1,4
1280,0.0092,1,4
1281,0.0092,1,4
1282,0.0092,1,4
1283,0.0092,1,4
1284,0.0092,1,4
1285,0.0092,1,4
1286,0.0092,1,4
1287,0.0092,1,4
1288,0.0092,1,4
1289,0.0092,1,4
1290,0.0092,1,4
1291,0.0092,1,4
1292,0.0092,1,4
1293,0.0092,1,4
1294,0.0092,1,4
1295,0.0092,1,4
1296,0.0092,1,4
1297,0.0092,1,4
1298,0.0092,1,4
1299,0.0092,1,4
1300,0.0092,1,4
1301,0.0092,1,4
1302,0.0092,1,4
1303,0.0092,1,4
1304,0.0092,1,4
1305,0.0092,1,4
1306,0.0092,1,4
1307,0.0092,1,4
1308,0.0092,1,4
1309,0.0092,1,4
1310,0.0092,1,4
1311,0.0092,1,4
1312,0.0092,1,4
1313,0.0092,1,4
1314,0.0092,1,4
1315,0.0092,1,4
1316,0.0092,1,4
1317,0.0092,1,4
1318,0.0092,1,4
1319,0.0092,1,4
1320,0.0092,1,4
1321,0.0092,1,4
1322,0.0092,1,4
1323,0.0092,1,4
1324,0.0092,1,4
1325,0.0092,1,4
1326,0.0092,1,4
1327,0.0092,1,4
1328,0.0092,1,4
1329,0.0092,1,4
1330,0.0092,1,4
1331,0.0092,1,4
1332,0.0092,1,4
1333,0.0092,1,4
1334,0.0092,1,4
1335,0.0092,1,4
1336,0.0092,1,4
1337,0.0092,1,4
1338,0.0092,1,4
1339,0.0092,1,4
1340,0.0092,1,4
1341,0.0092,1,4
1342,0.0092,1,4
1343,0.0092,1,4
1344,0.0092,1,4
1345,0.0092,1,4
1346,0.0092,1,4
1347,0.0092,1,4
1348,0.0092,1,4
1349,0.0092,1,4
1350,0.0092,1,4
1351,0.0092,1,4
1352,0.0092,1,4
1353,0.0092,1,4
1354,0.0092,1,4
1355,0.0092,1,4
1356,0.0092,1,4
1357,0.0092,1,4
1358,0.0092,1,4
1359,0.0092,1,4
1360,0.0092,1,4
1361,0.0092,1,4
1362,0.0092,1,4
1363,0.0092,1,4
1364,0.0092,1,4
1365,0.0092,1,4
1366,0.0092,1,4
1367,0.0092,1,4
1368,0.0092,1,4
1369,0.0092,1,4
1370,0.0092,1,4
1371,0.0092,1,4
1372,0.0092,1,4
1373,0.0092,1,4
1374,0.0092,1,4
1375,0.0092,1,4
1376,0.0092,1,4
1377,0.0092,1,4
1378,0.0092,1,4
1379,0.0092,1,4
1380,0.0092,1,4
1381,0.0092,1,4
1382,0.0092,1,4
1383,0.0092,1,4
1384,0.0092,1,4
1385,0.0092,1,4
1386,0.0092,1,4
1387,0.0092,1,4
1388,0.0092,1,4
1389,0.0092,1,4
1390,0.0092,1,4
1391,0.0092,1,4
1392,0.0092,1,4
1393,0.0092,1,4
1394,0.0092,1,4
1395,0.0092,1,4
1396,0.0092,1,4
1397,0.0092,1,4
1398,0.0092,1,4
1399,0.0092,1,4
1400,0.0092,1,4
1401,0.0092,1,4
1402,0.0092,1,4
1403,0.0092,1,4
1404,0.0092,1,4
1405,0.0092,1,4
1406,0.0092,1,4
1407,0.0092,1,4
1408,0.0092,1,4
1409,0.0092,1,4
1410,0.0092,1,4
1411,0.0092,1,4
1412,0.0092,1,4
1413,0.0092,1,4
1414,0.0092,1,4
1415,0.0092,1,4
1416,0.0092,1,4
1417,0.0092,1,4
1418,0.0092,1,4
1419,0.0092,1,4
1420,0.0092,1,4
1421,0.0092,1,4
1422,0.0092,1,4
1423,0.0092,1,4
1424,0.0092,1,4
1425,0.0092,1,4
1426,0.0092,1,4
1427,0.0092,1,4
1428,0.0092,1,4
1429,0.0092,1,4
1430,0.0092,1,4
1431,0.0092,1,4
1432,0.0092,1,4
1433,0.0092,1,4
1434,0.0092,1,4
1435,0.0092,1,4
1436,0.0092,1,4
1437,0.0092,1,4
1438,0.0092,1,4
1439,0.0092,1,4
1440,0.0092,1,4
1441,0.0092,1,4
1442,0.0092,1,4
1443,0.0092,1,4
1444,0.0092,1,4
1445,0.0092,1,4
1446,0.0092,1,4
1447,0.0092,1,4
1448,0.0092,1,4
1449,0.0092,1,4
1450,0.0092,1,4
1451,0.0092,1,4
1452,0.0092,1,4
1453,0.0092,1,4
1454,0.0092,1,4
1455,0.0092,1,4
1456,0.0092,1,4
1457,0.0092,1,4
1458,0.0092,1,4
1459,0.0092,1,4
1460,0.0092,1,4
1461,0.0092,1,4
1462,0.0092,1,4
1463,0.0092,1,4
1464,0.0092,1,4
1465,0.0092,1,4
1466,0.0092,1,4
1467,0.0092,1,4
1468,0.0092,1,4
1469,0.0092,1,4
1470,0.0092,1,4
1471,0.0092,1,4
1472,0.0092,1,4
1473,0.0092,1,4
1474,0.0092,1,4
1475,0.0092,1,4
1476,0.0092,1,4
1477,0.0092,1,4
1478,0.0092,1,4
1479,0.0092,1,4
1480,0.0092,1,4
1481,0.0092,1,4
1482,0.0092,1,4
1483,0.0092,1,4
1484,0.0092,1,4
1485,0.0092,1,4
1486,0.0092,1,4
1487,0.0092,1,4
1488,0.0092,1,4
1489,0.0092,1,4
1490,0.0092,1,4
1491,0.0092,1,4
1492,0.0092,1,4
1493,0.0092,1,4
1494,0.0092,1,4
1495,0.0092,1,4
1496,0.0092,1,4
1497,0.0092,1,4
1498,0.0092,1,4
1499,0.0092,1,4
1500,0.0092,1,4
1501,0.0092,1,4
1502,0.0092,1,4
1503,0.0092,1,4
1504,0.0092,1,4
1505,0.0092,1,4
1506,0.0092,1,4
1507,0.0092,1,4
1508,0.0092,1,4
1509,0.0092,1,4
1510,0.0092,1,4
1511,0.0092,1,4
1512,0.0092,1,4
1513,0.0092,1,4
1514,0.0092,1,4
1515,0.0092,1,4
1516,0.0092,1,4
1517,0.0092,1,4
1518,0.0092,1,4
1519,0.0092,1,4
1520,0.0092,1,4
1521,0.0092,1,4
1522,0.0092,1,4
1523,0.0092,1,4
1524,0.0092,1,4
1525,0.0092,1,4
1526,0.0092,1,4
1527,0.0092,1,4
1528,0.0092,1,4
1529,0.0092,1,4
1530,0.0092,1,4
1531,0.0092,1,4
1532,0.0092,1,4
1533,0.0092,1,4
1534,0.0092,1,4
1535,0.0092,1,4
1536,0.0092,1,4
1537,0.0092,1,4
1538,0.0092,1,4
1539,0.0092,1,4
1540,0.0092,1,4
1541,0.0092,1,4
1542,0.0092,1,4
1543,0.0092,1,4
1544,0.0092,1,4
1545,0.0092,1,4
1546,0.0092,1,4
1547,0.0092,1,4
1548,0.0092,1,4
1549,0.0092,1,4
1550,0.0092,1,4
1551,0.0092,1,4
1552,0.0092,1,4
1553,0.0092,1,4
1554,0.0092,1,4
1555,0.0092,1,4
1556,0.0092,1,4
1557,0.0092,1,4
1558,0.0092,1,4
1559,0.0092,1,4
1560,0.0092,1,4
1561,0.0092,1,4
1562,0.0092,1,4
1563,0.0092,1,4
1564,0.0092,1,4
1565,0.0092,1,4
1566,0.0092,1,4
1567,0.0092,1,4
1568,0.0092,1,4
1569,0.0092,1,4
1570,0.0092,1,4
1571,0.0092,1,4
1572,0.0092,1,4
1573,0.0092,1,4
1574,0.0092,1,4
1575,0.0092,1,4
1576,0.0092,1,4
1577,0.0092,1,4
1578,0.0092,1,4
1579,0.0092,1,4
1580,0.0092,1,4
1581,0.0092,1,4
1582,0.0092,1,4
1583,0.0092,1,4
1584,0.0092,1,4
1585,0.0092,1,4
1586,0.0092,1,4
1587,0.0092,1,4
1588,0.0092,1,4
1589,0.0092,1,4
1590,0.0092,1,4
1591,0.0092,1,4
1592,0.0092,1,4
1593,0.0092,1,4
1594,0.0092,1,4
1595,0.0092,1,4
1596,0.0092,1,4
1597,0.0092,1,4
1598,0.0092,1,4
1599,0.0092,1,4
1600,0.0092,1,4
1601,0.0092,1,4
1602,0.0092,1,4
1603,0.0092,1,4
1604,0.0092,1,4
1605,0.0092,1,4
1606,0.0092,1,4
1607,0.0092,1,4
1608,0.0092,1,4
1609,0.0092,1,4
1610,0.0092,1,4
1611,0.0092,1,4
1612,0.0092,1,4
1613,0.0092,1,4
1614,0.0092,1,4
1615,0.0092,1,4
1616,0.0092,1,4
1617,0.0092,1,4
1618,0.0092,1,4
1619,0.0092,1,4
1620,0.0092,1,4
1621,0.0092,1,4
1622,0.0092,1,4
1623,0.0092,1,4
1624,0.0092,1,4
1625,0.0092,1,4
1626,0.0092,1,4
1627,0.0092,1,4
1628,0.0092,1,4
1629,0.0092,1,4
1630,0.0092,1,4
1631,0.0092,1,4
1632,0.0092,1,4
1633,0.0092,1,4
1634,0.0092,1,4
1635,0.0092,1,4
1636,0.0092,1,4
1637,0.0092,1,4
1638,0.0092,1,4
1639,0.0092,1,4
1640,0.0092,1,4
1641,0.0092,1,4
1642,0.0092,1,4
1643,0.0092,1,4
1644,0.0092,1,4
1645,0.0092,1,4
1646,0.0092,1,4
1647,0.0092,1,4
1648,0.0092,1,4
1649,0.0092,1,4
1650,0.0092,1,4
1651,0.0092,1,4
1652,0.0092,1,4
1653,0.0092,1,4
1654,0.0092,1,4
1655,0.0092,1,4
1656,0.0092,1,4
1657,0.0092,1,4
1658,0.0092,1,4
1659,0.0092,1,4
1660,0.0092,1,4
1661,0.0092,1,4
1662,0.0092,1,4
1663,0.0092,1,4
1664,0.0092,1,4
1665,0.0092,1,4
1666,0.0092,1,4
1667,0.0092,1,4
1668,0.0092,1,4
1669,0.0092,1,4
1670,0.0092,1,4
1671,0.0092,1,4
1672,0.0092,1,4
1673,0.0092,1,4
1674,0.0092,1,4
1675,0.0092,1,4
1676,0.0092,1,4
1677,0.0092,1,4
1678,0.0092,1,4
1679,0.0092,1,4
1680,0.0092,1,4
1681,0.0092,1,4
1682,0.0092,1,4
1683,0.0092,1,4
1684,0.0092,1,4
1685,0.0092,1,4
1686,0.0092,1,4
1687,0.0092,1,4
1688,0.0092,1,4
1689,0.0092,1,4
1690,0.0092,1,4
1691,0.0092,1,4
1692,0.0092,1,4
1693,0.0092,1,4
1694,0.0092,1,4
1695,0.0092,1,4
1696,0.0092,1,4
1697,0.0092,1,4
1698,0.0092,1,4
1699,0.0092,1,4
1700,0.0092,1,4
1701,0.0092,1,4
1702,0.0092,1,4
1703,0.0092,1,4
1704,0.0092,1,4
1705,0.0092,1,4
1706,0.0092,1,4
1707,0.0092,1,4
1708,0.0092,1,4
1709,0.0092,1,4
1710,0.0092,1,4
1711,0.0092,1,4
1712,0.0092,1,4
1713,0.0092,1,4
1714,0.0092,1,4
1715,0.0092,1,4
1716,0.0092,1,4
1717,0.0092,1,4
1718,0.0092,1,4
1719,0.0092,1,4
1720,0.0092,1,4
1721,0.0092,1,4
1722,0.0092,1,4
1723,0.0092,1,4
1724,0.0092,1,4
1725,0.0092,1,4
1726,0.0092,1,4
1727,0.0092,1,4
1728,0.0092,1,4
1729,0.0092,1,4
1730,0.0092,1,4
1731,0.0092,1,4
1732,0.0092,1,4
1733,0.0092,1,4
1734,0.0092,1,4
1735,0.0092,1,4
1736,0.0092,1,4
1737,0.0092,1,4
1738,0.0092,1,4
1739,0.0092,1,4
1740,0.0092,1,4
1741,0.0092,1,4
1742,0.0092,1,4
1743,0.0092,1,4
1744,0.0092,1,4
1745,0.0092,1,4
1746,0.0092,1,4
1747,0.0092,1,4
1748,0.0092,1,4
1749,0.0092,1,4
1750,0.0092,1,4
1751,0.0092,1,4
1752,0.0092,1,4
1753,0.0092,1,4
1754,0.0092,1,4
1755,0.0092,1,4
1756,0.0092,1,4
1757,0.0092,1,4
1758,0.0092,1,4
1759,0.0092,1,4
1760,0.0092,1,4
1761,0.0092,1,4
1762,0.0092,1,4
1763,0.0092,1,4
1764,0.0092,1,4
1765,0.0092,1,4
1766,0.0092,1,4
1767,0.0092,1,4
1768,0.0092,1,4
1769,0.0092,1,4
1770,0.0092,1,4
1771,0.0092,1,4
1772,0.0092,1,4
1773,0.0092,1,4
1774,0.0092,1,4
1775,0.0092,1,4
1776,0.0092,1,4
1777,0.0092,1,4
1778,0.0092,1,4
1779,0.0092,1,4
1780,0.0092,1,4
1781,0.0092,1,4
1782,0.0092,1,4
1783,0.0092,1,4
1784,0.0092,1,4
1785,0.0092,1,4
1786,0.0092,1,4
1787,0.0092,1,4
1788,0.0092,1,4
1789,0.0092,1,4
1790,0.0092,1,4
1791,0.0092,1,4
1792,0.0092,1,4
1793,0.0092,1,4
1794,0.0092,1,4
1795,0.0092,1,4
1796,0.0092,1,4
1797,0.0092,1,4
1798,0.0092,1,4
1799,0.0092,1,4
1800,0.0092,1,4
1801,0.0092,1,4
1802,0.0092,1,4
1803,0.0092,1,4
1804,0.0092,1,4
1805,0.0092,1,4
1806,0.0092,1,4
1807,0.0092,1,4
1808,0.0092,1,4
1809,0.0092,1,4
1810,0.0092,1,4
1811,0.0092,1,4
1812,0.0092,1,4
1813,0.0092,1,4
1814,0.0092,1,4
1815,0.0092,1,4
1816,0.0092,1,4
1817,0.0092,1,4
1818,0.0092,1,4
1819,0.0092,1,4
1820,0.0092,1,4
1821,0.0092,1,4
1822,0.0092,1,4
1823,0.0092,1,4
1824,0.0092,1,4
1825,0.0092,1,4
1826,0.0092,1,4
1827,0.0092,1,4
1828,0.0092,1,4
1829,0.0092,1,4
1830,0.0092,1,4
1831,0.0092,1,4
1832,0.0092,1,4
1833,0.0092,1,4
1834,0.0092,1,4
1835,0.0092,1,4
1836,0.0092,1,4
1837,0.0092,1,4
1838,0.0092,1,4
1839,0.0092,1,4
1840,0.0092,1,4
1841,0.0092,1,4
1842,0.0092,1,4
1843,0.0092,1,4
1844,0.0092,1,4
1845,0.0092,1,4
1846,0.0092,1,4
1847,0.0092,1,4
1848,0.0092,1,4
1849,0.0092,1,4
1850,0.0092,1,4
1851,0.0092,1,4
1852,0.0092,1,4
1853,0.0092,1,4
1854,0.0092,1,4
1855,0.0092,1,4
1856,0.0092,1,4
1857,0.0092,1,4
1858,0.0092,1,4
1859,0.0092,1,4
1860,0.0092,1,4
1861,0.0092,1,4
1862,0.0092,1,4
1863,0.0092,1,4
1864,0.0092,1,4
1865,0.0092,1,4
1866,0.0092,1,4
1867,0.0092,1,4
1868,0.0092,1,4
1869,0.0092,1,4
1870,0.0092,1,4
1871,0.0092,1,4
1872,0.0092,1,4
1873,0.0092,1,4
1874,0.0092,1,4
1875,0.0092,1,4
1876,0.0092,1,4
1877,0.0092,1,4
1878,0.0092,1,4
1879,0.0092,1,4
1880,0.0092,1,4
1881,0.0092,1,4
1882,0.0092,1,4
1883,0.0092,1,4
1884,0.0092,1,4
1885,0.0092,1,4
1886,0.0092,1,4
1887,0.0092,1,4
1888,0.0092,1,4
1889,0.0092,1,4
1890,0.0092,1,4
1891,0.0092,1,4
1892,0.0092,1,4
1893,0.0092,1,4
1894,0.0092,1,4
1895,0.0092,1,4
1896,0.0092,1,4
1897,0.0092,1,4
1898,0.0092,1,4
1899,0.0092,1,4
1900,0.0092,1,4
1901,0.0092,1,4
1902,0.0092,1,4
1903,0.0092,1,4
1904,0.0092,1,4
1905,0.0092,1,4
1906,0.0092,1,4
1907,0.0092,1,4
1908,0.0092,1,4
1909,0.0092,1,4
1910,0.0092,1,4
1911,0.0092,1,4
1912,0.0092,1,4
1913,0.0092,1,4
1914,0.0092,1,4
1915,0.0092,1,4
1916,0.0092,1,4
1917,0.0092,1,4
1918,0.0092,1,4
1919,0.0092,1,4
1920,0.0092,1,4
1921,0.0092,1,4
1922,0.0092,1,4
1923,0.0092,1,4
1924,0.0092,1,4
1925,0.0092,1,4
1926,0.0092,1,4
1927,0.0092,1,4
1928,0.0092,1,4
1929,0.0092,1,4
1930,0.0092,1,4
1931,0.0092,1,4
1932,0.0092,1,4
1933,0.0092,1,4
1934,0.0092,1,4
1935,0.0092,1,4
1936,0.0092,1,4
1937,0.0092,1,4
1938,0.0092,1,4
1939,0.0092,1,4
1940,0.0092,1,4
1941,0.0092,1,4
1942,0.0092,1,4
1943,0.0092,1,4
1944,0.0092,1,4
1945,0.0092,1,4
1946,0.0092,1,4
1947,0.0092,1,4
1948,0.0092,1,4
1949,0.0092,1,4
1950,0.0092,1,4
1951,0.0092,1,4
1952,0.0092,1,4
1953,0.0092,1,4
1954,0.0092,1,4
1955,0.0092,1,4
1956,0.0092,1,4
1957,0.0092,1,4
1958,0.0092,1,4
1959,0.0092,1,4
1960,0.0092,1,4
1961,0.0092,1,4
1962,0.0092,1,4
1963,0.0092,1,4
1964,0.0092,1,4
1965,0.0092,1,4
1966,0.0092,1,4
1967,0.0092,1,4
1968,0.0092,1,4
1969,0.0092,1,4
1970,0.0092,1,4
1971,0.0092,1,4
1972,0.0092,1,4
1973,0.0092,1,4
1974,0.0092,1,4
1975,0.0092,1,4
1976,0.0092,1,4
1977,0.0092,1,4
1978,0.0092,1,4
1979,0.0092,1,4
1980,0.0092,1,4
1981,0.0092,1,4
1982,0.0092,1,4
1983,0.0092,1,4
1984,0.0092,1,4
1985,0.0092,1,4
1986,0.0092,1,4
1987,0.0092,1,4
1988,0.0092,1,4
1989,0.0092,1,4
1990,0.0092,1,4
1991,0.0092,1,4
1992,0.0092,1,4
1993,0.0092,1,4
1994,0.0092,1,4
1995,0.0092,1,4
1996,0.0092,1,4
1997,0.0092,1,4
1998,0.0092,1,4
1999,0.0092,1,4
2000,0.0092,1,4
2001,0.0092,1,4
2002,0.0092,1,4
2003,0.0092,1,4
2004,0.0092,1,4
2005,0.0092,1,4
2006,0.0092,1,4
2007,0.0092,1,4
2008,0.0092,1,4
2009,0.0092,1,4
2010,0.0092,1,4
2011,0.0092,1,4
2012,0.0092,1,4
2013,0.0092,1,4
2014,0.0092,1,4
2015,0.0092,1,4
2016,0.0092,1,4
2017,0.0092,1,4
2018,0.0092,1,4
2019,0.0092,1,4
2020,0.0092,1,4
2021,0.0092,1,4
2022,0.0092,1,4
2023,0.0092,1,4
2024,0.0092,1,4
2025,0.0092,1,4
2026,0.0092,1,4
2027,0.0092,1,4
2028,0.0092,1,4
2029,0.0092,1,4
2030,0.0092,1,4
2031,0.0092,1,4
2032,0.0092,1,4
2033,0.0092,1,4
2034,0.0092,1,4
2035,0.0092,1,4
2036,0.0092,1,4
2037,0.0092,1,4
2038,0.0092,1,4
2039,0.0092,1,4
2040,0.0092,1,4
2041,0.0092,1,4
2042,0.0092,1,4
2043,0.0092,1,4
2044,0.0092,1,4
2045,0.0092,1,4
2046,0.0092,1,4
2047,0.0092,1,4
2048,0.0092,1,4
2049,0.0092,1,4
2050,0.0092,1,4
2051,0.0092,1,4
2052,0.0092,1,4
2053,0.0092,1,4
2054,0.0092,1,4
2055,0.0092,1,4
2056,0.0092,1,4
2057,0.0092,1,4
2058,0.0092,1,4
2059,0.0092,1,4
2060,0.0092,1,4
2061,0.0092,1,4
2062,0.0092,1,4
2063,0.0092,1,4
2064,0.0092,1,4
2065,0.0092,1,4
2066,0.0092,1,4
2067,0.0092,1,4
2068,0.0092,1,4
2069,0.0092,1,4
2070,0.0092,1,4
2071,0.0092,1,4
2072,0.0092,1,4
2073,0.0092,1,4
2074,0.0092,1,4
2075,0.0092,1,4
2076,0.0092,1,4
2077,0.0092,1,4
2078,0.0092,1,4
2079,0.0092,1,4
2080,0.0092,1,4
2081,0.0092,1,4
2082,0.0092,1,4
2083,0.0092,1,4
2084,0.0092,1,4
2085,0.0092,1,4
2086,0.0092,1,4
2087,0.0092,1,4
2088,0.0092,1,4
2089,0.0092,1,4
2090,0.0092,1,4
2091,0.0092,1,4
2092,0.0092,1,4
2093,0.0092,1,4
2094,0.0092,1,4
2095,0.0092,1,4
2096,0.0092,1,4
2097,0.0092,1,4
2098,0.0092,1,4
2099,0.0092,1,4
2100,0.0092,1,4
2101,0.0092,1,4
2102,0.0092,1,4
2103,0.0092,1,4
2104,0.0092,1,4
2105,0.0092,1,4
2106,0.0092,1,4
2107,0.0092,1,4
2108,0.0092,1,4
2109,0.0092,1,4
2110,0.0092,1,4
2111,0.0092,1,4
2112,0.0092,1,4
2113,0.0092,1,4
2114,0.0092,1,4
2115,0.0092,1,4
2116,0.0092,1,4
2117,0.0092,1,4
2118,0.0092,1,4
2119,0.0092,1,4
2120,0.0092,1,4
2121,0.0092,1,4
2122,0.0092,1,4
2123,0.0092,1,4
2124,0.0092,1,4
2125,0.0092,1,4
2126,0.0092,1,4
2127,0.0092,1,4
2128,0.0092,1,4
2129,0.0092,1,4
2130,0.0092,1,4
2131,0.0092,1,4
2132,0.0092,1,4
2133,0.0092,1,4
2134,0.0092,1,4
2135,0.0092,1,4
2136,0.0092,1,4
2137,0.0092,1,4
2138,0.0092,1,4
2139,0.0092,1,4
2140,0.0092,1,4
2141,0.0092,1,4
2142,0.0092,1,4
2143,0.0092,1,4
2144,0.0092,1,4
2145,0.0092,1,4
2146,0.0092,1,4
2147,0.0092,1,4
2148,0.0092,1,4
2149,0.0092,1,4
2150,0.0092,1,4
2151,0.0092,1,4
2152,0.0092,1,4
2153,0.0092,1,4
2154,0.0092,1,4
2155,0.0092,1,4
2156,0.0092,1,4
2157,0.0092,1,4
2158,0.0092,1,4
2159,0.0092,1,4
2160,0.0092,1,4
2161,0.0092,1,4
2162,0.0092,1,4
2163,0.0092,1,4
2164,0.0092,1,4
2165,0.0092,1,4
2166,0.0092,1,4
2167,0.0092,1,4
2168,0.0092,1,4
2169,0.0092,1,4
2170,0.0092,1,4
2171,0.0092,1,4
2172,0.0092,1,4
2173,0.0092,1,4
2174,0.0092,1,4
2175,0.0092,1,4
2176,0.0092,1,4
2177,0.0092,1,4
2178,0.0092,1,4
2179,0.0092,1,4
2180,0.0092,1,4
2181,0.0092,1,4
2182,0.0092,1,4
2183,0.0092,1,4
2184,0.0092,1,4
2185,0.0092,1,4
2186,0.0092,1,4
2187,0.0092,1,4
2188,0.0092,1,4
2189,0.0092,1,4
2190,0.0092,1,4
2191,0.0092,1,4
2192,0.0092,1,4
2193,0.0092,1,4
2194,0.0092,1,4
2195,0.0092,1,4
2196,0.0092,1,4
2197,0.0092,1,4
2198,0.0092,1,4
2199,0.0092,1,4
2200,0.0092,1,4
2201,0.0092,1,4
2202,0.0092,1,4
2203,0.0092,1,4
2204,0.0092,1,4
2205,0.0092,1,4
2206,0.0092,1,4
2207,0.0092,1,4
2208,0.0092,1,4
2209,0.0092,1,4
2210,0.0092,1,4
2211,0.0092,1,4
2212,0.0092,1,4
2213,0.0092,1,4
2214,0.0092,1,4
2215,0.0092,1,4
2216,0.0092,1,4
2217,0.0092,1,4
2218,0.0092,1,4
2219,0.0092,1,4
2220,0.0092,1,4
2221,0.0092,1,4
2222,0.0092,1,4
2223,0.0092,1,4
2224,0.0092,1,4
2225,0.0092,1,4
2226,0.0092,1,4
2227,0.0092,1,4
2228,0.0092,1,4
2229,0.0092,1,4
2230,0.0092,1,4
2231,0.0092,1,4
2232,0.0092,1,4
2233,0.0092,1,4
2234,0.0092,1,4
2235,0.0092,1,4
2236,0.0092,1,4
2237,0.0092,1,4
2238,0.0092,1,4
2239,0.0092,1,4
2240,0.0092,1,4
2241,0.0092,1,4
2242,0.0092,1,4
2243,0.0092,1,4
2244,0.0092,1,4
2245,0.0092,1,4
2246,0.0092,1,4
2247,0.0092,1,4
2248,0.0092,1,4
2249,0.0092,1,4
2250,0.0092,1,4
2251,0.0092,1,4
2252,0.0092,1,4
2253,0.0092,1,4
2254,0.0092,1,4
2255,0.0092,1,4
2256,0.0092,1,4
2257,0.0092,1,4
2258,0.0092,1,4
2259,0.0092,1,4
2260,0.0092,1,4
2261,0.0092,1,4
2262,0.0092,1,4
2263,0.0092,1,4
2264,0.0092,1,4
2265,0.0092,1,4
2266,0.0092,1,4
2267,0.0092,1,4
2268,0.0092,1,4
2269,0.0092,1,4
2270,0.0092,1,4
2271,0.0092,1,4
2272,0.0092,1,4
2273,0.0092,1,4
2274,0.0092,1,4
2275,0.0092,1,4
2276,0.0092,1,4
2277,0.0092,1,4
2278,0.0092,1,4
2279,0.0092,1,4
2280,0.0092,1,4
2281,0.0092,1,4
2282,0.0092,1,4
2283,0.0092,1,4
2284,0.0092,1,4
2285,0.0092,1,4
2286,0.0092,1,4
2287,0.0092,1,4
2288,0.0092,1,4
2289,0.0092,1,4
2290,0.0092,1,4
2291,0.0092,1,4
2292,0.0092,1,4
2293,0.0092,1,4
2294,0.0092,1,4
2295,0.0092,1,4
2296,0.0092,1,4
2297,0.0092,1,4
2298,0.0092,1,4
2299,0.0092,1,4
2300,0.0092,1,4
2301,0.0092,1,4
2302,0.0092,1,4
2303,0.0092,1,4
2304,0.0092,1,4
2305,0.0092,1,4
2306,0.0092,1,4
2307,0.0092,1,4
2308,0.0092,1,4
2309,0.0092,1,4
2310,0.0092,1,4
2311,0.0092,1,4
2312,0.0092,1,4
2313,0.0092,1,4
2314,0.0092,1,4
2315,0.0092,1,4
2316,0.0092,1,4
2317,0.0092,1,4
2318,0.0092,1,4
2319,0.0092,1,4
2320,0.0092,1,4
2321,0.0092,1,4
2322,0.0092,1,4
2323,0.0092,1,4
2324,0.0092,1,4
2325,0.0092,1,4
2326,0.0092,1,4
2327,0.0092,1,4
2328,0.0092,1,4
2329,0.0092,1,4
2330,0.0092,1,4
2331,0.0092,1,4
2332,0.0092,1,4
2333,0.0092,1,4
2334,0.0092,1,4
2335,0.0092,1,4
2336,0.0092,1,4
2337,0.0092,1,4
2338,0.0092,1,4
2339,0.0092,1,4
2340,0.0092,1,4
2341,0.0092,1,4
2342,0.0092,1,4
2343,0.0092,1,4
2344,0.0092,1,4
2345,0.0092,1,4
2346,0.0092,1,4
2347,0.0092,1,4
2348,0.0092,1,4
2349,0.0092,1,4
2350,0.0092,1,4
2351,0.0092,1,4
2352,0.0092,1,4
2353,0.0092,1,4
2354,0.0092,1,4
2355,0.0092,1,4
2356,0.0092,1,4
2357,0.0092,1,4
2358,0.0092,1,4
2359,0.0092,1,4
2360,0.0092,1,4
2361,0.0092,1,4
2362,0.0092,1,4
2363,0.0092,1,4
2364,0.0092,1,4
2365,0.0092,1,4
2366,0.0092,1,4
2367,0.0092,1,4
2368,0.0092,1,4
2369,0.0092,1,4
2370,0.0092,1,4
2371,0.0092,1,4
2372,0.0092,1,4
2373,0.0092,1,4
2374,0.0092,1,4
2375,0.0092,1,4
2376,0.0092,1,4
2377,0.0092,1,4
2378,0.0092,1,4
2379,0.0092,1,4
2380,0.0092,1,4
2381,0.0092,1,4
2382,0.0092,1,4
2383,0.0092,1,4
2384,0.0092,1,4
2385,0.0092,1,4
2386,0.0092,1,4
2387,0.0092,1,4
2388,0.0092,1,4
2389,0.0092,1,4
2390,0.0092,1,4
2391,0.0092,1,4
2392,0.0092,1,4
2393,0.0092,1,4
2394,0.0092,1,4
2395,0.0092,1,4
2396,0.0092,1,4
2397,0.0092,1,4
2398,0.0092,1,4
2399,0.0092,1,4
2400,0.0092,1,4
2401,0.0092,1,4
2402,0.0092,1,4
2403,0.0092,1,4
2404,0.0092,1,4
2405,0.0092,1,4
2406,0.0092,1,4
2407,0.0092,1,4
2408,0.0092,1,4
2409,0.0092,1,4
2410,0.0092,1,4
2411,0.0092,1,4
2412,0.0092,1,4
2413,0.0092,1,4
2414,0.0092,1,4
2415,0.0092,1,4
2416,0.0092,1,4
2417,0.0092,1,4
2418,0.0092,1,4
2419,0.0092,1,4
2420,0.0092,1,4
2421,0.0092,1,4
2422,0.0092,1,4
2423,0.0092,1,4
2424,0.0092,1,4
2425,0.0092,1,4
2426,0.0092,1,4
2427,0.0092,1,4
2428,0.0092,1,4
2429,0.0092,1,4
2430,0.0092,1,4
2431,0.0092,1,4
2432,0.0092,1,4
2433,0.0092,1,4
2434,0.0092,1,4
2435,0.0092,1,4
2436,0.0092,1,4
2437,0.0092,1,4
2438,0.0092,1,4
2439,0.0092,1,4
2440,0.0092,1,4
2441,0.0092,1,4
2442,0.0092,1,4
2443,0.0092,1,4
2444,0.0092,1,4
2445,0.0092,1,4
2446,0.0092,1,4
2447,0.0092,1,4
2448,0.0092,1,4
2449,0.0092,1,4
2450,0.0092,1,4
2451,0.0092,1,4
2452,0.0092,1,4
2453,0.0092,1,4
2454,0.0092,1,4
2455,0.0092,1,4
2456,0.0092,1,4
2457,0.0092,1,4
2458,0.0092,1,4
2459,0.0092,1,4
2460,0.0092,1,4
2461,0.0092,1,4
2462,0.0092,1,4
2463,0.0092,1,4
2464,0.0092,1,4
2465,0.0092,1,4
2466,0.0092,1,4
2467,0.0092,1,4
2468,0.0092,1,4
2469,0.0092,1,4
2470,0.0092,1,4
2471,0.0092,1,4
2472,0.0092,1,4
2473,0.0092,1,4
2474,0.0092,1,4
2475,0.0092,1,4
2476,0.0092,1,4
2477,0.0092,1,4
2478,0.0092,1,4
2479,0.0092,1,4
2480,0.0092,1,4
2481,0.0092,1,4
2482,0.0092,1,4
2483,0.0092,1,4
2484,0.0092,1,4
2485,0.0092,1,4
2486,0.0092,1,4
2487,0.0092,1,4
2488,0.0092,1,4
2489,0.0092,1,4
2490,0.0092,1,4
2491,0.0092,1,4
2492,0.0092,1,4
2493,0.0092,1,4
2494,0.0092,1,4
2495,0.0092,1,4
2496,0.0092,1,4
2497,0.0092,1,4
2498,0.0092,1,4
2499,0.0092,1,4
2500,0.0092,1,4
2501,0.0092,1,4
2502,0.0092,1,4
2503,0.0092,1,4
2504,0.0092,1,4
2505,0.0092,1,4
2506,0.0092,1,4
2507,0.0092,1,4
2508,0.0092,1,4
2509,0.0092,1,4
2510,0.0092,1,4
2511,0.0092,1,4
2512,0.0092,1,4
2513,0.0092,1,4
2514,0.0092,1,4
2515,0.0092,1,4
2516,0.0092,1,4
2517,0.0092,1,4
2518,0.0092,1,4
2519,0.0092,1,4
2520,0.0092,1,4
2521,0.0092,1,4
2522,0.0092,1,4
2523,0.0092,1,4
2524,0.0092,1,4
2525,0.0092,1,4
2526,0.0092,1,4
2527,0.0092,1,4
2528,0.0092,1,4
2529,0.0092,1,4
2530,0.0092,1,4
2531,0.0092,1,4
2532,0.0092,1,4
2533,0.0092,1,4
2534,0.0092,1,4
2535,0.0092,1,4
2536,0.0092,1,4
2537,0.0092,1,4
2538,0.0092,1,4
2539,0.0092,1,4
2540,0.0092,1,4
2541,0.0092,1,4
2542,0.0092,1,4
2543,0.0092,1,4
2544,0.0092,1,4
2545,0.0092,1,4
2546,0.0092,1,4
2547,0.0092,1,4
2548,0.0092,1,4
2549,0.0092,1,4
2550,0.0092,1,4
2551,0.0092,1,4
2552,0.0092,1,4
2553,0.0092,1,4
2554,0.0092,1,4
2555,0.0092,1,4
2556,0.0092,1,4
2557,0.0092,1,4
2558,0.0092,1,4
2559,0.0092,1,4
2560,0.0092,1,4
2561,0.0092,1,4
2562,0.0092,1,4
2563,0.0092,1,4
2564,0.0092,1,4
2565,0.0092,1,4
2566,0.0092,1,4
2567,0.0092,1,4
2568,0.0092,1,4
2569,0.0092,1,4
2570,0.0092,1,4
2571,0.0092,1,4
2572,0.0092,1,4
2573,0.0092,1,4
2574,0.0092,1,4
2575,0.0092,1,4
2576,0.0092,1,4
2577,0.0092,1,4
2578,0.0092,1,4
2579,0.0092,1,4
2580,0.0092,1,4
2581,0.0092,1,4
2582,0.0092,1,4
2583,0.0092,1,4
2584,0.0092,1,4
2585,0.0092,1,4
2586,0.0092,1,4
2587,0.0092,1,4
2588,0.0092,1,4
2589,0.0092,1,4
2590,0.0092,1,4
2591,0.0092,1,4
2592,0.0092,1,4
2593,0.0092,1,4
2594,0.0092,1,4
2595,0.0092,1,4
2596,0.0092,1,4
2597,0.0092,1,4
2598,0.0092,1,4
2599,0.0092,1,4
2600,0.0092,1,4
2601,0.0092,1,4
2602,0.0092,1,4
2603,0.0092,1,4
2604,0.0092,1,4
2605,0.0092,1,4
2606,0.0092,1,4
2607,0.0092,1,4
2608,0.0092,1,4
2609,0.0092,1,4
2610,0.0092,1,4
2611,0.0092,1,4
2612,0.0092,1,4
2613,0.0092,1,4
2614,0.0092,1,4
2615,0.0092,1,4
2616,0.0092,1,4
2617,0.0092,1,4
2618,0.0092,1,4
2619,0.0092,1,4
2620,0.0092,1,4
2621,0.0092,1,4
2622,0.0092,1,4
2623,0.0092,1,4
2624,0.0092,1,4
2625,0.0092,1,4
2626,0.0092,1,4
2627,0.0092,1,4
2628,0.0092,1,4
2629,0.0092,1,4
2630,0.0092,1,4
2631,0.0092,1,4
2632,0.0092,1,4
2633,0.0092,1,4
2634,0.0092,1,4
2635,0.0092,1,4
2636,0.0092,1,4
2637,0.0092,1,4
2638,0.0092,1,4
2639,0.0092,1,4
2640,0.0092,1,4
2641,0.0092,1,4
2642,0.0092,1,4
2643,0.0092,1,4
2644,0.0092,1,4
2645,0.0092,1,4
2646,0.0092,1,4
2647,0.0092,1,4
2648,0.0092,1,4
2649,0.0092,1,4
2650,0.0092,1,4
2651,0.0092,1,4
2652,0.0092,1,4
2653,0.0092,1,4
2654,0.0092,1,4
2655,0.0092,1,4
2656,0.0092,1,4
2657,0.0092,1,4
2658,0.0092,1,4
2659,0.0092,1,4
2660,0.0092,1,4
2661,0.0092,1,4
2662,0.0092,1,4
2663,0.0092,1,4
2664,0.0092,1,4
2665,0.0092,1,4
2666,0.0092,1,4
2667,0.0092,1,4
2668,0.0092,1,4
2669,0.0092,1,4
2670,0.0092,1,4
2671,0.0092,1,4
2672,0.0092,1,4
2673,0.0092,1,4
2674,0.0092,1,4
2675,0.0092,1,4
2676,0.0092,1,4
2677,0.0092,1,4
2678,0.0092,1,4
2679,0.0092,1,4
2680,0.0092,1,4
2681,0.0092,1,4
2682,0.0092,1,4
2683,0.0092,1,4
2684,0.0092,1,4
2685,0.0092,1,4
2686,0.0092,1,4
2687,0.0092,1,4
2688,0.0092,1,4
2689,0.0092,1,4
2690,0.0092,1,4
2691,0.0092,1,4
2692,0.0092,1,4
2693,0.0092,1,4
2694,0.0092,1,4
2695,0.0092,1,4
2696,0.0092,1,4
2697,0.0092,1,4
2698,0.0092,1,4
2699,0.0092,1,4
2700,0.0092,1,4
2701,0.0092,1,4
2702,0.0092,1,4
2703,0.0092,1,4
2704,0.0092,1,4
2705,0.0092,1,4
2706,0.0092,1,4
2707,0.0092,1,4
2708,0.0092,1,4
2709,0.0092,1,4
2710,0.0092,1,4
2711,0.0092,1,4
2712,0.0092,1,4
2713,0.0092,1,4
2714,0.0092,1,4
2715,0.0092,1,4
2716,0.0092,1,4
2717,0.0092,1,4
2718,0.0092,1,4
2719,0.0092,1,4
2720,0.0092,1,4
2721,0.0092,1,4
2722,0.0092,1,4
2723,0.0092,1,4
2724,0.0092,1,4
2725,0.0092,1,4
2726,0.0092,1,4
2727,0.0092,1,4
2728,0.0092,1,4
2729,0.0092,1,4
2730,0.0092,1,4
2731,0.0092,1,4
2732,0.0092,1,4
2733,0.0092,1,4
2734,0.0092,1,4
2735,0.0092,1,4
2736,0.0092,1,4
2737,0.0092,1,4
2738,0.0092,1,4
2739,0.0092,1,4
2740,0.0092,1,4
2741,0.0092,1,4
2742,0.0092,1,4
2743,0.0092,1,4
2744,0.0092,1,4
2745,0.0092,1,4
2746,0.0092,1,4
2747,0.0092,1,4
2748,0.0092,1,4
2749,0.0092,1,4
2750,0.0092,1,4
2751,0.0092,1,4
2752,0.0092,1,4
2753,0.0092,1,4
2754,0.0092,1,4
2755,0.0092,1,4
2756,0.0092,1,4
2757,0.0092,1,4
2758,0.0092,1,4
2759,0.0092,1,4
2760,0.0092,1,4
2761,0.0092,1,4
2762,0.0092,1,4
2763,0.0092,1,4
2764,0.0092,1,4
2765,0.0092,1,4
2766,0.0092,1,4
2767,0.0092,1,4
2768,0.0092,1,4
2769,0.0092,1,4
2770,0.0092,1,4
2771,0.0092,1,4
2772,0.0092,1,4
2773,0.0092,1,4
2774,0.0092,1,4
2775,0.0092,1,4
2776,0.0092,1,4
2777,0.0092,1,4
2778,0.0092,1,4
2779,0.0092,1,4
2780,0.0092,1,4
2781,0.0092,1,4
2782,0.0092,1,4
2783,0.0092,1,4
2784,0.0092,1,4
2785,0.0092,1,4
2786,0.0092,1,4
2787,0.0092,1,4
2788,0.0092,1,4
2789,0.0092,1,4
2790,0.0092,1,4
2791,0.0092,1,4
2792,0.0092,1,4
2793,0.0092,1,4
2794,0.0092,1,4
2795,0.0092,1,4
2796,0.0092,1,4
2797,0.0092,1,4
2798,0.0092,1,4
2799,0.0092,1,4
2800,0.0092,1,4
2801,0.0092,1,4
2802,0.0092,1,4
2803,0.0092,1,4
2804,0.0092,1,4
2805,0.0092,1,4
2806,0.0092,1,4
2807,0.0092,1,4
2808,0.0092,1,4
2809,0.0092,1,4
2810,0.0092,1,4
2811,0.0092,1,4
2812,0.0092,1,4
2813,0.0092,1,4
2814,0.0092,1,4
2815,0.0092,1,4
2816,0.0092,1,4
2817,0.0092,1,4
2818,0.0092,1,4
2819,0.0092,1,4
2820,0.0092,1,4
2821,0.0092,1,4
2822,0.0092,1,4
2823,0.0092,1,4
2824,0.0092,1,4
2825,0.0092,1,4
2826,0.0092,1,4
2827,0.0092,1,4
2828,0.0092,1,4
2829,0.0092,1,4
2830,0.0092,1,4
2831,0.0092,1,4
2832,0.0092,1,4
2833,0.0092,1,4
2834,0.0092,1,4
2835,0.0092,1,4
2836,0.0092,1,4
2837,0.0092,1,4
2838,0.0092,1,4
2839,0.0092,1,4
2840,0.0092,1,4
2841,0.0092,1,4
2842,0.0092,1,4
2843,0.0092,1,4
2844,0.0092,1,4
2845,0.0092,1,4
2846,0.0092,1,4
2847,0.0092,1,4
2848,0.0092,1,4
2849,0.0092,1,4
2850,0.0092,1,4
2851,0.0092,1,4
2852,0.0092,1,4
2853,0.0092,1,4
2854,0.0092,1,4
2855,0.0092,1,4
2856,0.0092,1,4
2857,0.0092,1,4
2858,0.0092,1,4
2859,0.0092,1,4
2860,0.0092,1,4
2861,0.0092,1,4
2862,0.0092,1,4
2863,0.0092,1,4
2864,0.0092,1,4
2865,0.0092,1,4
2866,0.0092,1,4
2867,0.0092,1,4
2868,0.0092,1,4
2869,0.0092,1,4
2870,0.0092,1,4
2871,0.0092,1,4
2872,0.0092,1,4
2873,0.0092,1,4
2874,0.0092,1,4
2875,0.0092,1,4
2876,0.0092,1,4
2877,0.0092,1,4
2878,0.0092,1,4
2879,0.0092,1,4
2880,0.0092,1,4
2881,0.0092,1,4
2882,0.0092,1,4
2883,0.0092,1,4
2884,0.0092,1,4
2885,0.0092,1,4
2886,0.0092,1,4
2887,0.0092,1,4
2888,0.0092,1,4
2889,0.0092,1,4
2890,0.0092,1,4
2891,0.0092,1,4
2892,0.0092,1,4
2893,0.0092,1,4
2894,0.0092,1,4
2895,0.0092,1,4
2896,0.0092,1,4
2897,0.0092,1,4
2898,0.0092,1,4
2899,0.0092,1,4
2900,0.0092,1,4
2901,0.0092,1,4
2902,0.0092,1,4
2903,0.0092,1,4
2904,0.0092,1,4
2905,0.0092,1,4
2906,0.0092,1,4
2907,0.0092,1,4
2908,0.0092,1,4
2909,0.0092,1,4
2910,0.0092,1,4
2911,0.0092,1,4
2912,0.0092,1,4
2913,0.0092,1,4
2914,0.0092,1,4
2915,0.0092,1,4
2916,0.0092,1,4
2917,0.0092,1,4
2918,0.0092,1,4
2919,0.0092,1,4
2920,0.0092,1,4
2921,0.0092,1,4
2922,0.0092,1,4
2923,0.0092,1,4
2924,0.0092,1,4
2925,0.0092,1,4
2926,0.0092,1,4
2927,0.0092,1,4
2928,0.0092,1,4
2929,0.0092,1,4
2930,0.0092,1,4
2931,0.0092,1,4
2932,0.0092,1,4
2933,0.0092,1,4
2934,0.0092,1,4
2935,0.0092,1,4
2936,0.0092,1,4
2937,0.0092,1,4
2938,0.0092,1,4
2939,0.0092,1,4
2940,0.0092,1,4
2941,0.0092,1,4
2942,0.0092,1,4
2943,0.0092,1,4
2944,0.0092,1,4
2945,0.0092,1,4
2946,0.0092,1,4
2947,0.0092,1,4
2948,0.0092,1,4
2949,0.0092,1,4
2950,0.0092,1,4
2951,0.0092,1,4
2952,0.0092,1,4
2953,0.0092,1,4
2954,0.0092,1,4
2955,0.0092,1,4
2956,0.0092,1,4
2957,0.0092,1,4
2958,0.0092,1,4
2959,0.0092,1,4
2960,0.0092,1,4
2961,0.0092,1,4
2962,0.0092,1,4
2963,0.0092,1,4
2964,0.0092,1,4
2965,0.0092,1,4
2966,0.0092,1,4
2967,0.0092,1,4
2968,0.0092,1,4
2969,0.0092,1,4
2970,0.0092,1,4
2971,0.0092,1,4
2972,0.0092,1,4
2973,0.0092,1,4
2974,0.0092,1,4
2975,0.0092,1,4
2976,0.0092,1,4
2977,0.0092,1,4
2978,0.0092,1,4
2979,0.0092,1,4
2980,0.0092,1,4
2981,0.0092,1,4
2982,0.0092,1,4
2983,0.0092,1,4
2984,0.0092,1,4
2985,0.0092,1,4
2986,0.0092,1,4
2987,0.0092,1,4
2988,0.0092,1,4
2989,0.0092,1,4
2990,0.0092,1,4
2991,0.0092,1,4
2992,0.0092,1,4
2993,0.0092,1,4
2994,0.0092,1,4
2995,0.0092,1,4
2996,0.0092,1,4
2997,0.0092,1,4
2998,0.0092,1,4
2999,0.0092,1,4
3000,0.0092,1,4
1,0.0234,2,4
2,0.0234,2,4
3,0.0234,2,4
4,0.0234,2,4
5,0.0234,2,4
6,0.0234,2,4
7,0.0234,2,4
8,0.0234,2,4
9,0.0234,2,4
10,0.0234,2,4
11,0.0234,2,4
12,0.0234,2,4
13,0.0234,2,4
14,0.0234,2,4
15,0.0234,2,4
16,0.0234,2,4
17,0.0234,2,4
18,0.0234,2,4
19,0.0234,2,4
20,0.0234,2,4
21,0.0234,2,4
22,0.0234,2,4
23,0.0234,2,4
24,0.0234,2,4
25,0.0234,2,4
26,0.0234,2,4
27,0.0234,2,4
28,0.0234,2,4
29,0.0234,2,4
30,0.0234,2,4
31,0.0234,2,4
32,0.0234,2,4
33,0.0234,2,4
34,0.0234,2,4
35,0.0234,2,4
36,0.0234,2,4
37,0.0234,2,4
38,0.0234,2,4
39,0.0234,2,4
40,0.0234,2,4
41,0.0234,2,4
42,0.0234,2,4
43,0.0234,2,4
44,0.0234,2,4
45,0.0234,2,4
46,0.0234,2,4
47,0.0234,2,4
48,0.0234,2,4
49,0.0234,2,4
50,0.0234,2,4
51,0.0234,2,4
52,0.0234,2,4
53,0.0234,2,4
54,0.0234,2,4
55,0.0234,2,4
56,0.0234,2,4
57,0.0234,2,4
58,0.0234,2,4
59,0.0234,2,4
60,0.0234,2,4
61,0.0234,2,4
62,0.0234,2,4
63,0.0234,2,4
64,0.0234,2,4
65,0.0234,2,4
66,0.0234,2,4
67,0.0234,2,4
68,0.0234,2,4
69,0.0234,2,4
70,0.0234,2,4
71,0.0234,2,4
72,0.0234,2,4
73,0.0234,2,4
74,0.0234,2,4
75,0.0234,2,4
76,0.0234,2,4
77,0.0234,2,4
78,0.0234,2,4
79,0.0234,2,4
80,0.0234,2,4
81,0.0234,2,4
82,0.0234,2,4
83,0.0234,2,4
84,0.0234,2,4
85,0.0234,2,4
86,0.0234,2,4
87,0.0234,2,4
88,0.0234,2,4
89,0.0234,2,4
90,0.0234,2,4
91,0.0234,2,4
92,0.0234,2,4
93,0.0234,2,4
94,0.0234,2,4
95,0.0234,2,4
96,0.0234,2,4
97,0.0234,2,4
98,0.0234,2,4
99,0.0234,2,4
100,0.0234,2,4
101,0.0234,2,4
102,0.0234,2,4
103,0.0234,2,4
104,0.0234,2,4
105,0.0234,2,4
106,0.0234,2,4
107,0.0234,2,4
108,0.0234,2,4
109,0.0234,2,4
110,0.0234,2,4
111,0.0234,2,4
112,0.0234,2,4
113,0.0234,2,4
114,0.0234,2,4
115,0.0234,2,4
116,0.0234,2,4
117,0.0234,2,4
118,0.0234,2,4
119,0.0234,2,4
120,0.0234,2,4
121,0.0234,2,4
122,0.0234,2,4
123,0.0234,2,4
124,0.0234,2,4
125,0.0234,2,4
126,0.0234,2,4
127,0.0234,2,4
128,0.0234,2,4
129,0.0234,2,4
130,0.0234,2,4
131,0.0234,2,4
132,0.0234,2,4
133,0.0234,2,4
134,0.0234,2,4
135,0.0234,2,4
136,0.0234,2,4
137,0.0234,2,4
138,0.0234,2,4
139,0.0234,2,4
140,0.0234,2,4
141,0.0234,2,4
142,0.0234,2,4
143,0.0234,2,4
144,0.0234,2,4
145,0.0234,2,4
146,0.0234,2,4
147,0.0234,2,4
148,0.0234,2,4
149,0.0234,2,4
150,0.0234,2,4
151,0.0234,2,4
152,0.0234,2,4
153,0.0234,2,4
154,0.0234,2,4
155,0.0234,2,4
156,0.0234,2,4
157,0.0234,2,4
158,0.0234,2,4
159,0.0234,2,4
160,0.0234,2,4
161,0.0234,2,4
162,0.0234,2,4
163,0.0234,2,4
164,0.0234,2,4
165,0.0234,2,4
166,0.0234,2,4
167,0.0234,2,4
168,0.0234,2,4
169,0.0234,2,4
170,0.0234,2,4
171,0.0234,2,4
172,0.0234,2,4
173,0.0234,2,4
174,0.0234,2,4
175,0.0234,2,4
176,0.0234,2,4
177,0.0234,2,4
178,0.0234,2,4
179,0.0234,2,4
180,0.0234,2,4
181,0.0234,2,4
182,0.0234,2,4
183,0.0234,2,4
184,0.0234,2,4
185,0.0234,2,4
186,0.0234,2,4
187,0.0234,2,4
188,0.0234,2,4
189,0.0234,2,4
190,0.0234,2,4
191,0.0234,2,4
192,0.0234,2,4
193,0.0234,2,4
194,0.0234,2,4
195,0.0234,2,4
196,0.0234,2,4
197,0.0234,2,4
198,0.0234,2,4
199,0.0234,2,4
200,0.0234,2,4
201,0.0234,2,4
202,0.0234,2,4
203,0.0234,2,4
204,0.0234,2,4
205,0.0234,2,4
206,0.0234,2,4
207,0.0234,2,4
208,0.0234,2,4
209,0.0234,2,4
210,0.0234,2,4
211,0.0234,2,4
212,0.0234,2,4
213,0.0234,2,4
214,0.0234,2,4
215,0.0234,2,4
216,0.0234,2,4
217,0.0234,2,4
218,0.0234,2,4
219,0.0234,2,4
220,0.0234,2,4
221,0.0234,2,4
222,0.0234,2,4
223,0.0234,2,4
224,0.0234,2,4
225,0.0234,2,4
226,0.0234,2,4
227,0.0234,2,4
228,0.0234,2,4
229,0.0234,2,4
230,0.0234,2,4
231,0.0234,2,4
232,0.0234,2,4
233,0.0234,2,4
234,0.0234,2,4
235,0.0234,2,4
236,0.0234,2,4
237,0.0234,2,4
238,0.0234,2,4
239,0.0234,2,4
240,0.0234,2,4
241,0.0234,2,4
242,0.0234,2,4
243,0.0234,2,4
244,0.0234,2,4
245,0.0234,2,4
246,0.0234,2,4
247,0.0234,2,4
248,0.0234,2,4
249,0.0234,2,4
250,0.0234,2,4
251,0.0234,2,4
252,0.0234,2,4
253,0.0234,2,4
254,0.0234,2,4
255,0.0234,2,4
256,0.0234,2,4
257,0.0234,2,4
258,0.0234,2,4
259,0.0234,2,4
260,0.0234,2,4
261,0.0234,2,4
262,0.0234,2,4
263,0.0234,2,4
264,0.0234,2,4
265,0.0234,2,4
266,0.0234,2,4
267,0.0234,2,4
268,0.0234,2,4
269,0.0234,2,4
270,0.0234,2,4
271,0.0234,2,4
272,0.0234,2,4
273,0.0234,2,4
274,0.0234,2,4
275,0.0234,2,4
276,0.0234,2,4
277,0.0234,2,4
278,0.0234,2,4
279,0.0234,2,4
280,0.0234,2,4
281,0.0234,2,4
282,0.0234,2,4
283,0.0234,2,4
284,0.0234,2,4
285,0.0234,2,4
286,0.0234,2,4
287,0.0234,2,4
288,0.0234,2,4
289,0.0234,2,4
290,0.0234,2,4
291,0.0234,2,4
292,0.0234,2,4
293,0.0234,2,4
294,0.0234,2,4
295,0.0234,2,4
296,0.0234,2,4
297,0.0234,2,4
298,0.0234,2,4
299,0.0234,2,4
300,0.0234,2,4
301,0.0234,2,4
302,0.0234,2,4
303,0.0234,2,4
304,0.0234,2,4
305,0.0234,2,4
306,0.0234,2,4
307,0.0234,2,4
308,0.0234,2,4
309,0.0234,2,4
310,0.0234,2,4
311,0.0234,2,4
312,0.0234,2,4
313,0.0234,2,4
314,0.0234,2,4
315,0.0234,2,4
316,0.0234,2,4
317,0.0234,2,4
318,0.0234,2,4
319,0.0234,2,4
320,0.0234,2,4
321,0.0234,2,4
322,0.0234,2,4
323,0.0234,2,4
324,0.0234,2,4
325,0.0234,2,4
326,0.0234,2,4
327,0.0234,2,4
328,0.0234,2,4
329,0.0234,2,4
330,0.0234,2,4
331,0.0234,2,4
332,0.0234,2,4
333,0.0234,2,4
334,0.0234,2,4
335,0.0234,2,4
336,0.0234,2,4
337,0.0234,2,4
338,0.0234,2,4
339,0.0234,2,4
340,0.0234,2,4
341,0.0234,2,4
342,0.0234,2,4
343,0.0234,2,4
344,0.0234,2,4
345,0.0234,2,4
346,0.0234,2,4
347,0.0234,2,4
348,0.0234,2,4
349,0.0234,2,4
350,0.0234,2,4
351,0.0234,2,4
352,0.0234,2,4
353,0.0234,2,4
354,0.0234,2,4
355,0.0234,2,4
356,0.0234,2,4
357,0.0234,2,4
358,0.0234,2,4
359,0.0234,2,4
360,0.0234,2,4
361,0.0234,2,4
362,0.0234,2,4
363,0.0234,2,4
364,0.0234,2,4
365,0.0234,2,4
366,0.0234,2,4
367,0.0234,2,4
368,0.0234,2,4
369,0.0234,2,4
370,0.0234,2,4
371,0.0234,2,4
372,0.0234,2,4
373,0.0234,2,4
374,0.0234,2,4
375,0.0234,2,4
376,0.0234,2,4
377,0.0234,2,4
378,0.0234,2,4
379,0.0234,2,4
380,0.0234,2,4
381,0.0234,2,4
382,0.0234,2,4
383,0.0234,2,4
384,0.0234,2,4
385,0.0234,2,4
386,0.0234,2,4
387,0.0234,2,4
388,0.0234,2,4
389,0.0234,2,4
390,0.0234,2,4
391,0.0234,2,4
392,0.0234,2,4
393,0.0234,2,4
394,0.0234,2,4
395,0.0234,2,4
396,0.0234,2,4
397,0.0234,2,4
398,0.0234,2,4
399,0.0234,2,4
400,0.0234,2,4
401,0.0234,2,4
402,0.0234,2,4
403,0.0234,2,4
404,0.0234,2,4
405,0.0234,2,4
406,0.0234,2,4
407,0.0234,2,4
408,0.0234,2,4
409,0.0234,2,4
410,0.0234,2,4
411,0.0234,2,4
412,0.0234,2,4
413,0.0234,2,4
414,0.0234,2,4
415,0.0234,2,4
416,0.0234,2,4
417,0.0234,2,4
418,0.0234,2,4
419,0.0234,2,4
420,0.0234,2,4
421,0.0234,2,4
422,0.0234,2,4
423,0.0234,2,4
424,0.0234,2,4
425,0.0234,2,4
426,0.0234,2,4
427,0.0234,2,4
428,0.0234,2,4
429,0.0234,2,4
430,0.0234,2,4
431,0.0234,2,4
432,0.0234,2,4
433,0.0234,2,4
434,0.0234,2,4
435,0.0234,2,4
436,0.0234,2,4
437,0.0234,2,4
438,0.0234,2,4
439,0.0234,2,4
440,0.0234,2,4
441,0.0234,2,4
442,0.0234,2,4
443,0.0234,2,4
444,0.0234,2,4
445,0.0234,2,4
446,0.0234,2,4
447,0.0234,2,4
448,0.0234,2,4
449,0.0234,2,4
450,0.0234,2,4
451,0.0234,2,4
452,0.0234,2,4
453,0.0234,2,4
454,0.0234,2,4
455,0.0234,2,4
456,0.0234,2,4
457,0.0234,2,4
458,0.0234,2,4
459,0.0234,2,4
460,0.0234,2,4
461,0.0234,2,4
462,0.0234,2,4
463,0.0234,2,4
464,0.0234,2,4
465,0.0234,2,4
466,0.0234,2,4
467,0.0234,2,4
468,0.0234,2,4
469,0.0234,2,4
470,0.0234,2,4
471,0.0234,2,4
472,0.0234,2,4
473,0.0234,2,4
474,0.0234,2,4
475,0.0234,2,4
476,0.0234,2,4
477,0.0234,2,4
478,0.0234,2,4
479,0.0234,2,4
480,0.0234,2,4
481,0.0234,2,4
482,0.0234,2,4
483,0.0234,2,4
484,0.0234,2,4
485,0.0234,2,4
486,0.0234,2,4
487,0.0234,2,4
488,0.0234,2,4
489,0.0234,2,4
490,0.0234,2,4
491,0.0234,2,4
492,0.0234,2,4
493,0.0234,2,4
494,0.0234,2,4
495,0.0234,2,4
496,0.0234,2,4
497,0.0234,2,4
498,0.0234,2,4
499,0.0234,2,4
500,0.0234,2,4
501,0.0234,2,4
502,0.0234,2,4
503,0.0234,2,4
504,0.0234,2,4
505,0.0234,2,4
506,0.0234,2,4
507,0.0234,2,4
508,0.0234,2,4
509,0.0234,2,4
510,0.0234,2,4
511,0.0234,2,4
512,0.0234,2,4
513,0.0234,2,4
514,0.0234,2,4
515,0.0234,2,4
516,0.0234,2,4
517,0.0234,2,4
518,0.0234,2,4
519,0.0234,2,4
520,0.0234,2,4
521,0.0234,2,4
522,0.0234,2,4
523,0.0234,2,4
524,0.0234,2,4
525,0.0234,2,4
526,0.0234,2,4
527,0.0234,2,4
528,0.0234,2,4
529,0.0234,2,4
530,0.0234,2,4
531,0.0234,2,4
532,0.0234,2,4
533,0.0234,2,4
534,0.0234,2,4
535,0.0234,2,4
536,0.0234,2,4
537,0.0234,2,4
538,0.0234,2,4
539,0.0234,2,4
540,0.0234,2,4
541,0.0234,2,4
542,0.0234,2,4
543,0.0234,2,4
544,0.0234,2,4
545,0.0234,2,4
546,0.0234,2,4
547,0.0234,2,4
548,0.0234,2,4
549,0.0234,2,4
550,0.0234,2,4
551,0.0234,2,4
552,0.0234,2,4
553,0.0234,2,4
554,0.0234,2,4
555,0.0234,2,4
556,0.0234,2,4
557,0.0234,2,4
558,0.0234,2,4
559,0.0234,2,4
560,0.0234,2,4
561,0.0234,2,4
562,0.0234,2,4
563,0.0234,2,4
564,0.0234,2,4
565,0.0234,2,4
566,0.0234,2,4
567,0.0234,2,4
568,0.0234,2,4
569,0.0234,2,4
570,0.0234,2,4
571,0.0234,2,4
572,0.0234,2,4
573,0.0234,2,4
574,0.0234,2,4
575,0.0234,2,4
576,0.0234,2,4
577,0.0234,2,4
578,0.0234,2,4
579,0.0234,2,4
580,0.0234,2,4
581,0.0234,2,4
582,0.0234,2,4
583,0.0234,2,4
584,0.0234,2,4
585,0.0234,2,4
586,0.0234,2,4
587,0.0234,2,4
588,0.0234,2,4
589,0.0234,2,4
590,0.0234,2,4
591,0.0234,2,4
592,0.0234,2,4
593,0.0234,2,4
594,0.0234,2,4
595,0.0234,2,4
596,0.0234,2,4
597,0.0234,2,4
598,0.0234,2,4
599,0.0234,2,4
600,0.0234,2,4
601,0.0234,2,4
602,0.0234,2,4
603,0.0234,2,4
604,0.0234,2,4
605,0.0234,2,4
606,0.0234,2,4
607,0.0234,2,4
608,0.0234,2,4
609,0.0234,2,4
610,0.0234,2,4
611,0.0234,2,4
612,0.0234,2,4
613,0.0234,2,4
614,0.0234,2,4
615,0.0234,2,4
616,0.0234,2,4
617,0.0234,2,4
618,0.0234,2,4
619,0.0234,2,4
620,0.0234,2,4
621,0.0234,2,4
622,0.0234,2,4
623,0.0234,2,4
624,0.0234,2,4
625,0.0234,2,4
626,0.0234,2,4
627,0.0234,2,4
628,0.0234,2,4
629,0.0234,2,4
630,0.0234,2,4
631,0.0234,2,4
632,0.0234,2,4
633,0.0234,2,4
634,0.0234,2,4
635,0.0234,2,4
636,0.0234,2,4
637,0.0234,2,4
638,0.0234,2,4
639,0.0234,2,4
640,0.0234,2,4
641,0.0234,2,4
642,0.0234,2,4
643,0.0234,2,4
644,0.0234,2,4
645,0.0234,2,4
646,0.0234,2,4
647,0.0234,2,4
648,0.0234,2,4
649,0.0234,2,4
650,0.0234,2,4
651,0.0234,2,4
652,0.0234,2,4
653,0.0234,2,4
654,0.0234,2,4
655,0.0234,2,4
656,0.0234,2,4
657,0.0234,2,4
658,0.0234,2,4
659,0.0234,2,4
660,0.0234,2,4
661,0.0234,2,4
662,0.0234,2,4
663,0.0234,2,4
664,0.0234,2,4
665,0.0234,2,4
666,0.0234,2,4
667,0.0234,2,4
668,0.0234,2,4
669,0.0234,2,4
670,0.0234,2,4
671,0.0234,2,4
672,0.0234,2,4
673,0.0234,2,4
674,0.0234,2,4
675,0.0234,2,4
676,0.0234,2,4
677,0.0234,2,4
678,0.0234,2,4
679,0.0234,2,4
680,0.0234,2,4
681,0.0234,2,4
682,0.0234,2,4
683,0.0234,2,4
684,0.0234,2,4
685,0.0234,2,4
686,0.0234,2,4
687,0.0234,2,4
688,0.0234,2,4
689,0.0234,2,4
690,0.0234,2,4
691,0.0234,2,4
692,0.0234,2,4
693,0.0234,2,4
694,0.0234,2,4
695,0.0234,2,4
696,0.0234,2,4
697,0.0234,2,4
698,0.0234,2,4
699,0.0234,2,4
700,0.0234,2,4
701,0.0234,2,4
702,0.0234,2,4
703,0.0234,2,4
704,0.0234,2,4
705,0.0234,2,4
706,0.0234,2,4
707,0.0234,2,4
708,0.0234,2,4
709,0.0234,2,4
710,0.0234,2,4
711,0.0234,2,4
712,0.0234,2,4
713,0.0234,2,4
714,0.0234,2,4
715,0.0234,2,4
716,0.0234,2,4
717,0.0234,2,4
718,0.0234,2,4
719,0.0234,2,4
720,0.0234,2,4
721,0.0234,2,4
722,0.0234,2,4
723,0.0234,2,4
724,0.0234,2,4
725,0.0234,2,4
726,0.0234,2,4
727,0.0234,2,4
728,0.0234,2,4
729,0.0234,2,4
730,0.0234,2,4
731,0.0234,2,4
732,0.0234,2,4
733,0.0234,2,4
734,0.0234,2,4
735,0.0234,2,4
736,0.0234,2,4
737,0.0234,2,4
738,0.0234,2,4
739,0.0234,2,4
740,0.0234,2,4
741,0.0234,2,4
742,0.0234,2,4
743,0.0234,2,4
744,0.0234,2,4
745,0.0234,2,4
746,0.0234,2,4
747,0.0234,2,4
748,0.0234,2,4
749,0.0234,2,4
750,0.0234,2,4
751,0.0234,2,4
752,0.0234,2,4
753,0.0234,2,4
754,0.0234,2,4
755,0.0234,2,4
756,0.0234,2,4
757,0.0234,2,4
758,0.0234,2,4
759,0.0234,2,4
760,0.0234,2,4
761,0.0234,2,4
762,0.0234,2,4
763,0.0234,2,4
764,0.0234,2,4
765,0.0234,2,4
766,0.0234,2,4
767,0.0234,2,4
768,0.0234,2,4
769,0.0234,2,4
770,0.0234,2,4
771,0.0234,2,4
772,0.0234,2,4
773,0.0234,2,4
774,0.0234,2,4
775,0.0234,2,4
776,0.0234,2,4
777,0.0234,2,4
778,0.0234,2,4
779,0.0234,2,4
780,0.0234,2,4
781,0.0234,2,4
782,0.0234,2,4
783,0.0234,2,4
784,0.0234,2,4
785,0.0234,2,4
786,0.0234,2,4
787,0.0234,2,4
788,0.0234,2,4
789,0.0234,2,4
790,0.0234,2,4
791,0.0234,2,4
792,0.0234,2,4
793,0.0234,2,4
794,0.0234,2,4
795,0.0234,2,4
796,0.0234,2,4
797,0.0234,2,4
798,0.0234,2,4
799,0.0234,2,4
800,0.0234,2,4
801,0.0234,2,4
802,0.0234,2,4
803,0.0234,2,4
804,0.0234,2,4
805,0.0234,2,4
806,0.0234,2,4
807,0.0234,2,4
808,0.0234,2,4
809,0.0234,2,4
810,0.0234,2,4
811,0.0234,2,4
812,0.0234,2,4
813,0.0234,2,4
814,0.0234,2,4
815,0.0234,2,4
816,0.0234,2,4
817,0.0234,2,4
818,0.0234,2,4
819,0.0234,2,4
820,0.0234,2,4
821,0.0234,2,4
822,0.0234,2,4
823,0.0234,2,4
824,0.0234,2,4
825,0.0234,2,4
826,0.0234,2,4
827,0.0234,2,4
828,0.0234,2,4
829,0.0234,2,4
830,0.0234,2,4
831,0.0234,2,4
832,0.0234,2,4
833,0.0234,2,4
834,0.0234,2,4
835,0.0234,2,4
836,0.0234,2,4
837,0.0234,2,4
838,0.0234,2,4
839,0.0234,2,4
840,0.0234,2,4
841,0.0234,2,4
842,0.0234,2,4
843,0.0234,2,4
844,0.0234,2,4
845,0.0234,2,4
846,0.0234,2,4
847,0.0234,2,4
848,0.0234,2,4
849,0.0234,2,4
850,0.0234,2,4
851,0.0234,2,4
852,0.0234,2,4
853,0.0234,2,4
854,0.0234,2,4
855,0.0234,2,4
856,0.0234,2,4
857,0.0234,2,4
858,0.0234,2,4
859,0.0234,2,4
860,0.0234,2,4
861,0.0234,2,4
862,0.0234,2,4
863,0.0234,2,4
864,0.0234,2,4
865,0.0234,2,4
866,0.0234,2,4
867,0.0234,2,4
868,0.0234,2,4
869,0.0234,2,4
870,0.0234,2,4
871,0.0234,2,4
872,0.0234,2,4
873,0.0234,2,4
874,0.0234,2,4
875,0.0234,2,4
876,0.0234,2,4
877,0.0234,2,4
878,0.0234,2,4
879,0.0234,2,4
880,0.0234,2,4
881,0.0234,2,4
882,0.0234,2,4
883,0.0234,2,4
884,0.0234,2,4
885,0.0234,2,4
886,0.0234,2,4
887,0.0234,2,4
888,0.0234,2,4
889,0.0234,2,4
890,0.0234,2,4
891,0.0234,2,4
892,0.0234,2,4
893,0.0234,2,4
894,0.0234,2,4
895,0.0234,2,4
896,0.0234,2,4
897,0.0234,2,4
898,0.0234,2,4
899,0.0234,2,4
900,0.0234,2,4
901,0.0234,2,4
902,0.0234,2,4
903,0.0234,2,4
904,0.0234,2,4
905,0.0234,2,4
906,0.0234,2,4
907,0.0234,2,4
908,0.0234,2,4
909,0.0234,2,4
910,0.0234,2,4
911,0.0234,2,4
912,0.0234,2,4
913,0.0234,2,4
914,0.0234,2,4
915,0.0234,2,4
916,0.0234,2,4
917,0.0234,2,4
918,0.0234,2,4
919,0.0234,2,4
920,0.0234,2,4
921,0.0234,2,4
922,0.0234,2,4
923,0.0234,2,4
924,0.0234,2,4
925,0.0234,2,4
926,0.0234,2,4
927,0.0234,2,4
928,0.0234,2,4
929,0.0234,2,4
930,0.0234,2,4
931,0.0234,2,4
932,0.0234,2,4
933,0.0234,2,4
934,0.0234,2,4
935,0.0234,2,4
936,0.0234,2,4
937,0.0234,2,4
938,0.0234,2,4
939,0.0234,2,4
940,0.0234,2,4
941,0.0234,2,4
942,0.0234,2,4
943,0.0234,2,4
944,0.0234,2,4
945,0.0234,2,4
946,0.0234,2,4
947,0.0234,2,4
948,0.0234,2,4
949,0.0234,2,4
950,0.0234,2,4
951,0.0234,2,4
952,0.0234,2,4
953,0.0234,2,4
954,0.0234,2,4
955,0.0234,2,4
956,0.0234,2,4
957,0.0234,2,4
958,0.0234,2,4
959,0.0234,2,4
960,0.0234,2,4
961,0.0234,2,4
962,0.0234,2,4
963,0.0234,2,4
964,0.0234,2,4
965,0.0234,2,4
966,0.0234,2,4
967,0.0234,2,4
968,0.0234,2,4
969,0.0234,2,4
970,0.0234,2,4
971,0.0234,2,4
972,0.0234,2,4
973,0.0234,2,4
974,0.0234,2,4
975,0.0234,2,4
976,0.0234,2,4
977,0.0234,2,4
978,0.0234,2,4
979,0.0234,2,4
980,0.0234,2,4
981,0.0234,2,4
982,0.0234,2,4
983,0.0234,2,4
984,0.0234,2,4
985,0.0234,2,4
986,0.0234,2,4
987,0.0234,2,4
988,0.0234,2,4
989,0.0234,2,4
990,0.0234,2,4
991,0.0234,2,4
992,0.0234,2,4
993,0.0234,2,4
994,0.0234,2,4
995,0.0234,2,4
996,0.0234,2,4
997,0.0234,2,4
998,0.0234,2,4
999,0.0234,2,4
1000,0.0234,2,4
1001,0.0234,2,4
1002,0.0234,2,4
1003,0.0234,2,4
1004,0.0234,2,4
1005,0.0234,2,4
1006,0.0234,2,4
1007,0.0234,2,4
1008,0.0234,2,4
1009,0.0234,2,4
1010,0.0234,2,4
1011,0.0234,2,4
1012,0.0234,2,4
1013,0.0234,2,4
1014,0.0234,2,4
1015,0.0234,2,4
1016,0.0234,2,4
1017,0.0234,2,4
1018,0.0234,2,4
1019,0.0234,2,4
1020,0.0234,2,4
1021,0.0234,2,4
1022,0.0234,2,4
1023,0.0234,2,4
1024,0.0234,2,4
1025,0.0234,2,4
1026,0.0234,2,4
1027,0.0234,2,4
1028,0.0234,2,4
1029,0.0234,2,4
1030,0.0234,2,4
1031,0.0234,2,4
1032,0.0234,2,4
1033,0.0234,2,4
1034,0.0234,2,4
1035,0.0234,2,4
1036,0.0234,2,4
1037,0.0234,2,4
1038,0.0234,2,4
1039,0.0234,2,4
1040,0.0234,2,4
1041,0.0234,2,4
1042,0.0234,2,4
1043,0.0234,2,4
1044,0.0234,2,4
1045,0.0234,2,4
1046,0.0234,2,4
1047,0.0234,2,4
1048,0.0234,2,4
1049,0.0234,2,4
1050,0.0234,2,4
1051,0.0234,2,4
1052,0.0234,2,4
1053,0.0234,2,4
1054,0.0234,2,4
1055,0.0234,2,4
1056,0.0234,2,4
1057,0.0234,2,4
1058,0.0234,2,4
1059,0.0234,2,4
1060,0.0234,2,4
1061,0.0234,2,4
1062,0.0234,2,4
1063,0.0234,2,4
1064,0.0234,2,4
1065,0.0234,2,4
1066,0.0234,2,4
1067,0.0234,2,4
1068,0.0234,2,4
1069,0.0234,2,4
1070,0.0234,2,4
1071,0.0234,2,4
1072,0.0234,2,4
1073,0.0234,2,4
1074,0.0234,2,4
1075,0.0234,2,4
1076,0.0234,2,4
1077,0.0234,2,4
1078,0.0234,2,4
1079,0.0234,2,4
1080,0.0234,2,4
1081,0.0234,2,4
1082,0.0234,2,4
1083,0.0234,2,4
1084,0.0234,2,4
1085,0.0234,2,4
1086,0.0234,2,4
1087,0.0234,2,4
1088,0.0234,2,4
1089,0.0234,2,4
1090,0.0234,2,4
1091,0.0234,2,4
1092,0.0234,2,4
1093,0.0234,2,4
1094,0.0234,2,4
1095,0.0234,2,4
1096,0.0234,2,4
1097,0.0234,2,4
1098,0.0234,2,4
1099,0.0234,2,4
1100,0.0234,2,4
1101,0.0234,2,4
1102,0.0234,2,4
1103,0.0234,2,4
1104,0.0234,2,4
1105,0.0234,2,4
1106,0.0234,2,4
1107,0.0234,2,4
1108,0.0234,2,4
1109,0.0234,2,4
1110,0.0234,2,4
1111,0.0234,2,4
1112,0.0234,2,4
1113,0.0234,2,4
1114,0.0234,2,4
1115,0.0234,2,4
1116,0.0234,2,4
1117,0.0234,2,4
1118,0.0234,2,4
1119,0.0234,2,4
1120,0.0234,2,4
1121,0.0234,2,4
1122,0.0234,2,4
1123,0.0234,2,4
1124,0.0234,2,4
1125,0.0234,2,4
1126,0.0234,2,4
1127,0.0234,2,4
1128,0.0234,2,4
1129,0.0234,2,4
1130,0.0234,2,4
1131,0.0234,2,4
1132,0.0234,2,4
1133,0.0234,2,4
1134,0.0234,2,4
1135,0.0234,2,4
1136,0.0234,2,4
1137,0.0234,2,4
1138,0.0234,2,4
1139,0.0234,2,4
1140,0.0234,2,4
1141,0.0234,2,4
1142,0.0234,2,4
1143,0.0234,2,4
1144,0.0234,2,4
1145,0.0234,2,4
1146,0.0234,2,4
1147,0.0234,2,4
1148,0.0234,2,4
1149,0.0234,2,4
1150,0.0234,2,4
1151,0.0234,2,4
1152,0.0234,2,4
1153,0.0234,2,4
1154,0.0234,2,4
1155,0.0234,2,4
1156,0.0234,2,4
1157,0.0234,2,4
1158,0.0234,2,4
1159,0.0234,2,4
1160,0.0234,2,4
1161,0.0234,2,4
1162,0.0234,2,4
1163,0.0234,2,4
1164,0.0234,2,4
1165,0.0234,2,4
1166,0.0234,2,4
1167,0.0234,2,4
1168,0.0234,2,4
1169,0.0234,2,4
1170,0.0234,2,4
1171,0.0234,2,4
1172,0.0234,2,4
1173,0.0234,2,4
1174,0.0234,2,4
1175,0.0234,2,4
1176,0.0234,2,4
1177,0.0234,2,4
1178,0.0234,2,4
1179,0.0234,2,4
1180,0.0234,2,4
1181,0.0234,2,4
1182,0.0234,2,4
1183,0.0234,2,4
1184,0.0234,2,4
1185,0.0234,2,4
1186,0.0234,2,4
1187,0.0234,2,4
1188,0.0234,2,4
1189,0.0234,2,4
1190,0.0234,2,4
1191,0.0234,2,4
1192,0.0234,2,4
1193,0.0234,2,4
1194,0.0234,2,4
1195,0.0234,2,4
1196,0.0234,2,4
1197,0.0234,2,4
1198,0.0234,2,4
1199,0.0234,2,4
1200,0.0234,2,4
1201,0.0234,2,4
1202,0.0234,2,4
1203,0.0234,2,4
1204,0.0234,2,4
1205,0.0234,2,4
1206,0.0234,2,4
1207,0.0234,2,4
1208,0.0234,2,4
1209,0.0234,2,4
1210,0.0234,2,4
1211,0.0234,2,4
1212,0.0234,2,4
1213,0.0234,2,4
1214,0.0234,2,4
1215,0.0234,2,4
1216,0.0234,2,4
1217,0.0234,2,4
1218,0.0234,2,4
1219,0.0234,2,4
1220,0.0234,2,4
1221,0.0234,2,4
1222,0.0234,2,4
1223,0.0234,2,4
1224,0.0234,2,4
1225,0.0234,2,4
1226,0.0234,2,4
1227,0.0234,2,4
1228,0.0234,2,4
1229,0.0234,2,4
1230,0.0234,2,4
1231,0.0234,2,4
1232,0.0234,2,4
1233,0.0234,2,4
1234,0.0234,2,4
1235,0.0234,2,4
1236,0.0234,2,4
1237,0.0234,2,4
1238,0.0234,2,4
1239,0.0234,2,4
1240,0.0234,2,4
1241,0.0234,2,4
1242,0.0234,2,4
1243,0.0234,2,4
1244,0.0234,2,4
1245,0.0234,2,4
1246,0.0234,2,4
1247,0.0234,2,4
1248,0.0234,2,4
1249,0.0234,2,4
1250,0.0234,2,4
1251,0.0234,2,4
1252,0.0234,2,4
1253,0.0234,2,4
1254,0.0234,2,4
1255,0.0234,2,4
1256,0.0234,2,4
1257,0.0234,2,4
1258,0.0234,2,4
1259,0.0234,2,4
1260,0.0234,2,4
1261,0.0234,2,4
1262,0.0234,2,4
1263,0.0234,2,4
1264,0.0234,2,4
1265,0.0234,2,4
1266,0.0234,2,4
1267,0.0234,2,4
1268,0.0234,2,4
1269,0.0234,2,4
1270,0.0234,2,4
1271,0.0234,2,4
1272,0.0234,2,4
1273,0.0234,2,4
1274,0.0234,2,4
1275,0.0234,2,4
1276,0.0234,2,4
1277,0.0234,2,4
1278,0.0234,2,4
1279,0.0234,2,4
1280,0.0234,2,4
1281,0.0234,2,4
1282,0.0234,2,4
1283,0.0234,2,4
1284,0.0234,2,4
1285,0.0234,2,4
1286,0.0234,2,4
1287,0.0234,2,4
1288,0.0234,2,4
1289,0.0234,2,4
1290,0.0234,2,4
1291,0.0234,2,4
1292,0.0234,2,4
1293,0.0234,2,4
1294,0.0234,2,4
1295,0.0234,2,4
1296,0.0234,2,4
1297,0.0234,2,4
1298,0.0234,2,4
1299,0.0234,2,4
1300,0.0234,2,4
1301,0.0234,2,4
1302,0.0234,2,4
1303,0.0234,2,4
1304,0.0234,2,4
1305,0.0234,2,4
1306,0.0234,2,4
1307,0.0234,2,4
1308,0.0234,2,4
1309,0.0234,2,4
1310,0.0234,2,4
1311,0.0234,2,4
1312,0.0234,2,4
1313,0.0234,2,4
1314,0.0234,2,4
1315,0.0234,2,4
1316,0.0234,2,4
1317,0.0234,2,4
1318,0.0234,2,4
1319,0.0234,2,4
1320,0.0234,2,4
1321,0.0234,2,4
1322,0.0234,2,4
1323,0.0234,2,4
1324,0.0234,2,4
1325,0.0234,2,4
1326,0.0234,2,4
1327,0.0234,2,4
1328,0.0234,2,4
1329,0.0234,2,4
1330,0.0234,2,4
1331,0.0234,2,4
1332,0.0234,2,4
1333,0.0234,2,4
1334,0.0234,2,4
1335,0.0234,2,4
1336,0.0234,2,4
1337,0.0234,2,4
1338,0.0234,2,4
1339,0.0234,2,4
1340,0.0234,2,4
1341,0.0234,2,4
1342,0.0234,2,4
1343,0.0234,2,4
1344,0.0234,2,4
1345,0.0234,2,4
1346,0.0234,2,4
1347,0.0234,2,4
1348,0.0234,2,4
1349,0.0234,2,4
1350,0.0234,2,4
1351,0.0234,2,4
1352,0.0234,2,4
1353,0.0234,2,4
1354,0.0234,2,4
1355,0.0234,2,4
1356,0.0234,2,4
1357,0.0234,2,4
1358,0.0234,2,4
1359,0.0234,2,4
1360,0.0234,2,4
1361,0.0234,2,4
1362,0.0234,2,4
1363,0.0234,2,4
1364,0.0234,2,4
1365,0.0234,2,4
1366,0.0234,2,4
1367,0.0234,2,4
1368,0.0234,2,4
1369,0.0234,2,4
1370,0.0234,2,4
1371,0.0234,2,4
1372,0.0234,2,4
1373,0.0234,2,4
1374,0.0234,2,4
1375,0.0234,2,4
1376,0.0234,2,4
1377,0.0234,2,4
1378,0.0234,2,4
1379,0.0234,2,4
1380,0.0234,2,4
1381,0.0234,2,4
1382,0.0234,2,4
1383,0.0234,2,4
1384,0.0234,2,4
1385,0.0234,2,4
1386,0.0234,2,4
1387,0.0234,2,4
1388,0.0234,2,4
1389,0.0234,2,4
1390,0.0234,2,4
1391,0.0234,2,4
1392,0.0234,2,4
1393,0.0234,2,4
1394,0.0234,2,4
1395,0.0234,2,4
1396,0.0234,2,4
1397,0.0234,2,4
1398,0.0234,2,4
1399,0.0234,2,4
1400,0.0234,2,4
1401,0.0234,2,4
1402,0.0234,2,4
1403,0.0234,2,4
1404,0.0234,2,4
1405,0.0234,2,4
1406,0.0234,2,4
1407,0.0234,2,4
1408,0.0234,2,4
1409,0.0234,2,4
1410,0.0234,2,4
1411,0.0234,2,4
1412,0.0234,2,4
1413,0.0234,2,4
1414,0.0234,2,4
1415,0.0234,2,4
1416,0.0234,2,4
1417,0.0234,2,4
1418,0.0234,2,4
1419,0.0234,2,4
1420,0.0234,2,4
1421,0.0234,2,4
1422,0.0234,2,4
1423,0.0234,2,4
1424,0.0234,2,4
1425,0.0234,2,4
1426,0.0234,2,4
1427,0.0234,2,4
1428,0.0234,2,4
1429,0.0234,2,4
1430,0.0234,2,4
1431,0.0234,2,4
1432,0.0234,2,4
1433,0.0234,2,4
1434,0.0234,2,4
1435,0.0234,2,4
1436,0.0234,2,4
1437,0.0234,2,4
1438,0.0234,2,4
1439,0.0234,2,4
1440,0.0234,2,4
1441,0.0234,2,4
1442,0.0234,2,4
1443,0.0234,2,4
1444,0.0234,2,4
1445,0.0234,2,4
1446,0.0234,2,4
1447,0.0234,2,4
1448,0.0234,2,4
1449,0.0234,2,4
1450,0.0234,2,4
1451,0.0234,2,4
1452,0.0234,2,4
1453,0.0234,2,4
1454,0.0234,2,4
1455,0.0234,2,4
1456,0.0234,2,4
1457,0.0234,2,4
1458,0.0234,2,4
1459,0.0234,2,4
1460,0.0234,2,4
1461,0.0234,2,4
1462,0.0234,2,4
1463,0.0234,2,4
1464,0.0234,2,4
1465,0.0234,2,4
1466,0.0234,2,4
1467,0.0234,2,4
1468,0.0234,2,4
1469,0.0234,2,4
1470,0.0234,2,4
1471,0.0234,2,4
1472,0.0234,2,4
1473,0.0234,2,4
1474,0.0234,2,4
1475,0.0234,2,4
1476,0.0234,2,4
1477,0.0234,2,4
1478,0.0234,2,4
1479,0.0234,2,4
1480,0.0234,2,4
1481,0.0234,2,4
1482,0.0234,2,4
1483,0.0234,2,4
1484,0.0234,2,4
1485,0.0234,2,4
1486,0.0234,2,4
1487,0.0234,2,4
1488,0.0234,2,4
1489,0.0234,2,4
1490,0.0234,2,4
1491,0.0234,2,4
1492,0.0234,2,4
1493,0.0234,2,4
1494,0.0234,2,4
1495,0.0234,2,4
1496,0.0234,2,4
1497,0.0234,2,4
1498,0.0234,2,4
1499,0.0234,2,4
1500,0.0234,2,4
1501,0.0234,2,4
1502,0.0234,2,4
1503,0.0234,2,4
1504,0.0234,2,4
1505,0.0234,2,4
1506,0.0234,2,4
1507,0.0234,2,4
1508,0.0234,2,4
1509,0.0234,2,4
1510,0.0234,2,4
1511,0.0234,2,4
1512,0.0234,2,4
1513,0.0234,2,4
1514,0.0234,2,4
1515,0.0234,2,4
1516,0.0234,2,4
1517,0.0234,2,4
1518,0.0234,2,4
1519,0.0234,2,4
1520,0.0234,2,4
1521,0.0234,2,4
1522,0.0234,2,4
1523,0.0234,2,4
1524,0.0234,2,4
1525,0.0234,2,4
1526,0.0234,2,4
1527,0.0234,2,4
1528,0.0234,2,4
1529,0.0234,2,4
1530,0.0234,2,4
1531,0.0234,2,4
1532,0.0234,2,4
1533,0.0234,2,4
1534,0.0234,2,4
1535,0.0234,2,4
1536,0.0234,2,4
1537,0.0234,2,4
1538,0.0234,2,4
1539,0.0234,2,4
1540,0.0234,2,4
1541,0.0234,2,4
1542,0.0234,2,4
1543,0.0234,2,4
1544,0.0234,2,4
1545,0.0234,2,4
1546,0.0234,2,4
1547,0.0234,2,4
1548,0.0234,2,4
1549,0.0234,2,4
1550,0.0234,2,4
1551,0.0234,2,4
1552,0.0234,2,4
1553,0.0234,2,4
1554,0.0234,2,4
1555,0.0234,2,4
1556,0.0234,2,4
1557,0.0234,2,4
1558,0.0234,2,4
1559,0.0234,2,4
1560,0.0234,2,4
1561,0.0234,2,4
1562,0.0234,2,4
1563,0.0234,2,4
1564,0.0234,2,4
1565,0.0234,2,4
1566,0.0234,2,4
1567,0.0234,2,4
1568,0.0234,2,4
1569,0.0234,2,4
1570,0.0234,2,4
1571,0.0234,2,4
1572,0.0234,2,4
1573,0.0234,2,4
1574,0.0234,2,4
1575,0.0234,2,4
1576,0.0234,2,4
1577,0.0234,2,4
1578,0.0234,2,4
1579,0.0234,2,4
1580,0.0234,2,4
1581,0.0234,2,4
1582,0.0234,2,4
1583,0.0234,2,4
1584,0.0234,2,4
1585,0.0234,2,4
1586,0.0234,2,4
1587,0.0234,2,4
1588,0.0234,2,4
1589,0.0234,2,4
1590,0.0234,2,4
1591,0.0234,2,4
1592,0.0234,2,4
1593,0.0234,2,4
1594,0.0234,2,4
1595,0.0234,2,4
1596,0.0234,2,4
1597,0.0234,2,4
1598,0.0234,2,4
1599,0.0234,2,4
1600,0.0234,2,4
1601,0.0234,2,4
1602,0.0234,2,4
1603,0.0234,2,4
1604,0.0234,2,4
1605,0.0234,2,4
1606,0.0234,2,4
1607,0.0234,2,4
1608,0.0234,2,4
1609,0.0234,2,4
1610,0.0234,2,4
1611,0.0234,2,4
1612,0.0234,2,4
1613,0.0234,2,4
1614,0.0234,2,4
1615,0.0234,2,4
1616,0.0234,2,4
1617,0.0234,2,4
1618,0.0234,2,4
1619,0.0234,2,4
1620,0.0234,2,4
1621,0.0234,2,4
1622,0.0234,2,4
1623,0.0234,2,4
1624,0.0234,2,4
1625,0.0234,2,4
1626,0.0234,2,4
1627,0.0234,2,4
1628,0.0234,2,4
1629,0.0234,2,4
1630,0.0234,2,4
1631,0.0234,2,4
1632,0.0234,2,4
1633,0.0234,2,4
1634,0.0234,2,4
1635,0.0234,2,4
1636,0.0234,2,4
1637,0.0234,2,4
1638,0.0234,2,4
1639,0.0234,2,4
1640,0.0234,2,4
1641,0.0234,2,4
1642,0.0234,2,4
1643,0.0234,2,4
1644,0.0234,2,4
1645,0.0234,2,4
1646,0.0234,2,4
1647,0.0234,2,4
1648,0.0234,2,4
1649,0.0234,2,4
1650,0.0234,2,4
1651,0.0234,2,4
1652,0.0234,2,4
1653,0.0234,2,4
1654,0.0234,2,4
1655,0.0234,2,4
1656,0.0234,2,4
1657,0.0234,2,4
1658,0.0234,2,4
1659,0.0234,2,4
1660,0.0234,2,4
1661,0.0234,2,4
1662,0.0234,2,4
1663,0.0234,2,4
1664,0.0234,2,4
1665,0.0234,2,4
1666,0.0234,2,4
1667,0.0234,2,4
1668,0.0234,2,4
1669,0.0234,2,4
1670,0.0234,2,4
1671,0.0234,2,4
1672,0.0234,2,4
1673,0.0234,2,4
1674,0.0234,2,4
1675,0.0234,2,4
1676,0.0234,2,4
1677,0.0234,2,4
1678,0.0234,2,4
1679,0.0234,2,4
1680,0.0234,2,4
1681,0.0234,2,4
1682,0.0234,2,4
1683,0.0234,2,4
1684,0.0234,2,4
1685,0.0234,2,4
1686,0.0234,2,4
1687,0.0234,2,4
1688,0.0234,2,4
1689,0.0234,2,4
1690,0.0234,2,4
1691,0.0234,2,4
1692,0.0234,2,4
1693,0.0234,2,4
1694,0.0234,2,4
1695,0.0234,2,4
1696,0.0234,2,4
1697,0.0234,2,4
1698,0.0234,2,4
1699,0.0234,2,4
1700,0.0234,2,4
1701,0.0234,2,4
1702,0.0234,2,4
1703,0.0234,2,4
1704,0.0234,2,4
1705,0.0234,2,4
1706,0.0234,2,4
1707,0.0234,2,4
1708,0.0234,2,4
1709,0.0234,2,4
1710,0.0234,2,4
1711,0.0234,2,4
1712,0.0234,2,4
1713,0.0234,2,4
1714,0.0234,2,4
1715,0.0234,2,4
1716,0.0234,2,4
1717,0.0234,2,4
1718,0.0234,2,4
1719,0.0234,2,4
1720,0.0234,2,4
1721,0.0234,2,4
1722,0.0234,2,4
1723,0.0234,2,4
1724,0.0234,2,4
1725,0.0234,2,4
1726,0.0234,2,4
1727,0.0234,2,4
1728,0.0234,2,4
1729,0.0234,2,4
1730,0.0234,2,4
1731,0.0234,2,4
1732,0.0234,2,4
1733,0.0234,2,4
1734,0.0234,2,4
1735,0.0234,2,4
1736,0.0234,2,4
1737,0.0234,2,4
1738,0.0234,2,4
1739,0.0234,2,4
1740,0.0234,2,4
1741,0.0234,2,4
1742,0.0234,2,4
1743,0.0234,2,4
1744,0.0234,2,4
1745,0.0234,2,4
1746,0.0234,2,4
1747,0.0234,2,4
1748,0.0234,2,4
1749,0.0234,2,4
1750,0.0234,2,4
1751,0.0234,2,4
1752,0.0234,2,4
1753,0.0234,2,4
1754,0.0234,2,4
1755,0.0234,2,4
1756,0.0234,2,4
1757,0.0234,2,4
1758,0.0234,2,4
1759,0.0234,2,4
1760,0.0234,2,4
1761,0.0234,2,4
1762,0.0234,2,4
1763,0.0234,2,4
1764,0.0234,2,4
1765,0.0234,2,4
1766,0.0234,2,4
1767,0.0234,2,4
1768,0.0234,2,4
1769,0.0234,2,4
1770,0.0234,2,4
1771,0.0234,2,4
1772,0.0234,2,4
1773,0.0234,2,4
1774,0.0234,2,4
1775,0.0234,2,4
1776,0.0234,2,4
1777,0.0234,2,4
1778,0.0234,2,4
1779,0.0234,2,4
1780,0.0234,2,4
1781,0.0234,2,4
1782,0.0234,2,4
1783,0.0234,2,4
1784,0.0234,2,4
1785,0.0234,2,4
1786,0.0234,2,4
1787,0.0234,2,4
1788,0.0234,2,4
1789,0.0234,2,4
1790,0.0234,2,4
1791,0.0234,2,4
1792,0.0234,2,4
1793,0.0234,2,4
1794,0.0234,2,4
1795,0.0234,2,4
1796,0.0234,2,4
1797,0.0234,2,4
1798,0.0234,2,4
1799,0.0234,2,4
1800,0.0234,2,4
1801,0.0234,2,4
1802,0.0234,2,4
1803,0.0234,2,4
1804,0.0234,2,4
1805,0.0234,2,4
1806,0.0234,2,4
1807,0.0234,2,4
1808,0.0234,2,4
1809,0.0234,2,4
1810,0.0234,2,4
1811,0.0234,2,4
1812,0.0234,2,4
1813,0.0234,2,4
1814,0.0234,2,4
1815,0.0234,2,4
1816,0.0234,2,4
1817,0.0234,2,4
1818,0.0234,2,4
1819,0.0234,2,4
1820,0.0234,2,4
1821,0.0234,2,4
1822,0.0234,2,4
1823,0.0234,2,4
1824,0.0234,2,4
1825,0.0234,2,4
1826,0.0234,2,4
1827,0.0234,2,4
1828,0.0234,2,4
1829,0.0234,2,4
1830,0.0234,2,4
1831,0.0234,2,4
1832,0.0234,2,4
1833,0.0234,2,4
1834,0.0234,2,4
1835,0.0234,2,4
1836,0.0234,2,4
1837,0.0234,2,4
1838,0.0234,2,4
1839,0.0234,2,4
1840,0.0234,2,4
1841,0.0234,2,4
1842,0.0234,2,4
1843,0.0234,2,4
1844,0.0234,2,4
1845,0.0234,2,4
1846,0.0234,2,4
1847,0.0234,2,4
1848,0.0234,2,4
1849,0.0234,2,4
1850,0.0234,2,4
1851,0.0234,2,4
1852,0.0234,2,4
1853,0.0234,2,4
1854,0.0234,2,4
1855,0.0234,2,4
1856,0.0234,2,4
1857,0.0234,2,4
1858,0.0234,2,4
1859,0.0234,2,4
1860,0.0234,2,4
1861,0.0234,2,4
1862,0.0234,2,4
1863,0.0234,2,4
1864,0.0234,2,4
1865,0.0234,2,4
1866,0.0234,2,4
1867,0.0234,2,4
1868,0.0234,2,4
1869,0.0234,2,4
1870,0.0234,2,4
1871,0.0234,2,4
1872,0.0234,2,4
1873,0.0234,2,4
1874,0.0234,2,4
1875,0.0234,2,4
1876,0.0234,2,4
1877,0.0234,2,4
1878,0.0234,2,4
1879,0.0234,2,4
1880,0.0234,2,4
1881,0.0234,2,4
1882,0.0234,2,4
1883,0.0234,2,4
1884,0.0234,2,4
1885,0.0234,2,4
1886,0.0234,2,4
1887,0.0234,2,4
1888,0.0234,2,4
1889,0.0234,2,4
1890,0.0234,2,4
1891,0.0234,2,4
1892,0.0234,2,4
1893,0.0234,2,4
1894,0.0234,2,4
1895,0.0234,2,4
1896,0.0234,2,4
1897,0.0234,2,4
1898,0.0234,2,4
1899,0.0234,2,4
1900,0.0234,2,4
1901,0.0234,2,4
1902,0.0234,2,4
1903,0.0234,2,4
1904,0.0234,2,4
1905,0.0234,2,4
1906,0.0234,2,4
1907,0.0234,2,4
1908,0.0234,2,4
1909,0.0234,2,4
1910,0.0234,2,4
1911,0.0234,2,4
1912,0.0234,2,4
1913,0.0234,2,4
1914,0.0234,2,4
1915,0.0234,2,4
1916,0.0234,2,4
1917,0.0234,2,4
1918,0.0234,2,4
1919,0.0234,2,4
1920,0.0234,2,4
1921,0.0234,2,4
1922,0.0234,2,4
1923,0.0234,2,4
1924,0.0234,2,4
1925,0.0234,2,4
1926,0.0234,2,4
1927,0.0234,2,4
1928,0.0234,2,4
1929,0.0234,2,4
1930,0.0234,2,4
1931,0.0234,2,4
1932,0.0234,2,4
1933,0.0234,2,4
1934,0.0234,2,4
1935,0.0234,2,4
1936,0.0234,2,4
1937,0.0234,2,4
1938,0.0234,2,4
1939,0.0234,2,4
1940,0.0234,2,4
1941,0.0234,2,4
1942,0.0234,2,4
1943,0.0234,2,4
1944,0.0234,2,4
1945,0.0234,2,4
1946,0.0234,2,4
1947,0.0234,2,4
1948,0.0234,2,4
1949,0.0234,2,4
1950,0.0234,2,4
1951,0.0234,2,4
1952,0.0234,2,4
1953,0.0234,2,4
1954,0.0234,2,4
1955,0.0234,2,4
1956,0.0234,2,4
1957,0.0234,2,4
1958,0.0234,2,4
1959,0.0234,2,4
1960,0.0234,2,4
1961,0.0234,2,4
1962,0.0234,2,4
1963,0.0234,2,4
1964,0.0234,2,4
1965,0.0234,2,4
1966,0.0234,2,4
1967,0.0234,2,4
1968,0.0234,2,4
1969,0.0234,2,4
1970,0.0234,2,4
1971,0.0234,2,4
1972,0.0234,2,4
1973,0.0234,2,4
1974,0.0234,2,4
1975,0.0234,2,4
1976,0.0234,2,4
1977,0.0234,2,4
1978,0.0234,2,4
1979,0.0234,2,4
1980,0.0234,2,4
1981,0.0234,2,4
1982,0.0234,2,4
1983,0.0234,2,4
1984,0.0234,2,4
1985,0.0234,2,4
1986,0.0234,2,4
1987,0.0234,2,4
1988,0.0234,2,4
1989,0.0234,2,4
1990,0.0234,2,4
1991,0.0234,2,4
1992,0.0234,2,4
1993,0.0234,2,4
1994,0.0234,2,4
1995,0.0234,2,4
1996,0.0234,2,4
1997,0.0234,2,4
1998,0.0234,2,4
1999,0.0234,2,4
2000,0.0234,2,4
2001,0.0234,2,4
2002,0.0234,2,4
2003,0.0234,2,4
2004,0.0234,2,4
2005,0.0234,2,4
2006,0.0234,2,4
2007,0.0234,2,4
2008,0.0234,2,4
2009,0.0234,2,4
2010,0.0234,2,4
2011,0.0234,2,4
2012,0.0234,2,4
2013,0.0234,2,4
2014,0.0234,2,4
2015,0.0234,2,4
2016,0.0234,2,4
2017,0.0234,2,4
2018,0.0234,2,4
2019,0.0234,2,4
2020,0.0234,2,4
2021,0.0234,2,4
2022,0.0234,2,4
2023,0.0234,2,4
2024,0.0234,2,4
2025,0.0234,2,4
2026,0.0234,2,4
2027,0.0234,2,4
2028,0.0234,2,4
2029,0.0234,2,4
2030,0.0234,2,4
2031,0.0234,2,4
2032,0.0234,2,4
2033,0.0234,2,4
2034,0.0234,2,4
2035,0.0234,2,4
2036,0.0234,2,4
2037,0.0234,2,4
2038,0.0234,2,4
2039,0.0234,2,4
2040,0.0234,2,4
2041,0.0234,2,4
2042,0.0234,2,4
2043,0.0234,2,4
2044,0.0234,2,4
2045,0.0234,2,4
2046,0.0234,2,4
2047,0.0234,2,4
2048,0.0234,2,4
2049,0.0234,2,4
2050,0.0234,2,4
2051,0.0234,2,4
2052,0.0234,2,4
2053,0.0234,2,4
2054,0.0234,2,4
2055,0.0234,2,4
2056,0.0234,2,4
2057,0.0234,2,4
2058,0.0234,2,4
2059,0.0234,2,4
2060,0.0234,2,4
2061,0.0234,2,4
2062,0.0234,2,4
2063,0.0234,2,4
2064,0.0234,2,4
2065,0.0234,2,4
2066,0.0234,2,4
2067,0.0234,2,4
2068,0.0234,2,4
2069,0.0234,2,4
2070,0.0234,2,4
2071,0.0234,2,4
2072,0.0234,2,4
2073,0.0234,2,4
2074,0.0234,2,4
2075,0.0234,2,4
2076,0.0234,2,4
2077,0.0234,2,4
2078,0.0234,2,4
2079,0.0234,2,4
2080,0.0234,2,4
2081,0.0234,2,4
2082,0.0234,2,4
2083,0.0234,2,4
2084,0.0234,2,4
2085,0.0234,2,4
2086,0.0234,2,4
2087,0.0234,2,4
2088,0.0234,2,4
2089,0.0234,2,4
2090,0.0234,2,4
2091,0.0234,2,4
2092,0.0234,2,4
2093,0.0234,2,4
2094,0.0234,2,4
2095,0.0234,2,4
2096,0.0234,2,4
2097,0.0234,2,4
2098,0.0234,2,4
2099,0.0234,2,4
2100,0.0234,2,4
2101,0.0234,2,4
2102,0.0234,2,4
2103,0.0234,2,4
2104,0.0234,2,4
2105,0.0234,2,4
2106,0.0234,2,4
2107,0.0234,2,4
2108,0.0234,2,4
2109,0.0234,2,4
2110,0.0234,2,4
2111,0.0234,2,4
2112,0.0234,2,4
2113,0.0234,2,4
2114,0.0234,2,4
2115,0.0234,2,4
2116,0.0234,2,4
2117,0.0234,2,4
2118,0.0234,2,4
2119,0.0234,2,4
2120,0.0234,2,4
2121,0.0234,2,4
2122,0.0234,2,4
2123,0.0234,2,4
2124,0.0234,2,4
2125,0.0234,2,4
2126,0.0234,2,4
2127,0.0234,2,4
2128,0.0234,2,4
2129,0.0234,2,4
2130,0.0234,2,4
2131,0.0234,2,4
2132,0.0234,2,4
2133,0.0234,2,4
2134,0.0234,2,4
2135,0.0234,2,4
2136,0.0234,2,4
2137,0.0234,2,4
2138,0.0234,2,4
2139,0.0234,2,4
2140,0.0234,2,4
2141,0.0234,2,4
2142,0.0234,2,4
2143,0.0234,2,4
2144,0.0234,2,4
2145,0.0234,2,4
2146,0.0234,2,4
2147,0.0234,2,4
2148,0.0234,2,4
2149,0.0234,2,4
2150,0.0234,2,4
2151,0.0234,2,4
2152,0.0234,2,4
2153,0.0234,2,4
2154,0.0234,2,4
2155,0.0234,2,4
2156,0.0234,2,4
2157,0.0234,2,4
2158,0.0234,2,4
2159,0.0234,2,4
2160,0.0234,2,4
2161,0.0234,2,4
2162,0.0234,2,4
2163,0.0234,2,4
2164,0.0234,2,4
2165,0.0234,2,4
2166,0.0234,2,4
2167,0.0234,2,4
2168,0.0234,2,4
2169,0.0234,2,4
2170,0.0234,2,4
2171,0.0234,2,4
2172,0.0234,2,4
2173,0.0234,2,4
2174,0.0234,2,4
2175,0.0234,2,4
2176,0.0234,2,4
2177,0.0234,2,4
2178,0.0234,2,4
2179,0.0234,2,4
2180,0.0234,2,4
2181,0.0234,2,4
2182,0.0234,2,4
2183,0.0234,2,4
2184,0.0234,2,4
2185,0.0234,2,4
2186,0.0234,2,4
2187,0.0234,2,4
2188,0.0234,2,4
2189,0.0234,2,4
2190,0.0234,2,4
2191,0.0234,2,4
2192,0.0234,2,4
2193,0.0234,2,4
2194,0.0234,2,4
2195,0.0234,2,4
2196,0.0234,2,4
2197,0.0234,2,4
2198,0.0234,2,4
2199,0.0234,2,4
2200,0.0234,2,4
2201,0.0234,2,4
2202,0.0234,2,4
2203,0.0234,2,4
2204,0.0234,2,4
2205,0.0234,2,4
2206,0.0234,2,4
2207,0.0234,2,4
2208,0.0234,2,4
2209,0.0234,2,4
2210,0.0234,2,4
2211,0.0234,2,4
2212,0.0234,2,4
2213,0.0234,2,4
2214,0.0234,2,4
2215,0.0234,2,4
2216,0.0234,2,4
2217,0.0234,2,4
2218,0.0234,2,4
2219,0.0234,2,4
2220,0.0234,2,4
2221,0.0234,2,4
2222,0.0234,2,4
2223,0.0234,2,4
2224,0.0234,2,4
2225,0.0234,2,4
2226,0.0234,2,4
2227,0.0234,2,4
2228,0.0234,2,4
2229,0.0234,2,4
2230,0.0234,2,4
2231,0.0234,2,4
2232,0.0234,2,4
2233,0.0234,2,4
2234,0.0234,2,4
2235,0.0234,2,4
2236,0.0234,2,4
2237,0.0234,2,4
2238,0.0234,2,4
2239,0.0234,2,4
2240,0.0234,2,4
2241,0.0234,2,4
2242,0.0234,2,4
2243,0.0234,2,4
2244,0.0234,2,4
2245,0.0234,2,4
2246,0.0234,2,4
2247,0.0234,2,4
2248,0.0234,2,4
2249,0.0234,2,4
2250,0.0234,2,4
2251,0.0234,2,4
2252,0.0234,2,4
2253,0.0234,2,4
2254,0.0234,2,4
2255,0.0234,2,4
2256,0.0234,2,4
2257,0.0234,2,4
2258,0.0234,2,4
2259,0.0234,2,4
2260,0.0234,2,4
2261,0.0234,2,4
2262,0.0234,2,4
2263,0.0234,2,4
2264,0.0234,2,4
2265,0.0234,2,4
2266,0.0234,2,4
2267,0.0234,2,4
2268,0.0234,2,4
2269,0.0234,2,4
2270,0.0234,2,4
2271,0.0234,2,4
2272,0.0234,2,4
2273,0.0234,2,4
2274,0.0234,2,4
2275,0.0234,2,4
2276,0.0234,2,4
2277,0.0234,2,4
2278,0.0234,2,4
2279,0.0234,2,4
2280,0.0234,2,4
2281,0.0234,2,4
2282,0.0234,2,4
2283,0.0234,2,4
2284,0.0234,2,4
2285,0.0234,2,4
2286,0.0234,2,4
2287,0.0234,2,4
2288,0.0234,2,4
2289,0.0234,2,4
2290,0.0234,2,4
2291,0.0234,2,4
2292,0.0234,2,4
2293,0.0234,2,4
2294,0.0234,2,4
2295,0.0234,2,4
2296,0.0234,2,4
2297,0.0234,2,4
2298,0.0234,2,4
2299,0.0234,2,4
2300,0.0234,2,4
2301,0.0234,2,4
2302,0.0234,2,4
2303,0.0234,2,4
2304,0.0234,2,4
2305,0.0234,2,4
2306,0.0234,2,4
2307,0.0234,2,4
2308,0.0234,2,4
2309,0.0234,2,4
2310,0.0234,2,4
2311,0.0234,2,4
2312,0.0234,2,4
2313,0.0234,2,4
2314,0.0234,2,4
2315,0.0234,2,4
2316,0.0234,2,4
2317,0.0234,2,4
2318,0.0234,2,4
2319,0.0234,2,4
2320,0.0234,2,4
2321,0.0234,2,4
2322,0.0234,2,4
2323,0.0234,2,4
2324,0.0234,2,4
2325,0.0234,2,4
2326,0.0234,2,4
2327,0.0234,2,4
2328,0.0234,2,4
2329,0.0234,2,4
2330,0.0234,2,4
2331,0.0234,2,4
2332,0.0234,2,4
2333,0.0234,2,4
2334,0.0234,2,4
2335,0.0234,2,4
2336,0.0234,2,4
2337,0.0234,2,4
2338,0.0234,2,4
2339,0.0234,2,4
2340,0.0234,2,4
2341,0.0234,2,4
2342,0.0234,2,4
2343,0.0234,2,4
2344,0.0234,2,4
2345,0.0234,2,4
2346,0.0234,2,4
2347,0.0234,2,4
2348,0.0234,2,4
2349,0.0234,2,4
2350,0.0234,2,4
2351,0.0234,2,4
2352,0.0234,2,4
2353,0.0234,2,4
2354,0.0234,2,4
2355,0.0234,2,4
2356,0.0234,2,4
2357,0.0234,2,4
2358,0.0234,2,4
2359,0.0234,2,4
2360,0.0234,2,4
2361,0.0234,2,4
2362,0.0234,2,4
2363,0.0234,2,4
2364,0.0234,2,4
2365,0.0234,2,4
2366,0.0234,2,4
2367,0.0234,2,4
2368,0.0234,2,4
2369,0.0234,2,4
2370,0.0234,2,4
2371,0.0234,2,4
2372,0.0234,2,4
2373,0.0234,2,4
2374,0.0234,2,4
2375,0.0234,2,4
2376,0.0234,2,4
2377,0.0234,2,4
2378,0.0234,2,4
2379,0.0234,2,4
2380,0.0234,2,4
2381,0.0234,2,4
2382,0.0234,2,4
2383,0.0234,2,4
2384,0.0234,2,4
2385,0.0234,2,4
2386,0.0234,2,4
2387,0.0234,2,4
2388,0.0234,2,4
2389,0.0234,2,4
2390,0.0234,2,4
2391,0.0234,2,4
2392,0.0234,2,4
2393,0.0234,2,4
2394,0.0234,2,4
2395,0.0234,2,4
2396,0.0234,2,4
2397,0.0234,2,4
2398,0.0234,2,4
2399,0.0234,2,4
2400,0.0234,2,4
2401,0.0234,2,4
2402,0.0234,2,4
2403,0.0234,2,4
2404,0.0234,2,4
2405,0.0234,2,4
2406,0.0234,2,4
2407,0.0234,2,4
2408,0.0234,2,4
2409,0.0234,2,4
2410,0.0234,2,4
2411,0.0234,2,4
2412,0.0234,2,4
2413,0.0234,2,4
2414,0.0234,2,4
2415,0.0234,2,4
2416,0.0234,2,4
2417,0.0234,2,4
2418,0.0234,2,4
2419,0.0234,2,4
2420,0.0234,2,4
2421,0.0234,2,4
2422,0.0234,2,4
2423,0.0234,2,4
2424,0.0234,2,4
2425,0.0234,2,4
2426,0.0234,2,4
2427,0.0234,2,4
2428,0.0234,2,4
2429,0.0234,2,4
2430,0.0234,2,4
2431,0.0234,2,4
2432,0.0234,2,4
2433,0.0234,2,4
2434,0.0234,2,4
2435,0.0234,2,4
2436,0.0234,2,4
2437,0.0234,2,4
2438,0.0234,2,4
2439,0.0234,2,4
2440,0.0234,2,4
2441,0.0234,2,4
2442,0.0234,2,4
2443,0.0234,2,4
2444,0.0234,2,4
2445,0.0234,2,4
2446,0.0234,2,4
2447,0.0234,2,4
2448,0.0234,2,4
2449,0.0234,2,4
2450,0.0234,2,4
2451,0.0234,2,4
2452,0.0234,2,4
2453,0.0234,2,4
2454,0.0234,2,4
2455,0.0234,2,4
2456,0.0234,2,4
2457,0.0234,2,4
2458,0.0234,2,4
2459,0.0234,2,4
2460,0.0234,2,4
2461,0.0234,2,4
2462,0.0234,2,4
2463,0.0234,2,4
2464,0.0234,2,4
2465,0.0234,2,4
2466,0.0234,2,4
2467,0.0234,2,4
2468,0.0234,2,4
2469,0.0234,2,4
2470,0.0234,2,4
2471,0.0234,2,4
2472,0.0234,2,4
2473,0.0234,2,4
2474,0.0234,2,4
2475,0.0234,2,4
2476,0.0234,2,4
2477,0.0234,2,4
2478,0.0234,2,4
2479,0.0234,2,4
2480,0.0234,2,4
2481,0.0234,2,4
2482,0.0234,2,4
2483,0.0234,2,4
2484,0.0234,2,4
2485,0.0234,2,4
2486,0.0234,2,4
2487,0.0234,2,4
2488,0.0234,2,4
2489,0.0234,2,4
2490,0.0234,2,4
2491,0.0234,2,4
2492,0.0234,2,4
2493,0.0234,2,4
2494,0.0234,2,4
2495,0.0234,2,4
2496,0.0234,2,4
2497,0.0234,2,4
2498,0.0234,2,4
2499,0.0234,2,4
2500,0.0234,2,4
2501,0.0234,2,4
2502,0.0234,2,4
2503,0.0234,2,4
2504,0.0234,2,4
2505,0.0234,2,4
2506,0.0234,2,4
2507,0.0234,2,4
2508,0.0234,2,4
2509,0.0234,2,4
2510,0.0234,2,4
2511,0.0234,2,4
2512,0.0234,2,4
2513,0.0234,2,4
2514,0.0234,2,4
2515,0.0234,2,4
2516,0.0234,2,4
2517,0.0234,2,4
2518,0.0234,2,4
2519,0.0234,2,4
2520,0.0234,2,4
2521,0.0234,2,4
2522,0.0234,2,4
2523,0.0234,2,4
2524,0.0234,2,4
2525,0.0234,2,4
2526,0.0234,2,4
2527,0.0234,2,4
2528,0.0234,2,4
2529,0.0234,2,4
2530,0.0234,2,4
2531,0.0234,2,4
2532,0.0234,2,4
2533,0.0234,2,4
2534,0.0234,2,4
2535,0.0234,2,4
2536,0.0234,2,4
2537,0.0234,2,4
2538,0.0234,2,4
2539,0.0234,2,4
2540,0.0234,2,4
2541,0.0234,2,4
2542,0.0234,2,4
2543,0.0234,2,4
2544,0.0234,2,4
2545,0.0234,2,4
2546,0.0234,2,4
2547,0.0234,2,4
2548,0.0234,2,4
2549,0.0234,2,4
2550,0.0234,2,4
2551,0.0234,2,4
2552,0.0234,2,4
2553,0.0234,2,4
2554,0.0234,2,4
2555,0.0234,2,4
2556,0.0234,2,4
2557,0.0234,2,4
2558,0.0234,2,4
2559,0.0234,2,4
2560,0.0234,2,4
2561,0.0234,2,4
2562,0.0234,2,4
2563,0.0234,2,4
2564,0.0234,2,4
2565,0.0234,2,4
2566,0.0234,2,4
2567,0.0234,2,4
2568,0.0234,2,4
2569,0.0234,2,4
2570,0.0234,2,4
2571,0.0234,2,4
2572,0.0234,2,4
2573,0.0234,2,4
2574,0.0234,2,4
2575,0.0234,2,4
2576,0.0234,2,4
2577,0.0234,2,4
2578,0.0234,2,4
2579,0.0234,2,4
2580,0.0234,2,4
2581,0.0234,2,4
2582,0.0234,2,4
2583,0.0234,2,4
2584,0.0234,2,4
2585,0.0234,2,4
2586,0.0234,2,4
2587,0.0234,2,4
2588,0.0234,2,4
2589,0.0234,2,4
2590,0.0234,2,4
2591,0.0234,2,4
2592,0.0234,2,4
2593,0.0234,2,4
2594,0.0234,2,4
2595,0.0234,2,4
2596,0.0234,2,4
2597,0.0234,2,4
2598,0.0234,2,4
2599,0.0234,2,4
2600,0.0234,2,4
2601,0.0234,2,4
2602,0.0234,2,4
2603,0.0234,2,4
2604,0.0234,2,4
2605,0.0234,2,4
2606,0.0234,2,4
2607,0.0234,2,4
2608,0.0234,2,4
2609,0.0234,2,4
2610,0.0234,2,4
2611,0.0234,2,4
2612,0.0234,2,4
2613,0.0234,2,4
2614,0.0234,2,4
2615,0.0234,2,4
2616,0.0234,2,4
2617,0.0234,2,4
2618,0.0234,2,4
2619,0.0234,2,4
2620,0.0234,2,4
2621,0.0234,2,4
2622,0.0234,2,4
2623,0.0234,2,4
2624,0.0234,2,4
2625,0.0234,2,4
2626,0.0234,2,4
2627,0.0234,2,4
2628,0.0234,2,4
2629,0.0234,2,4
2630,0.0234,2,4
2631,0.0234,2,4
2632,0.0234,2,4
2633,0.0234,2,4
2634,0.0234,2,4
2635,0.0234,2,4
2636,0.0234,2,4
2637,0.0234,2,4
2638,0.0234,2,4
2639,0.0234,2,4
2640,0.0234,2,4
2641,0.0234,2,4
2642,0.0234,2,4
2643,0.0234,2,4
2644,0.0234,2,4
2645,0.0234,2,4
2646,0.0234,2,4
2647,0.0234,2,4
2648,0.0234,2,4
2649,0.0234,2,4
2650,0.0234,2,4
2651,0.0234,2,4
2652,0.0234,2,4
2653,0.0234,2,4
2654,0.0234,2,4
2655,0.0234,2,4
2656,0.0234,2,4
2657,0.0234,2,4
2658,0.0234,2,4
2659,0.0234,2,4
2660,0.0234,2,4
2661,0.0234,2,4
2662,0.0234,2,4
2663,0.0234,2,4
2664,0.0234,2,4
2665,0.0234,2,4
2666,0.0234,2,4
2667,0.0234,2,4
2668,0.0234,2,4
2669,0.0234,2,4
2670,0.0234,2,4
2671,0.0234,2,4
2672,0.0234,2,4
2673,0.0234,2,4
2674,0.0234,2,4
2675,0.0234,2,4
2676,0.0234,2,4
2677,0.0234,2,4
2678,0.0234,2,4
2679,0.0234,2,4
2680,0.0234,2,4
2681,0.0234,2,4
2682,0.0234,2,4
2683,0.0234,2,4
2684,0.0234,2,4
2685,0.0234,2,4
2686,0.0234,2,4
2687,0.0234,2,4
2688,0.0234,2,4
2689,0.0234,2,4
2690,0.0234,2,4
2691,0.0234,2,4
2692,0.0234,2,4
2693,0.0234,2,4
2694,0.0234,2,4
2695,0.0234,2,4
2696,0.0234,2,4
2697,0.0234,2,4
2698,0.0234,2,4
2699,0.0234,2,4
2700,0.0234,2,4
2701,0.0234,2,4
2702,0.0234,2,4
2703,0.0234,2,4
2704,0.0234,2,4
2705,0.0234,2,4
2706,0.0234,2,4
2707,0.0234,2,4
2708,0.0234,2,4
2709,0.0234,2,4
2710,0.0234,2,4
2711,0.0234,2,4
2712,0.0234,2,4
2713,0.0234,2,4
2714,0.0234,2,4
2715,0.0234,2,4
2716,0.0234,2,4
2717,0.0234,2,4
2718,0.0234,2,4
2719,0.0234,2,4
2720,0.0234,2,4
2721,0.0234,2,4
2722,0.0234,2,4
2723,0.0234,2,4
2724,0.0234,2,4
2725,0.0234,2,4
2726,0.0234,2,4
2727,0.0234,2,4
2728,0.0234,2,4
2729,0.0234,2,4
2730,0.0234,2,4
2731,0.0234,2,4
2732,0.0234,2,4
2733,0.0234,2,4
2734,0.0234,2,4
2735,0.0234,2,4
2736,0.0234,2,4
2737,0.0234,2,4
2738,0.0234,2,4
2739,0.0234,2,4
2740,0.0234,2,4
2741,0.0234,2,4
2742,0.0234,2,4
2743,0.0234,2,4
2744,0.0234,2,4
2745,0.0234,2,4
2746,0.0234,2,4
2747,0.0234,2,4
2748,0.0234,2,4
2749,0.0234,2,4
2750,0.0234,2,4
2751,0.0234,2,4
2752,0.0234,2,4
2753,0.0234,2,4
2754,0.0234,2,4
2755,0.0234,2,4
2756,0.0234,2,4
2757,0.0234,2,4
2758,0.0234,2,4
2759,0.0234,2,4
2760,0.0234,2,4
2761,0.0234,2,4
2762,0.0234,2,4
2763,0.0234,2,4
2764,0.0234,2,4
2765,0.0234,2,4
2766,0.0234,2,4
2767,0.0234,2,4
2768,0.0234,2,4
2769,0.0234,2,4
2770,0.0234,2,4
2771,0.0234,2,4
2772,0.0234,2,4
2773,0.0234,2,4
2774,0.0234,2,4
2775,0.0234,2,4
2776,0.0234,2,4
2777,0.0234,2,4
2778,0.0234,2,4
2779,0.0234,2,4
2780,0.0234,2,4
2781,0.0234,2,4
2782,0.0234,2,4
2783,0.0234,2,4
2784,0.0234,2,4
2785,0.0234,2,4
2786,0.0234,2,4
2787,0.0234,2,4
2788,0.0234,2,4
2789,0.0234,2,4
2790,0.0234,2,4
2791,0.0234,2,4
2792,0.0234,2,4
2793,0.0234,2,4
2794,0.0234,2,4
2795,0.0234,2,4
2796,0.0234,2,4
2797,0.0234,2,4
2798,0.0234,2,4
2799,0.0234,2,4
2800,0.0234,2,4
2801,0.0234,2,4
2802,0.0234,2,4
2803,0.0234,2,4
2804,0.0234,2,4
2805,0.0234,2,4
2806,0.0234,2,4
2807,0.0234,2,4
2808,0.0234,2,4
2809,0.0234,2,4
2810,0.0234,2,4
2811,0.0234,2,4
2812,0.0234,2,4
2813,0.0234,2,4
2814,0.0234,2,4
2815,0.0234,2,4
2816,0.0234,2,4
2817,0.0234,2,4
2818,0.0234,2,4
2819,0.0234,2,4
2820,0.0234,2,4
2821,0.0234,2,4
2822,0.0234,2,4
2823,0.0234,2,4
2824,0.0234,2,4
2825,0.0234,2,4
2826,0.0234,2,4
2827,0.0234,2,4
2828,0.0234,2,4
2829,0.0234,2,4
2830,0.0234,2,4
2831,0.0234,2,4
2832,0.0234,2,4
2833,0.0234,2,4
2834,0.0234,2,4
2835,0.0234,2,4
2836,0.0234,2,4
2837,0.0234,2,4
2838,0.0234,2,4
2839,0.0234,2,4
2840,0.0234,2,4
2841,0.0234,2,4
2842,0.0234,2,4
2843,0.0234,2,4
2844,0.0234,2,4
2845,0.0234,2,4
2846,0.0234,2,4
2847,0.0234,2,4
2848,0.0234,2,4
2849,0.0234,2,4
2850,0.0234,2,4
2851,0.0234,2,4
2852,0.0234,2,4
2853,0.0234,2,4
2854,0.0234,2,4
2855,0.0234,2,4
2856,0.0234,2,4
2857,0.0234,2,4
2858,0.0234,2,4
2859,0.0234,2,4
2860,0.0234,2,4
2861,0.0234,2,4
2862,0.0234,2,4
2863,0.0234,2,4
2864,0.0234,2,4
2865,0.0234,2,4
2866,0.0234,2,4
2867,0.0234,2,4
2868,0.0234,2,4
2869,0.0234,2,4
2870,0.0234,2,4
2871,0.0234,2,4
2872,0.0234,2,4
2873,0.0234,2,4
2874,0.0234,2,4
2875,0.0234,2,4
2876,0.0234,2,4
2877,0.0234,2,4
2878,0.0234,2,4
2879,0.0234,2,4
2880,0.0234,2,4
2881,0.0234,2,4
2882,0.0234,2,4
2883,0.0234,2,4
2884,0.0234,2,4
2885,0.0234,2,4
2886,0.0234,2,4
2887,0.0234,2,4
2888,0.0234,2,4
2889,0.0234,2,4
2890,0.0234,2,4
2891,0.0234,2,4
2892,0.0234,2,4
2893,0.0234,2,4
2894,0.0234,2,4
2895,0.0234,2,4
2896,0.0234,2,4
2897,0.0234,2,4
2898,0.0234,2,4
2899,0.0234,2,4
2900,0.0234,2,4
2901,0.0234,2,4
2902,0.0234,2,4
2903,0.0234,2,4
2904,0.0234,2,4
2905,0.0234,2,4
2906,0.0234,2,4
2907,0.0234,2,4
2908,0.0234,2,4
2909,0.0234,2,4
2910,0.0234,2,4
2911,0.0234,2,4
2912,0.0234,2,4
2913,0.0234,2,4
2914,0.0234,2,4
2915,0.0234,2,4
2916,0.0234,2,4
2917,0.0234,2,4
2918,0.0234,2,4
2919,0.0234,2,4
2920,0.0234,2,4
2921,0.0234,2,4
2922,0.0234,2,4
2923,0.0234,2,4
2924,0.0234,2,4
2925,0.0234,2,4
2926,0.0234,2,4
2927,0.0234,2,4
2928,0.0234,2,4
2929,0.0234,2,4
2930,0.0234,2,4
2931,0.0234,2,4
2932,0.0234,2,4
2933,0.0234,2,4
2934,0.0234,2,4
2935,0.0234,2,4
2936,0.0234,2,4
2937,0.0234,2,4
2938,0.0234,2,4
2939,0.0234,2,4
2940,0.0234,2,4
2941,0.0234,2,4
2942,0.0234,2,4
2943,0.0234,2,4
2944,0.0234,2,4
2945,0.0234,2,4
2946,0.0234,2,4
2947,0.0234,2,4
2948,0.0234,2,4
2949,0.0234,2,4
2950,0.0234,2,4
2951,0.0234,2,4
2952,0.0234,2,4
2953,0.0234,2,4
2954,0.0234,2,4
2955,0.0234,2,4
2956,0.0234,2,4
2957,0.0234,2,4
2958,0.0234,2,4
2959,0.0234,2,4
2960,0.0234,2,4
2961,0.0234,2,4
2962,0.0234,2,4
2963,0.0234,2,4
2964,0.0234,2,4
2965,0.0234,2,4
2966,0.0234,2,4
2967,0.0234,2,4
2968,0.0234,2,4
2969,0.0234,2,4
2970,0.0234,2,4
2971,0.0234,2,4
2972,0.0234,2,4
2973,0.0234,2,4
2974,0.0234,2,4
2975,0.0234,2,4
2976,0.0234,2,4
2977,0.0234,2,4
2978,0.0234,2,4
2979,0.0234,2,4
2980,0.0234,2,4
2981,0.0234,2,4
2982,0.0234,2,4
2983,0.0234,2,4
2984,0.0234,2,4
2985,0.0234,2,4
2986,0.0234,2,4
2987,0.0234,2,4
2988,0.0234,2,4
2989,0.0234,2,4
2990,0.0234,2,4
2991,0.0234,2,4
2992,0.0234,2,4
2993,0.0234,2,4
2994,0.0234,2,4
2995,0.0234,2,4
2996,0.0234,2,4
2997,0.0234,2,4
2998,0.0234,2,4
2999,0.0234,2,4
3000,0.0234,2,4
