id,foi,country
1,0.0193,7
2,0.0193,7
3,0.0193,7
4,0.0193,7
5,0.0193,7
6,0.0193,7
7,0.0193,7
8,0.0193,7
9,0.0193,7
10,0.0193,7
11,0.0193,7
12,0.0193,7
13,0.0193,7
14,0.0193,7
15,0.0193,7
16,0.0193,7
17,0.0193,7
18,0.0193,7
19,0.0193,7
20,0.0193,7
21,0.0193,7
22,0.0193,7
23,0.0193,7
24,0.0193,7
25,0.0193,7
26,0.0193,7
27,0.0193,7
28,0.0193,7
29,0.0193,7
30,0.0193,7
31,0.0193,7
32,0.0193,7
33,0.0193,7
34,0.0193,7
35,0.0193,7
36,0.0193,7
37,0.0193,7
38,0.0193,7
39,0.0193,7
40,0.0193,7
41,0.0193,7
42,0.0193,7
43,0.0193,7
44,0.0193,7
45,0.0193,7
46,0.0193,7
47,0.0193,7
48,0.0193,7
49,0.0193,7
50,0.0193,7
51,0.0193,7
52,0.0193,7
53,0.0193,7
54,0.0193,7
55,0.0193,7
56,0.0193,7
57,0.0193,7
58,0.0193,7
59,0.0193,7
60,0.0193,7
61,0.0193,7
62,0.0193,7
63,0.0193,7
64,0.0193,7
65,0.0193,7
66,0.0193,7
67,0.0193,7
68,0.0193,7
69,0.0193,7
70,0.0193,7
71,0.0193,7
72,0.0193,7
73,0.0193,7
74,0.0193,7
75,0.0193,7
76,0.0193,7
77,0.0193,7
78,0.0193,7
79,0.0193,7
80,0.0193,7
81,0.0193,7
82,0.0193,7
83,0.0193,7
84,0.0193,7
85,0.0193,7
86,0.0193,7
87,0.0193,7
88,0.0193,7
89,0.0193,7
90,0.0193,7
91,0.0193,7
92,0.0193,7
93,0.0193,7
94,0.0193,7
95,0.0193,7
96,0.0193,7
97,0.0193,7
98,0.0193,7
99,0.0193,7
100,0.0193,7
101,0.0193,7
102,0.0193,7
103,0.0193,7
104,0.0193,7
105,0.0193,7
106,0.0193,7
107,0.0193,7
108,0.0193,7
109,0.0193,7
110,0.0193,7
111,0.0193,7
112,0.0193,7
113,0.0193,7
114,0.0193,7
115,0.0193,7
116,0.0193,7
117,0.0193,7
118,0.0193,7
119,0.0193,7
120,0.0193,7
121,0.0193,7
122,0.0193,7
123,0.0193,7
124,0.0193,7
125,0.0193,7
126,0.0193,7
127,0.0193,7
128,0.0193,7
129,0.0193,7
130,0.0193,7
131,0.0193,7
132,0.0193,7
133,0.0193,7
134,0.0193,7
135,0.0193,7
136,0.0193,7
137,0.0193,7
138,0.0193,7
139,0.0193,7
140,0.0193,7
141,0.0193,7
142,0.0193,7
143,0.0193,7
144,0.0193,7
145,0.0193,7
146,0.0193,7
147,0.0193,7
148,0.0193,7
149,0.0193,7
150,0.0193,7
151,0.0193,7
152,0.0193,7
153,0.0193,7
154,0.0193,7
155,0.0193,7
156,0.0193,7
157,0.0193,7
158,0.0193,7
159,0.0193,7
160,0.0193,7
161,0.0193,7
162,0.0193,7
163,0.0193,7
164,0.0193,7
165,0.0193,7
166,0.0193,7
167,0.0193,7
168,0.0193,7
169,0.0193,7
170,0.0193,7
171,0.0193,7
172,0.0193,7
173,0.0193,7
174,0.0193,7
175,0.0193,7
176,0.0193,7
177,0.0193,7
178,0.0193,7
179,0.0193,7
180,0.0193,7
181,0.0193,7
182,0.0193,7
183,0.0193,7
184,0.0193,7
185,0.0193,7
186,0.0193,7
187,0.0193,7
188,0.0193,7
189,0.0193,7
190,0.0193,7
191,0.0193,7
192,0.0193,7
193,0.0193,7
194,0.0193,7
195,0.0193,7
196,0.0193,7
197,0.0193,7
198,0.0193,7
199,0.0193,7
200,0.0193,7
201,0.0193,7
202,0.0193,7
203,0.0193,7
204,0.0193,7
205,0.0193,7
206,0.0193,7
207,0.0193,7
208,0.0193,7
209,0.0193,7
210,0.0193,7
211,0.0193,7
212,0.0193,7
213,0.0193,7
214,0.0193,7
215,0.0193,7
216,0.0193,7
217,0.0193,7
218,0.0193,7
219,0.0193,7
220,0.0193,7
221,0.0193,7
222,0.0193,7
223,0.0193,7
224,0.0193,7
225,0.0193,7
226,0.0193,7
227,0.0193,7
228,0.0193,7
229,0.0193,7
230,0.0193,7
231,0.0193,7
232,0.0193,7
233,0.0193,7
234,0.0193,7
235,0.0193,7
236,0.0193,7
237,0.0193,7
238,0.0193,7
239,0.0193,7
240,0.0193,7
241,0.0193,7
242,0.0193,7
243,0.0193,7
244,0.0193,7
245,0.0193,7
246,0.0193,7
247,0.0193,7
248,0.0193,7
249,0.0193,7
250,0.0193,7
251,0.0193,7
252,0.0193,7
253,0.0193,7
254,0.0193,7
255,0.0193,7
256,0.0193,7
257,0.0193,7
258,0.0193,7
259,0.0193,7
260,0.0193,7
261,0.0193,7
262,0.0193,7
263,0.0193,7
264,0.0193,7
265,0.0193,7
266,0.0193,7
267,0.0193,7
268,0.0193,7
269,0.0193,7
270,0.0193,7
271,0.0193,7
272,0.0193,7
273,0.0193,7
274,0.0193,7
275,0.0193,7
276,0.0193,7
277,0.0193,7
278,0.0193,7
279,0.0193,7
280,0.0193,7
281,0.0193,7
282,0.0193,7
283,0.0193,7
284,0.0193,7
285,0.0193,7
286,0.0193,7
287,0.0193,7
288,0.0193,7
289,0.0193,7
290,0.0193,7
291,0.0193,7
292,0.0193,7
293,0.0193,7
294,0.0193,7
295,0.0193,7
296,0.0193,7
297,0.0193,7
298,0.0193,7
299,0.0193,7
300,0.0193,7
301,0.0193,7
302,0.0193,7
303,0.0193,7
304,0.0193,7
305,0.0193,7
306,0.0193,7
307,0.0193,7
308,0.0193,7
309,0.0193,7
310,0.0193,7
311,0.0193,7
312,0.0193,7
313,0.0193,7
314,0.0193,7
315,0.0193,7
316,0.0193,7
317,0.0193,7
318,0.0193,7
319,0.0193,7
320,0.0193,7
321,0.0193,7
322,0.0193,7
323,0.0193,7
324,0.0193,7
325,0.0193,7
326,0.0193,7
327,0.0193,7
328,0.0193,7
329,0.0193,7
330,0.0193,7
331,0.0193,7
332,0.0193,7
333,0.0193,7
334,0.0193,7
335,0.0193,7
336,0.0193,7
337,0.0193,7
338,0.0193,7
339,0.0193,7
340,0.0193,7
341,0.0193,7
342,0.0193,7
343,0.0193,7
344,0.0193,7
345,0.0193,7
346,0.0193,7
347,0.0193,7
348,0.0193,7
349,0.0193,7
350,0.0193,7
351,0.0193,7
352,0.0193,7
353,0.0193,7
354,0.0193,7
355,0.0193,7
356,0.0193,7
357,0.0193,7
358,0.0193,7
359,0.0193,7
360,0.0193,7
361,0.0193,7
362,0.0193,7
363,0.0193,7
364,0.0193,7
365,0.0193,7
366,0.0193,7
367,0.0193,7
368,0.0193,7
369,0.0193,7
370,0.0193,7
371,0.0193,7
372,0.0193,7
373,0.0193,7
374,0.0193,7
375,0.0193,7
376,0.0193,7
377,0.0193,7
378,0.0193,7
379,0.0193,7
380,0.0193,7
381,0.0193,7
382,0.0193,7
383,0.0193,7
384,0.0193,7
385,0.0193,7
386,0.0193,7
387,0.0193,7
388,0.0193,7
389,0.0193,7
390,0.0193,7
391,0.0193,7
392,0.0193,7
393,0.0193,7
394,0.0193,7
395,0.0193,7
396,0.0193,7
397,0.0193,7
398,0.0193,7
399,0.0193,7
400,0.0193,7
401,0.0193,7
402,0.0193,7
403,0.0193,7
404,0.0193,7
405,0.0193,7
406,0.0193,7
407,0.0193,7
408,0.0193,7
409,0.0193,7
410,0.0193,7
411,0.0193,7
412,0.0193,7
413,0.0193,7
414,0.0193,7
415,0.0193,7
416,0.0193,7
417,0.0193,7
418,0.0193,7
419,0.0193,7
420,0.0193,7
421,0.0193,7
422,0.0193,7
423,0.0193,7
424,0.0193,7
425,0.0193,7
426,0.0193,7
427,0.0193,7
428,0.0193,7
429,0.0193,7
430,0.0193,7
431,0.0193,7
432,0.0193,7
433,0.0193,7
434,0.0193,7
435,0.0193,7
436,0.0193,7
437,0.0193,7
438,0.0193,7
439,0.0193,7
440,0.0193,7
441,0.0193,7
442,0.0193,7
443,0.0193,7
444,0.0193,7
445,0.0193,7
446,0.0193,7
447,0.0193,7
448,0.0193,7
449,0.0193,7
450,0.0193,7
451,0.0193,7
452,0.0193,7
453,0.0193,7
454,0.0193,7
455,0.0193,7
456,0.0193,7
457,0.0193,7
458,0.0193,7
459,0.0193,7
460,0.0193,7
461,0.0193,7
462,0.0193,7
463,0.0193,7
464,0.0193,7
465,0.0193,7
466,0.0193,7
467,0.0193,7
468,0.0193,7
469,0.0193,7
470,0.0193,7
471,0.0193,7
472,0.0193,7
473,0.0193,7
474,0.0193,7
475,0.0193,7
476,0.0193,7
477,0.0193,7
478,0.0193,7
479,0.0193,7
480,0.0193,7
481,0.0193,7
482,0.0193,7
483,0.0193,7
484,0.0193,7
485,0.0193,7
486,0.0193,7
487,0.0193,7
488,0.0193,7
489,0.0193,7
490,0.0193,7
491,0.0193,7
492,0.0193,7
493,0.0193,7
494,0.0193,7
495,0.0193,7
496,0.0193,7
497,0.0193,7
498,0.0193,7
499,0.0193,7
500,0.0193,7
501,0.0193,7
502,0.0193,7
503,0.0193,7
504,0.0193,7
505,0.0193,7
506,0.0193,7
507,0.0193,7
508,0.0193,7
509,0.0193,7
510,0.0193,7
511,0.0193,7
512,0.0193,7
513,0.0193,7
514,0.0193,7
515,0.0193,7
516,0.0193,7
517,0.0193,7
518,0.0193,7
519,0.0193,7
520,0.0193,7
521,0.0193,7
522,0.0193,7
523,0.0193,7
524,0.0193,7
525,0.0193,7
526,0.0193,7
527,0.0193,7
528,0.0193,7
529,0.0193,7
530,0.0193,7
531,0.0193,7
532,0.0193,7
533,0.0193,7
534,0.0193,7
535,0.0193,7
536,0.0193,7
537,0.0193,7
538,0.0193,7
539,0.0193,7
540,0.0193,7
541,0.0193,7
542,0.0193,7
543,0.0193,7
544,0.0193,7
545,0.0193,7
546,0.0193,7
547,0.0193,7
548,0.0193,7
549,0.0193,7
550,0.0193,7
551,0.0193,7
552,0.0193,7
553,0.0193,7
554,0.0193,7
555,0.0193,7
556,0.0193,7
557,0.0193,7
558,0.0193,7
559,0.0193,7
560,0.0193,7
561,0.0193,7
562,0.0193,7
563,0.0193,7
564,0.0193,7
565,0.0193,7
566,0.0193,7
567,0.0193,7
568,0.0193,7
569,0.0193,7
570,0.0193,7
571,0.0193,7
572,0.0193,7
573,0.0193,7
574,0.0193,7
575,0.0193,7
576,0.0193,7
577,0.0193,7
578,0.0193,7
579,0.0193,7
580,0.0193,7
581,0.0193,7
582,0.0193,7
583,0.0193,7
584,0.0193,7
585,0.0193,7
586,0.0193,7
587,0.0193,7
588,0.0193,7
589,0.0193,7
590,0.0193,7
591,0.0193,7
592,0.0193,7
593,0.0193,7
594,0.0193,7
595,0.0193,7
596,0.0193,7
597,0.0193,7
598,0.0193,7
599,0.0193,7
600,0.0193,7
601,0.0193,7
602,0.0193,7
603,0.0193,7
604,0.0193,7
605,0.0193,7
606,0.0193,7
607,0.0193,7
608,0.0193,7
609,0.0193,7
610,0.0193,7
611,0.0193,7
612,0.0193,7
613,0.0193,7
614,0.0193,7
615,0.0193,7
616,0.0193,7
617,0.0193,7
618,0.0193,7
619,0.0193,7
620,0.0193,7
621,0.0193,7
622,0.0193,7
623,0.0193,7
624,0.0193,7
625,0.0193,7
626,0.0193,7
627,0.0193,7
628,0.0193,7
629,0.0193,7
630,0.0193,7
631,0.0193,7
632,0.0193,7
633,0.0193,7
634,0.0193,7
635,0.0193,7
636,0.0193,7
637,0.0193,7
638,0.0193,7
639,0.0193,7
640,0.0193,7
641,0.0193,7
642,0.0193,7
643,0.0193,7
644,0.0193,7
645,0.0193,7
646,0.0193,7
647,0.0193,7
648,0.0193,7
649,0.0193,7
650,0.0193,7
651,0.0193,7
652,0.0193,7
653,0.0193,7
654,0.0193,7
655,0.0193,7
656,0.0193,7
657,0.0193,7
658,0.0193,7
659,0.0193,7
660,0.0193,7
661,0.0193,7
662,0.0193,7
663,0.0193,7
664,0.0193,7
665,0.0193,7
666,0.0193,7
667,0.0193,7
668,0.0193,7
669,0.0193,7
670,0.0193,7
671,0.0193,7
672,0.0193,7
673,0.0193,7
674,0.0193,7
675,0.0193,7
676,0.0193,7
677,0.0193,7
678,0.0193,7
679,0.0193,7
680,0.0193,7
681,0.0193,7
682,0.0193,7
683,0.0193,7
684,0.0193,7
685,0.0193,7
686,0.0193,7
687,0.0193,7
688,0.0193,7
689,0.0193,7
690,0.0193,7
691,0.0193,7
692,0.0193,7
693,0.0193,7
694,0.0193,7
695,0.0193,7
696,0.0193,7
697,0.0193,7
698,0.0193,7
699,0.0193,7
700,0.0193,7
701,0.0193,7
702,0.0193,7
703,0.0193,7
704,0.0193,7
705,0.0193,7
706,0.0193,7
707,0.0193,7
708,0.0193,7
709,0.0193,7
710,0.0193,7
711,0.0193,7
712,0.0193,7
713,0.0193,7
714,0.0193,7
715,0.0193,7
716,0.0193,7
717,0.0193,7
718,0.0193,7
719,0.0193,7
720,0.0193,7
721,0.0193,7
722,0.0193,7
723,0.0193,7
724,0.0193,7
725,0.0193,7
726,0.0193,7
727,0.0193,7
728,0.0193,7
729,0.0193,7
730,0.0193,7
731,0.0193,7
732,0.0193,7
733,0.0193,7
734,0.0193,7
735,0.0193,7
736,0.0193,7
737,0.0193,7
738,0.0193,7
739,0.0193,7
740,0.0193,7
741,0.0193,7
742,0.0193,7
743,0.0193,7
744,0.0193,7
745,0.0193,7
746,0.0193,7
747,0.0193,7
748,0.0193,7
749,0.0193,7
750,0.0193,7
751,0.0193,7
752,0.0193,7
753,0.0193,7
754,0.0193,7
755,0.0193,7
756,0.0193,7
757,0.0193,7
758,0.0193,7
759,0.0193,7
760,0.0193,7
761,0.0193,7
762,0.0193,7
763,0.0193,7
764,0.0193,7
765,0.0193,7
766,0.0193,7
767,0.0193,7
768,0.0193,7
769,0.0193,7
770,0.0193,7
771,0.0193,7
772,0.0193,7
773,0.0193,7
774,0.0193,7
775,0.0193,7
776,0.0193,7
777,0.0193,7
778,0.0193,7
779,0.0193,7
780,0.0193,7
781,0.0193,7
782,0.0193,7
783,0.0193,7
784,0.0193,7
785,0.0193,7
786,0.0193,7
787,0.0193,7
788,0.0193,7
789,0.0193,7
790,0.0193,7
791,0.0193,7
792,0.0193,7
793,0.0193,7
794,0.0193,7
795,0.0193,7
796,0.0193,7
797,0.0193,7
798,0.0193,7
799,0.0193,7
800,0.0193,7
801,0.0193,7
802,0.0193,7
803,0.0193,7
804,0.0193,7
805,0.0193,7
806,0.0193,7
807,0.0193,7
808,0.0193,7
809,0.0193,7
810,0.0193,7
811,0.0193,7
812,0.0193,7
813,0.0193,7
814,0.0193,7
815,0.0193,7
816,0.0193,7
817,0.0193,7
818,0.0193,7
819,0.0193,7
820,0.0193,7
821,0.0193,7
822,0.0193,7
823,0.0193,7
824,0.0193,7
825,0.0193,7
826,0.0193,7
827,0.0193,7
828,0.0193,7
829,0.0193,7
830,0.0193,7
831,0.0193,7
832,0.0193,7
833,0.0193,7
834,0.0193,7
835,0.0193,7
836,0.0193,7
837,0.0193,7
838,0.0193,7
839,0.0193,7
840,0.0193,7
841,0.0193,7
842,0.0193,7
843,0.0193,7
844,0.0193,7
845,0.0193,7
846,0.0193,7
847,0.0193,7
848,0.0193,7
849,0.0193,7
850,0.0193,7
851,0.0193,7
852,0.0193,7
853,0.0193,7
854,0.0193,7
855,0.0193,7
856,0.0193,7
857,0.0193,7
858,0.0193,7
859,0.0193,7
860,0.0193,7
861,0.0193,7
862,0.0193,7
863,0.0193,7
864,0.0193,7
865,0.0193,7
866,0.0193,7
867,0.0193,7
868,0.0193,7
869,0.0193,7
870,0.0193,7
871,0.0193,7
872,0.0193,7
873,0.0193,7
874,0.0193,7
875,0.0193,7
876,0.0193,7
877,0.0193,7
878,0.0193,7
879,0.0193,7
880,0.0193,7
881,0.0193,7
882,0.0193,7
883,0.0193,7
884,0.0193,7
885,0.0193,7
886,0.0193,7
887,0.0193,7
888,0.0193,7
889,0.0193,7
890,0.0193,7
891,0.0193,7
892,0.0193,7
893,0.0193,7
894,0.0193,7
895,0.0193,7
896,0.0193,7
897,0.0193,7
898,0.0193,7
899,0.0193,7
900,0.0193,7
901,0.0193,7
902,0.0193,7
903,0.0193,7
904,0.0193,7
905,0.0193,7
906,0.0193,7
907,0.0193,7
908,0.0193,7
909,0.0193,7
910,0.0193,7
911,0.0193,7
912,0.0193,7
913,0.0193,7
914,0.0193,7
915,0.0193,7
916,0.0193,7
917,0.0193,7
918,0.0193,7
919,0.0193,7
920,0.0193,7
921,0.0193,7
922,0.0193,7
923,0.0193,7
924,0.0193,7
925,0.0193,7
926,0.0193,7
927,0.0193,7
928,0.0193,7
929,0.0193,7
930,0.0193,7
931,0.0193,7
932,0.0193,7
933,0.0193,7
934,0.0193,7
935,0.0193,7
936,0.0193,7
937,0.0193,7
938,0.0193,7
939,0.0193,7
940,0.0193,7
941,0.0193,7
942,0.0193,7
943,0.0193,7
944,0.0193,7
945,0.0193,7
946,0.0193,7
947,0.0193,7
948,0.0193,7
949,0.0193,7
950,0.0193,7
951,0.0193,7
952,0.0193,7
953,0.0193,7
954,0.0193,7
955,0.0193,7
956,0.0193,7
957,0.0193,7
958,0.0193,7
959,0.0193,7
960,0.0193,7
961,0.0193,7
962,0.0193,7
963,0.0193,7
964,0.0193,7
965,0.0193,7
966,0.0193,7
967,0.0193,7
968,0.0193,7
969,0.0193,7
970,0.0193,7
971,0.0193,7
972,0.0193,7
973,0.0193,7
974,0.0193,7
975,0.0193,7
976,0.0193,7
977,0.0193,7
978,0.0193,7
979,0.0193,7
980,0.0193,7
981,0.0193,7
982,0.0193,7
983,0.0193,7
984,0.0193,7
985,0.0193,7
986,0.0193,7
987,0.0193,7
988,0.0193,7
989,0.0193,7
990,0.0193,7
991,0.0193,7
992,0.0193,7
993,0.0193,7
994,0.0193,7
995,0.0193,7
996,0.0193,7
997,0.0193,7
998,0.0193,7
999,0.0193,7
1000,0.0193,7
1001,0.0193,7
1002,0.0193,7
1003,0.0193,7
1004,0.0193,7
1005,0.0193,7
1006,0.0193,7
1007,0.0193,7
1008,0.0193,7
1009,0.0193,7
1010,0.0193,7
1011,0.0193,7
1012,0.0193,7
1013,0.0193,7
1014,0.0193,7
1015,0.0193,7
1016,0.0193,7
1017,0.0193,7
1018,0.0193,7
1019,0.0193,7
1020,0.0193,7
1021,0.0193,7
1022,0.0193,7
1023,0.0193,7
1024,0.0193,7
1025,0.0193,7
1026,0.0193,7
1027,0.0193,7
1028,0.0193,7
1029,0.0193,7
1030,0.0193,7
1031,0.0193,7
1032,0.0193,7
1033,0.0193,7
1034,0.0193,7
1035,0.0193,7
1036,0.0193,7
1037,0.0193,7
1038,0.0193,7
1039,0.0193,7
1040,0.0193,7
1041,0.0193,7
1042,0.0193,7
1043,0.0193,7
1044,0.0193,7
1045,0.0193,7
1046,0.0193,7
1047,0.0193,7
1048,0.0193,7
1049,0.0193,7
1050,0.0193,7
1051,0.0193,7
1052,0.0193,7
1053,0.0193,7
1054,0.0193,7
1055,0.0193,7
1056,0.0193,7
1057,0.0193,7
1058,0.0193,7
1059,0.0193,7
1060,0.0193,7
1061,0.0193,7
1062,0.0193,7
1063,0.0193,7
1064,0.0193,7
1065,0.0193,7
1066,0.0193,7
1067,0.0193,7
1068,0.0193,7
1069,0.0193,7
1070,0.0193,7
1071,0.0193,7
1072,0.0193,7
1073,0.0193,7
1074,0.0193,7
1075,0.0193,7
1076,0.0193,7
1077,0.0193,7
1078,0.0193,7
1079,0.0193,7
1080,0.0193,7
1081,0.0193,7
1082,0.0193,7
1083,0.0193,7
1084,0.0193,7
1085,0.0193,7
1086,0.0193,7
1087,0.0193,7
1088,0.0193,7
1089,0.0193,7
1090,0.0193,7
1091,0.0193,7
1092,0.0193,7
1093,0.0193,7
1094,0.0193,7
1095,0.0193,7
1096,0.0193,7
1097,0.0193,7
1098,0.0193,7
1099,0.0193,7
1100,0.0193,7
1101,0.0193,7
1102,0.0193,7
1103,0.0193,7
1104,0.0193,7
1105,0.0193,7
1106,0.0193,7
1107,0.0193,7
1108,0.0193,7
1109,0.0193,7
1110,0.0193,7
1111,0.0193,7
1112,0.0193,7
1113,0.0193,7
1114,0.0193,7
1115,0.0193,7
1116,0.0193,7
1117,0.0193,7
1118,0.0193,7
1119,0.0193,7
1120,0.0193,7
1121,0.0193,7
1122,0.0193,7
1123,0.0193,7
1124,0.0193,7
1125,0.0193,7
1126,0.0193,7
1127,0.0193,7
1128,0.0193,7
1129,0.0193,7
1130,0.0193,7
1131,0.0193,7
1132,0.0193,7
1133,0.0193,7
1134,0.0193,7
1135,0.0193,7
1136,0.0193,7
1137,0.0193,7
1138,0.0193,7
1139,0.0193,7
1140,0.0193,7
1141,0.0193,7
1142,0.0193,7
1143,0.0193,7
1144,0.0193,7
1145,0.0193,7
1146,0.0193,7
1147,0.0193,7
1148,0.0193,7
1149,0.0193,7
1150,0.0193,7
1151,0.0193,7
1152,0.0193,7
1153,0.0193,7
1154,0.0193,7
1155,0.0193,7
1156,0.0193,7
1157,0.0193,7
1158,0.0193,7
1159,0.0193,7
1160,0.0193,7
1161,0.0193,7
1162,0.0193,7
1163,0.0193,7
1164,0.0193,7
1165,0.0193,7
1166,0.0193,7
1167,0.0193,7
1168,0.0193,7
1169,0.0193,7
1170,0.0193,7
1171,0.0193,7
1172,0.0193,7
1173,0.0193,7
1174,0.0193,7
1175,0.0193,7
1176,0.0193,7
1177,0.0193,7
1178,0.0193,7
1179,0.0193,7
1180,0.0193,7
1181,0.0193,7
1182,0.0193,7
1183,0.0193,7
1184,0.0193,7
1185,0.0193,7
1186,0.0193,7
1187,0.0193,7
1188,0.0193,7
1189,0.0193,7
1190,0.0193,7
1191,0.0193,7
1192,0.0193,7
1193,0.0193,7
1194,0.0193,7
1195,0.0193,7
1196,0.0193,7
1197,0.0193,7
1198,0.0193,7
1199,0.0193,7
1200,0.0193,7
1201,0.0193,7
1202,0.0193,7
1203,0.0193,7
1204,0.0193,7
1205,0.0193,7
1206,0.0193,7
1207,0.0193,7
1208,0.0193,7
1209,0.0193,7
1210,0.0193,7
1211,0.0193,7
1212,0.0193,7
1213,0.0193,7
1214,0.0193,7
1215,0.0193,7
1216,0.0193,7
1217,0.0193,7
1218,0.0193,7
1219,0.0193,7
1220,0.0193,7
1221,0.0193,7
1222,0.0193,7
1223,0.0193,7
1224,0.0193,7
1225,0.0193,7
1226,0.0193,7
1227,0.0193,7
1228,0.0193,7
1229,0.0193,7
1230,0.0193,7
1231,0.0193,7
1232,0.0193,7
1233,0.0193,7
1234,0.0193,7
1235,0.0193,7
1236,0.0193,7
1237,0.0193,7
1238,0.0193,7
1239,0.0193,7
1240,0.0193,7
1241,0.0193,7
1242,0.0193,7
1243,0.0193,7
1244,0.0193,7
1245,0.0193,7
1246,0.0193,7
1247,0.0193,7
1248,0.0193,7
1249,0.0193,7
1250,0.0193,7
1251,0.0193,7
1252,0.0193,7
1253,0.0193,7
1254,0.0193,7
1255,0.0193,7
1256,0.0193,7
1257,0.0193,7
1258,0.0193,7
1259,0.0193,7
1260,0.0193,7
1261,0.0193,7
1262,0.0193,7
1263,0.0193,7
1264,0.0193,7
1265,0.0193,7
1266,0.0193,7
1267,0.0193,7
1268,0.0193,7
1269,0.0193,7
1270,0.0193,7
1271,0.0193,7
1272,0.0193,7
1273,0.0193,7
1274,0.0193,7
1275,0.0193,7
1276,0.0193,7
1277,0.0193,7
1278,0.0193,7
1279,0.0193,7
1280,0.0193,7
1281,0.0193,7
1282,0.0193,7
1283,0.0193,7
1284,0.0193,7
1285,0.0193,7
1286,0.0193,7
1287,0.0193,7
1288,0.0193,7
1289,0.0193,7
1290,0.0193,7
1291,0.0193,7
1292,0.0193,7
1293,0.0193,7
1294,0.0193,7
1295,0.0193,7
1296,0.0193,7
1297,0.0193,7
1298,0.0193,7
1299,0.0193,7
1300,0.0193,7
1301,0.0193,7
1302,0.0193,7
1303,0.0193,7
1304,0.0193,7
1305,0.0193,7
1306,0.0193,7
1307,0.0193,7
1308,0.0193,7
1309,0.0193,7
1310,0.0193,7
1311,0.0193,7
1312,0.0193,7
1313,0.0193,7
1314,0.0193,7
1315,0.0193,7
1316,0.0193,7
1317,0.0193,7
1318,0.0193,7
1319,0.0193,7
1320,0.0193,7
1321,0.0193,7
1322,0.0193,7
1323,0.0193,7
1324,0.0193,7
1325,0.0193,7
1326,0.0193,7
1327,0.0193,7
1328,0.0193,7
1329,0.0193,7
1330,0.0193,7
1331,0.0193,7
1332,0.0193,7
1333,0.0193,7
1334,0.0193,7
1335,0.0193,7
1336,0.0193,7
1337,0.0193,7
1338,0.0193,7
1339,0.0193,7
1340,0.0193,7
1341,0.0193,7
1342,0.0193,7
1343,0.0193,7
1344,0.0193,7
1345,0.0193,7
1346,0.0193,7
1347,0.0193,7
1348,0.0193,7
1349,0.0193,7
1350,0.0193,7
1351,0.0193,7
1352,0.0193,7
1353,0.0193,7
1354,0.0193,7
1355,0.0193,7
1356,0.0193,7
1357,0.0193,7
1358,0.0193,7
1359,0.0193,7
1360,0.0193,7
1361,0.0193,7
1362,0.0193,7
1363,0.0193,7
1364,0.0193,7
1365,0.0193,7
1366,0.0193,7
1367,0.0193,7
1368,0.0193,7
1369,0.0193,7
1370,0.0193,7
1371,0.0193,7
1372,0.0193,7
1373,0.0193,7
1374,0.0193,7
1375,0.0193,7
1376,0.0193,7
1377,0.0193,7
1378,0.0193,7
1379,0.0193,7
1380,0.0193,7
1381,0.0193,7
1382,0.0193,7
1383,0.0193,7
1384,0.0193,7
1385,0.0193,7
1386,0.0193,7
1387,0.0193,7
1388,0.0193,7
1389,0.0193,7
1390,0.0193,7
1391,0.0193,7
1392,0.0193,7
1393,0.0193,7
1394,0.0193,7
1395,0.0193,7
1396,0.0193,7
1397,0.0193,7
1398,0.0193,7
1399,0.0193,7
1400,0.0193,7
1401,0.0193,7
1402,0.0193,7
1403,0.0193,7
1404,0.0193,7
1405,0.0193,7
1406,0.0193,7
1407,0.0193,7
1408,0.0193,7
1409,0.0193,7
1410,0.0193,7
1411,0.0193,7
1412,0.0193,7
1413,0.0193,7
1414,0.0193,7
1415,0.0193,7
1416,0.0193,7
1417,0.0193,7
1418,0.0193,7
1419,0.0193,7
1420,0.0193,7
1421,0.0193,7
1422,0.0193,7
1423,0.0193,7
1424,0.0193,7
1425,0.0193,7
1426,0.0193,7
1427,0.0193,7
1428,0.0193,7
1429,0.0193,7
1430,0.0193,7
1431,0.0193,7
1432,0.0193,7
1433,0.0193,7
1434,0.0193,7
1435,0.0193,7
1436,0.0193,7
1437,0.0193,7
1438,0.0193,7
1439,0.0193,7
1440,0.0193,7
1441,0.0193,7
1442,0.0193,7
1443,0.0193,7
1444,0.0193,7
1445,0.0193,7
1446,0.0193,7
1447,0.0193,7
1448,0.0193,7
1449,0.0193,7
1450,0.0193,7
1451,0.0193,7
1452,0.0193,7
1453,0.0193,7
1454,0.0193,7
1455,0.0193,7
1456,0.0193,7
1457,0.0193,7
1458,0.0193,7
1459,0.0193,7
1460,0.0193,7
1461,0.0193,7
1462,0.0193,7
1463,0.0193,7
1464,0.0193,7
1465,0.0193,7
1466,0.0193,7
1467,0.0193,7
1468,0.0193,7
1469,0.0193,7
1470,0.0193,7
1471,0.0193,7
1472,0.0193,7
1473,0.0193,7
1474,0.0193,7
1475,0.0193,7
1476,0.0193,7
1477,0.0193,7
1478,0.0193,7
1479,0.0193,7
1480,0.0193,7
1481,0.0193,7
1482,0.0193,7
1483,0.0193,7
1484,0.0193,7
1485,0.0193,7
1486,0.0193,7
1487,0.0193,7
1488,0.0193,7
1489,0.0193,7
1490,0.0193,7
1491,0.0193,7
1492,0.0193,7
1493,0.0193,7
1494,0.0193,7
1495,0.0193,7
1496,0.0193,7
1497,0.0193,7
1498,0.0193,7
1499,0.0193,7
1500,0.0193,7
1501,0.0193,7
1502,0.0193,7
1503,0.0193,7
1504,0.0193,7
1505,0.0193,7
1506,0.0193,7
1507,0.0193,7
1508,0.0193,7
1509,0.0193,7
1510,0.0193,7
1511,0.0193,7
1512,0.0193,7
1513,0.0193,7
1514,0.0193,7
1515,0.0193,7
1516,0.0193,7
1517,0.0193,7
1518,0.0193,7
1519,0.0193,7
1520,0.0193,7
1521,0.0193,7
1522,0.0193,7
1523,0.0193,7
1524,0.0193,7
1525,0.0193,7
1526,0.0193,7
1527,0.0193,7
1528,0.0193,7
1529,0.0193,7
1530,0.0193,7
1531,0.0193,7
1532,0.0193,7
1533,0.0193,7
1534,0.0193,7
1535,0.0193,7
1536,0.0193,7
1537,0.0193,7
1538,0.0193,7
1539,0.0193,7
1540,0.0193,7
1541,0.0193,7
1542,0.0193,7
1543,0.0193,7
1544,0.0193,7
1545,0.0193,7
1546,0.0193,7
1547,0.0193,7
1548,0.0193,7
1549,0.0193,7
1550,0.0193,7
1551,0.0193,7
1552,0.0193,7
1553,0.0193,7
1554,0.0193,7
1555,0.0193,7
1556,0.0193,7
1557,0.0193,7
1558,0.0193,7
1559,0.0193,7
1560,0.0193,7
1561,0.0193,7
1562,0.0193,7
1563,0.0193,7
1564,0.0193,7
1565,0.0193,7
1566,0.0193,7
1567,0.0193,7
1568,0.0193,7
1569,0.0193,7
1570,0.0193,7
1571,0.0193,7
1572,0.0193,7
1573,0.0193,7
1574,0.0193,7
1575,0.0193,7
1576,0.0193,7
1577,0.0193,7
1578,0.0193,7
1579,0.0193,7
1580,0.0193,7
1581,0.0193,7
1582,0.0193,7
1583,0.0193,7
1584,0.0193,7
1585,0.0193,7
1586,0.0193,7
1587,0.0193,7
1588,0.0193,7
1589,0.0193,7
1590,0.0193,7
1591,0.0193,7
1592,0.0193,7
1593,0.0193,7
1594,0.0193,7
1595,0.0193,7
1596,0.0193,7
1597,0.0193,7
1598,0.0193,7
1599,0.0193,7
1600,0.0193,7
1601,0.0193,7
1602,0.0193,7
1603,0.0193,7
1604,0.0193,7
1605,0.0193,7
1606,0.0193,7
1607,0.0193,7
1608,0.0193,7
1609,0.0193,7
1610,0.0193,7
1611,0.0193,7
1612,0.0193,7
1613,0.0193,7
1614,0.0193,7
1615,0.0193,7
1616,0.0193,7
1617,0.0193,7
1618,0.0193,7
1619,0.0193,7
1620,0.0193,7
1621,0.0193,7
1622,0.0193,7
1623,0.0193,7
1624,0.0193,7
1625,0.0193,7
1626,0.0193,7
1627,0.0193,7
1628,0.0193,7
1629,0.0193,7
1630,0.0193,7
1631,0.0193,7
1632,0.0193,7
1633,0.0193,7
1634,0.0193,7
1635,0.0193,7
1636,0.0193,7
1637,0.0193,7
1638,0.0193,7
1639,0.0193,7
1640,0.0193,7
1641,0.0193,7
1642,0.0193,7
1643,0.0193,7
1644,0.0193,7
1645,0.0193,7
1646,0.0193,7
1647,0.0193,7
1648,0.0193,7
1649,0.0193,7
1650,0.0193,7
1651,0.0193,7
1652,0.0193,7
1653,0.0193,7
1654,0.0193,7
1655,0.0193,7
1656,0.0193,7
1657,0.0193,7
1658,0.0193,7
1659,0.0193,7
1660,0.0193,7
1661,0.0193,7
1662,0.0193,7
1663,0.0193,7
1664,0.0193,7
1665,0.0193,7
1666,0.0193,7
1667,0.0193,7
1668,0.0193,7
1669,0.0193,7
1670,0.0193,7
1671,0.0193,7
1672,0.0193,7
1673,0.0193,7
1674,0.0193,7
1675,0.0193,7
1676,0.0193,7
1677,0.0193,7
1678,0.0193,7
1679,0.0193,7
1680,0.0193,7
1681,0.0193,7
1682,0.0193,7
1683,0.0193,7
1684,0.0193,7
1685,0.0193,7
1686,0.0193,7
1687,0.0193,7
1688,0.0193,7
1689,0.0193,7
1690,0.0193,7
1691,0.0193,7
1692,0.0193,7
1693,0.0193,7
1694,0.0193,7
1695,0.0193,7
1696,0.0193,7
1697,0.0193,7
1698,0.0193,7
1699,0.0193,7
1700,0.0193,7
1701,0.0193,7
1702,0.0193,7
1703,0.0193,7
1704,0.0193,7
1705,0.0193,7
1706,0.0193,7
1707,0.0193,7
1708,0.0193,7
1709,0.0193,7
1710,0.0193,7
1711,0.0193,7
1712,0.0193,7
1713,0.0193,7
1714,0.0193,7
1715,0.0193,7
1716,0.0193,7
1717,0.0193,7
1718,0.0193,7
1719,0.0193,7
1720,0.0193,7
1721,0.0193,7
1722,0.0193,7
1723,0.0193,7
1724,0.0193,7
1725,0.0193,7
1726,0.0193,7
1727,0.0193,7
1728,0.0193,7
1729,0.0193,7
1730,0.0193,7
1731,0.0193,7
1732,0.0193,7
1733,0.0193,7
1734,0.0193,7
1735,0.0193,7
1736,0.0193,7
1737,0.0193,7
1738,0.0193,7
1739,0.0193,7
1740,0.0193,7
1741,0.0193,7
1742,0.0193,7
1743,0.0193,7
1744,0.0193,7
1745,0.0193,7
1746,0.0193,7
1747,0.0193,7
1748,0.0193,7
1749,0.0193,7
1750,0.0193,7
1751,0.0193,7
1752,0.0193,7
1753,0.0193,7
1754,0.0193,7
1755,0.0193,7
1756,0.0193,7
1757,0.0193,7
1758,0.0193,7
1759,0.0193,7
1760,0.0193,7
1761,0.0193,7
1762,0.0193,7
1763,0.0193,7
1764,0.0193,7
1765,0.0193,7
1766,0.0193,7
1767,0.0193,7
1768,0.0193,7
1769,0.0193,7
1770,0.0193,7
1771,0.0193,7
1772,0.0193,7
1773,0.0193,7
1774,0.0193,7
1775,0.0193,7
1776,0.0193,7
1777,0.0193,7
1778,0.0193,7
1779,0.0193,7
1780,0.0193,7
1781,0.0193,7
1782,0.0193,7
1783,0.0193,7
1784,0.0193,7
1785,0.0193,7
1786,0.0193,7
1787,0.0193,7
1788,0.0193,7
1789,0.0193,7
1790,0.0193,7
1791,0.0193,7
1792,0.0193,7
1793,0.0193,7
1794,0.0193,7
1795,0.0193,7
1796,0.0193,7
1797,0.0193,7
1798,0.0193,7
1799,0.0193,7
1800,0.0193,7
1801,0.0193,7
1802,0.0193,7
1803,0.0193,7
1804,0.0193,7
1805,0.0193,7
1806,0.0193,7
1807,0.0193,7
1808,0.0193,7
1809,0.0193,7
1810,0.0193,7
1811,0.0193,7
1812,0.0193,7
1813,0.0193,7
1814,0.0193,7
1815,0.0193,7
1816,0.0193,7
1817,0.0193,7
1818,0.0193,7
1819,0.0193,7
1820,0.0193,7
1821,0.0193,7
1822,0.0193,7
1823,0.0193,7
1824,0.0193,7
1825,0.0193,7
1826,0.0193,7
1827,0.0193,7
1828,0.0193,7
1829,0.0193,7
1830,0.0193,7
1831,0.0193,7
1832,0.0193,7
1833,0.0193,7
1834,0.0193,7
1835,0.0193,7
1836,0.0193,7
1837,0.0193,7
1838,0.0193,7
1839,0.0193,7
1840,0.0193,7
1841,0.0193,7
1842,0.0193,7
1843,0.0193,7
1844,0.0193,7
1845,0.0193,7
1846,0.0193,7
1847,0.0193,7
1848,0.0193,7
1849,0.0193,7
1850,0.0193,7
1851,0.0193,7
1852,0.0193,7
1853,0.0193,7
1854,0.0193,7
1855,0.0193,7
1856,0.0193,7
1857,0.0193,7
1858,0.0193,7
1859,0.0193,7
1860,0.0193,7
1861,0.0193,7
1862,0.0193,7
1863,0.0193,7
1864,0.0193,7
1865,0.0193,7
1866,0.0193,7
1867,0.0193,7
1868,0.0193,7
1869,0.0193,7
1870,0.0193,7
1871,0.0193,7
1872,0.0193,7
1873,0.0193,7
1874,0.0193,7
1875,0.0193,7
1876,0.0193,7
1877,0.0193,7
1878,0.0193,7
1879,0.0193,7
1880,0.0193,7
1881,0.0193,7
1882,0.0193,7
1883,0.0193,7
1884,0.0193,7
1885,0.0193,7
1886,0.0193,7
1887,0.0193,7
1888,0.0193,7
1889,0.0193,7
1890,0.0193,7
1891,0.0193,7
1892,0.0193,7
1893,0.0193,7
1894,0.0193,7
1895,0.0193,7
1896,0.0193,7
1897,0.0193,7
1898,0.0193,7
1899,0.0193,7
1900,0.0193,7
1901,0.0193,7
1902,0.0193,7
1903,0.0193,7
1904,0.0193,7
1905,0.0193,7
1906,0.0193,7
1907,0.0193,7
1908,0.0193,7
1909,0.0193,7
1910,0.0193,7
1911,0.0193,7
1912,0.0193,7
1913,0.0193,7
1914,0.0193,7
1915,0.0193,7
1916,0.0193,7
1917,0.0193,7
1918,0.0193,7
1919,0.0193,7
1920,0.0193,7
1921,0.0193,7
1922,0.0193,7
1923,0.0193,7
1924,0.0193,7
1925,0.0193,7
1926,0.0193,7
1927,0.0193,7
1928,0.0193,7
1929,0.0193,7
1930,0.0193,7
1931,0.0193,7
1932,0.0193,7
1933,0.0193,7
1934,0.0193,7
1935,0.0193,7
1936,0.0193,7
1937,0.0193,7
1938,0.0193,7
1939,0.0193,7
1940,0.0193,7
1941,0.0193,7
1942,0.0193,7
1943,0.0193,7
1944,0.0193,7
1945,0.0193,7
1946,0.0193,7
1947,0.0193,7
1948,0.0193,7
1949,0.0193,7
1950,0.0193,7
1951,0.0193,7
1952,0.0193,7
1953,0.0193,7
1954,0.0193,7
1955,0.0193,7
1956,0.0193,7
1957,0.0193,7
1958,0.0193,7
1959,0.0193,7
1960,0.0193,7
1961,0.0193,7
1962,0.0193,7
1963,0.0193,7
1964,0.0193,7
1965,0.0193,7
1966,0.0193,7
1967,0.0193,7
1968,0.0193,7
1969,0.0193,7
1970,0.0193,7
1971,0.0193,7
1972,0.0193,7
1973,0.0193,7
1974,0.0193,7
1975,0.0193,7
1976,0.0193,7
1977,0.0193,7
1978,0.0193,7
1979,0.0193,7
1980,0.0193,7
1981,0.0193,7
1982,0.0193,7
1983,0.0193,7
1984,0.0193,7
1985,0.0193,7
1986,0.0193,7
1987,0.0193,7
1988,0.0193,7
1989,0.0193,7
1990,0.0193,7
1991,0.0193,7
1992,0.0193,7
1993,0.0193,7
1994,0.0193,7
1995,0.0193,7
1996,0.0193,7
1997,0.0193,7
1998,0.0193,7
1999,0.0193,7
2000,0.0193,7
2001,0.0193,7
2002,0.0193,7
2003,0.0193,7
2004,0.0193,7
2005,0.0193,7
2006,0.0193,7
2007,0.0193,7
2008,0.0193,7
2009,0.0193,7
2010,0.0193,7
2011,0.0193,7
2012,0.0193,7
2013,0.0193,7
2014,0.0193,7
2015,0.0193,7
2016,0.0193,7
2017,0.0193,7
2018,0.0193,7
2019,0.0193,7
2020,0.0193,7
2021,0.0193,7
2022,0.0193,7
2023,0.0193,7
2024,0.0193,7
2025,0.0193,7
2026,0.0193,7
2027,0.0193,7
2028,0.0193,7
2029,0.0193,7
2030,0.0193,7
2031,0.0193,7
2032,0.0193,7
2033,0.0193,7
2034,0.0193,7
2035,0.0193,7
2036,0.0193,7
2037,0.0193,7
2038,0.0193,7
2039,0.0193,7
2040,0.0193,7
2041,0.0193,7
2042,0.0193,7
2043,0.0193,7
2044,0.0193,7
2045,0.0193,7
2046,0.0193,7
2047,0.0193,7
2048,0.0193,7
2049,0.0193,7
2050,0.0193,7
2051,0.0193,7
2052,0.0193,7
2053,0.0193,7
2054,0.0193,7
2055,0.0193,7
2056,0.0193,7
2057,0.0193,7
2058,0.0193,7
2059,0.0193,7
2060,0.0193,7
2061,0.0193,7
2062,0.0193,7
2063,0.0193,7
2064,0.0193,7
2065,0.0193,7
2066,0.0193,7
2067,0.0193,7
2068,0.0193,7
2069,0.0193,7
2070,0.0193,7
2071,0.0193,7
2072,0.0193,7
2073,0.0193,7
2074,0.0193,7
2075,0.0193,7
2076,0.0193,7
2077,0.0193,7
2078,0.0193,7
2079,0.0193,7
2080,0.0193,7
2081,0.0193,7
2082,0.0193,7
2083,0.0193,7
2084,0.0193,7
2085,0.0193,7
2086,0.0193,7
2087,0.0193,7
2088,0.0193,7
2089,0.0193,7
2090,0.0193,7
2091,0.0193,7
2092,0.0193,7
2093,0.0193,7
2094,0.0193,7
2095,0.0193,7
2096,0.0193,7
2097,0.0193,7
2098,0.0193,7
2099,0.0193,7
2100,0.0193,7
2101,0.0193,7
2102,0.0193,7
2103,0.0193,7
2104,0.0193,7
2105,0.0193,7
2106,0.0193,7
2107,0.0193,7
2108,0.0193,7
2109,0.0193,7
2110,0.0193,7
2111,0.0193,7
2112,0.0193,7
2113,0.0193,7
2114,0.0193,7
2115,0.0193,7
2116,0.0193,7
2117,0.0193,7
2118,0.0193,7
2119,0.0193,7
2120,0.0193,7
2121,0.0193,7
2122,0.0193,7
2123,0.0193,7
2124,0.0193,7
2125,0.0193,7
2126,0.0193,7
2127,0.0193,7
2128,0.0193,7
2129,0.0193,7
2130,0.0193,7
2131,0.0193,7
2132,0.0193,7
2133,0.0193,7
2134,0.0193,7
2135,0.0193,7
2136,0.0193,7
2137,0.0193,7
2138,0.0193,7
2139,0.0193,7
2140,0.0193,7
2141,0.0193,7
2142,0.0193,7
2143,0.0193,7
2144,0.0193,7
2145,0.0193,7
2146,0.0193,7
2147,0.0193,7
2148,0.0193,7
2149,0.0193,7
2150,0.0193,7
2151,0.0193,7
2152,0.0193,7
2153,0.0193,7
2154,0.0193,7
2155,0.0193,7
2156,0.0193,7
2157,0.0193,7
2158,0.0193,7
2159,0.0193,7
2160,0.0193,7
2161,0.0193,7
2162,0.0193,7
2163,0.0193,7
2164,0.0193,7
2165,0.0193,7
2166,0.0193,7
2167,0.0193,7
2168,0.0193,7
2169,0.0193,7
2170,0.0193,7
2171,0.0193,7
2172,0.0193,7
2173,0.0193,7
2174,0.0193,7
2175,0.0193,7
2176,0.0193,7
2177,0.0193,7
2178,0.0193,7
2179,0.0193,7
2180,0.0193,7
2181,0.0193,7
2182,0.0193,7
2183,0.0193,7
2184,0.0193,7
2185,0.0193,7
2186,0.0193,7
2187,0.0193,7
2188,0.0193,7
2189,0.0193,7
2190,0.0193,7
2191,0.0193,7
2192,0.0193,7
2193,0.0193,7
2194,0.0193,7
2195,0.0193,7
2196,0.0193,7
2197,0.0193,7
2198,0.0193,7
2199,0.0193,7
2200,0.0193,7
2201,0.0193,7
2202,0.0193,7
2203,0.0193,7
2204,0.0193,7
2205,0.0193,7
2206,0.0193,7
2207,0.0193,7
2208,0.0193,7
2209,0.0193,7
2210,0.0193,7
2211,0.0193,7
2212,0.0193,7
2213,0.0193,7
2214,0.0193,7
2215,0.0193,7
2216,0.0193,7
2217,0.0193,7
2218,0.0193,7
2219,0.0193,7
2220,0.0193,7
2221,0.0193,7
2222,0.0193,7
2223,0.0193,7
2224,0.0193,7
2225,0.0193,7
2226,0.0193,7
2227,0.0193,7
2228,0.0193,7
2229,0.0193,7
2230,0.0193,7
2231,0.0193,7
2232,0.0193,7
2233,0.0193,7
2234,0.0193,7
2235,0.0193,7
2236,0.0193,7
2237,0.0193,7
2238,0.0193,7
2239,0.0193,7
2240,0.0193,7
2241,0.0193,7
2242,0.0193,7
2243,0.0193,7
2244,0.0193,7
2245,0.0193,7
2246,0.0193,7
2247,0.0193,7
2248,0.0193,7
2249,0.0193,7
2250,0.0193,7
2251,0.0193,7
2252,0.0193,7
2253,0.0193,7
2254,0.0193,7
2255,0.0193,7
2256,0.0193,7
2257,0.0193,7
2258,0.0193,7
2259,0.0193,7
2260,0.0193,7
2261,0.0193,7
2262,0.0193,7
2263,0.0193,7
2264,0.0193,7
2265,0.0193,7
2266,0.0193,7
2267,0.0193,7
2268,0.0193,7
2269,0.0193,7
2270,0.0193,7
2271,0.0193,7
2272,0.0193,7
2273,0.0193,7
2274,0.0193,7
2275,0.0193,7
2276,0.0193,7
2277,0.0193,7
2278,0.0193,7
2279,0.0193,7
2280,0.0193,7
2281,0.0193,7
2282,0.0193,7
2283,0.0193,7
2284,0.0193,7
2285,0.0193,7
2286,0.0193,7
2287,0.0193,7
2288,0.0193,7
2289,0.0193,7
2290,0.0193,7
2291,0.0193,7
2292,0.0193,7
2293,0.0193,7
2294,0.0193,7
2295,0.0193,7
2296,0.0193,7
2297,0.0193,7
2298,0.0193,7
2299,0.0193,7
2300,0.0193,7
2301,0.0193,7
2302,0.0193,7
2303,0.0193,7
2304,0.0193,7
2305,0.0193,7
2306,0.0193,7
2307,0.0193,7
2308,0.0193,7
2309,0.0193,7
2310,0.0193,7
2311,0.0193,7
2312,0.0193,7
2313,0.0193,7
2314,0.0193,7
2315,0.0193,7
2316,0.0193,7
2317,0.0193,7
2318,0.0193,7
2319,0.0193,7
2320,0.0193,7
2321,0.0193,7
2322,0.0193,7
2323,0.0193,7
2324,0.0193,7
2325,0.0193,7
2326,0.0193,7
2327,0.0193,7
2328,0.0193,7
2329,0.0193,7
2330,0.0193,7
2331,0.0193,7
2332,0.0193,7
2333,0.0193,7
2334,0.0193,7
2335,0.0193,7
2336,0.0193,7
2337,0.0193,7
2338,0.0193,7
2339,0.0193,7
2340,0.0193,7
2341,0.0193,7
2342,0.0193,7
2343,0.0193,7
2344,0.0193,7
2345,0.0193,7
2346,0.0193,7
2347,0.0193,7
2348,0.0193,7
2349,0.0193,7
2350,0.0193,7
2351,0.0193,7
2352,0.0193,7
2353,0.0193,7
2354,0.0193,7
2355,0.0193,7
2356,0.0193,7
2357,0.0193,7
2358,0.0193,7
2359,0.0193,7
2360,0.0193,7
2361,0.0193,7
2362,0.0193,7
2363,0.0193,7
2364,0.0193,7
2365,0.0193,7
2366,0.0193,7
2367,0.0193,7
2368,0.0193,7
2369,0.0193,7
2370,0.0193,7
2371,0.0193,7
2372,0.0193,7
2373,0.0193,7
2374,0.0193,7
2375,0.0193,7
2376,0.0193,7
2377,0.0193,7
2378,0.0193,7
2379,0.0193,7
2380,0.0193,7
2381,0.0193,7
2382,0.0193,7
2383,0.0193,7
2384,0.0193,7
2385,0.0193,7
2386,0.0193,7
2387,0.0193,7
2388,0.0193,7
2389,0.0193,7
2390,0.0193,7
2391,0.0193,7
2392,0.0193,7
2393,0.0193,7
2394,0.0193,7
2395,0.0193,7
2396,0.0193,7
2397,0.0193,7
2398,0.0193,7
2399,0.0193,7
2400,0.0193,7
2401,0.0193,7
2402,0.0193,7
2403,0.0193,7
2404,0.0193,7
2405,0.0193,7
2406,0.0193,7
2407,0.0193,7
2408,0.0193,7
2409,0.0193,7
2410,0.0193,7
2411,0.0193,7
2412,0.0193,7
2413,0.0193,7
2414,0.0193,7
2415,0.0193,7
2416,0.0193,7
2417,0.0193,7
2418,0.0193,7
2419,0.0193,7
2420,0.0193,7
2421,0.0193,7
2422,0.0193,7
2423,0.0193,7
2424,0.0193,7
2425,0.0193,7
2426,0.0193,7
2427,0.0193,7
2428,0.0193,7
2429,0.0193,7
2430,0.0193,7
2431,0.0193,7
2432,0.0193,7
2433,0.0193,7
2434,0.0193,7
2435,0.0193,7
2436,0.0193,7
2437,0.0193,7
2438,0.0193,7
2439,0.0193,7
2440,0.0193,7
2441,0.0193,7
2442,0.0193,7
2443,0.0193,7
2444,0.0193,7
2445,0.0193,7
2446,0.0193,7
2447,0.0193,7
2448,0.0193,7
2449,0.0193,7
2450,0.0193,7
2451,0.0193,7
2452,0.0193,7
2453,0.0193,7
2454,0.0193,7
2455,0.0193,7
2456,0.0193,7
2457,0.0193,7
2458,0.0193,7
2459,0.0193,7
2460,0.0193,7
2461,0.0193,7
2462,0.0193,7
2463,0.0193,7
2464,0.0193,7
2465,0.0193,7
2466,0.0193,7
2467,0.0193,7
2468,0.0193,7
2469,0.0193,7
2470,0.0193,7
2471,0.0193,7
2472,0.0193,7
2473,0.0193,7
2474,0.0193,7
2475,0.0193,7
2476,0.0193,7
2477,0.0193,7
2478,0.0193,7
2479,0.0193,7
2480,0.0193,7
2481,0.0193,7
2482,0.0193,7
2483,0.0193,7
2484,0.0193,7
2485,0.0193,7
2486,0.0193,7
2487,0.0193,7
2488,0.0193,7
2489,0.0193,7
2490,0.0193,7
2491,0.0193,7
2492,0.0193,7
2493,0.0193,7
2494,0.0193,7
2495,0.0193,7
2496,0.0193,7
2497,0.0193,7
2498,0.0193,7
2499,0.0193,7
2500,0.0193,7
2501,0.0193,7
2502,0.0193,7
2503,0.0193,7
2504,0.0193,7
2505,0.0193,7
2506,0.0193,7
2507,0.0193,7
2508,0.0193,7
2509,0.0193,7
2510,0.0193,7
2511,0.0193,7
2512,0.0193,7
2513,0.0193,7
2514,0.0193,7
2515,0.0193,7
2516,0.0193,7
2517,0.0193,7
2518,0.0193,7
2519,0.0193,7
2520,0.0193,7
2521,0.0193,7
2522,0.0193,7
2523,0.0193,7
2524,0.0193,7
2525,0.0193,7
2526,0.0193,7
2527,0.0193,7
2528,0.0193,7
2529,0.0193,7
2530,0.0193,7
2531,0.0193,7
2532,0.0193,7
2533,0.0193,7
2534,0.0193,7
2535,0.0193,7
2536,0.0193,7
2537,0.0193,7
2538,0.0193,7
2539,0.0193,7
2540,0.0193,7
2541,0.0193,7
2542,0.0193,7
2543,0.0193,7
2544,0.0193,7
2545,0.0193,7
2546,0.0193,7
2547,0.0193,7
2548,0.0193,7
2549,0.0193,7
2550,0.0193,7
2551,0.0193,7
2552,0.0193,7
2553,0.0193,7
2554,0.0193,7
2555,0.0193,7
2556,0.0193,7
2557,0.0193,7
2558,0.0193,7
2559,0.0193,7
2560,0.0193,7
2561,0.0193,7
2562,0.0193,7
2563,0.0193,7
2564,0.0193,7
2565,0.0193,7
2566,0.0193,7
2567,0.0193,7
2568,0.0193,7
2569,0.0193,7
2570,0.0193,7
2571,0.0193,7
2572,0.0193,7
2573,0.0193,7
2574,0.0193,7
2575,0.0193,7
2576,0.0193,7
2577,0.0193,7
2578,0.0193,7
2579,0.0193,7
2580,0.0193,7
2581,0.0193,7
2582,0.0193,7
2583,0.0193,7
2584,0.0193,7
2585,0.0193,7
2586,0.0193,7
2587,0.0193,7
2588,0.0193,7
2589,0.0193,7
2590,0.0193,7
2591,0.0193,7
2592,0.0193,7
2593,0.0193,7
2594,0.0193,7
2595,0.0193,7
2596,0.0193,7
2597,0.0193,7
2598,0.0193,7
2599,0.0193,7
2600,0.0193,7
2601,0.0193,7
2602,0.0193,7
2603,0.0193,7
2604,0.0193,7
2605,0.0193,7
2606,0.0193,7
2607,0.0193,7
2608,0.0193,7
2609,0.0193,7
2610,0.0193,7
2611,0.0193,7
2612,0.0193,7
2613,0.0193,7
2614,0.0193,7
2615,0.0193,7
2616,0.0193,7
2617,0.0193,7
2618,0.0193,7
2619,0.0193,7
2620,0.0193,7
2621,0.0193,7
2622,0.0193,7
2623,0.0193,7
2624,0.0193,7
2625,0.0193,7
2626,0.0193,7
2627,0.0193,7
2628,0.0193,7
2629,0.0193,7
2630,0.0193,7
2631,0.0193,7
2632,0.0193,7
2633,0.0193,7
2634,0.0193,7
2635,0.0193,7
2636,0.0193,7
2637,0.0193,7
2638,0.0193,7
2639,0.0193,7
2640,0.0193,7
2641,0.0193,7
2642,0.0193,7
2643,0.0193,7
2644,0.0193,7
2645,0.0193,7
2646,0.0193,7
2647,0.0193,7
2648,0.0193,7
2649,0.0193,7
2650,0.0193,7
2651,0.0193,7
2652,0.0193,7
2653,0.0193,7
2654,0.0193,7
2655,0.0193,7
2656,0.0193,7
2657,0.0193,7
2658,0.0193,7
2659,0.0193,7
2660,0.0193,7
2661,0.0193,7
2662,0.0193,7
2663,0.0193,7
2664,0.0193,7
2665,0.0193,7
2666,0.0193,7
2667,0.0193,7
2668,0.0193,7
2669,0.0193,7
2670,0.0193,7
2671,0.0193,7
2672,0.0193,7
2673,0.0193,7
2674,0.0193,7
2675,0.0193,7
2676,0.0193,7
2677,0.0193,7
2678,0.0193,7
2679,0.0193,7
2680,0.0193,7
2681,0.0193,7
2682,0.0193,7
2683,0.0193,7
2684,0.0193,7
2685,0.0193,7
2686,0.0193,7
2687,0.0193,7
2688,0.0193,7
2689,0.0193,7
2690,0.0193,7
2691,0.0193,7
2692,0.0193,7
2693,0.0193,7
2694,0.0193,7
2695,0.0193,7
2696,0.0193,7
2697,0.0193,7
2698,0.0193,7
2699,0.0193,7
2700,0.0193,7
2701,0.0193,7
2702,0.0193,7
2703,0.0193,7
2704,0.0193,7
2705,0.0193,7
2706,0.0193,7
2707,0.0193,7
2708,0.0193,7
2709,0.0193,7
2710,0.0193,7
2711,0.0193,7
2712,0.0193,7
2713,0.0193,7
2714,0.0193,7
2715,0.0193,7
2716,0.0193,7
2717,0.0193,7
2718,0.0193,7
2719,0.0193,7
2720,0.0193,7
2721,0.0193,7
2722,0.0193,7
2723,0.0193,7
2724,0.0193,7
2725,0.0193,7
2726,0.0193,7
2727,0.0193,7
2728,0.0193,7
2729,0.0193,7
2730,0.0193,7
2731,0.0193,7
2732,0.0193,7
2733,0.0193,7
2734,0.0193,7
2735,0.0193,7
2736,0.0193,7
2737,0.0193,7
2738,0.0193,7
2739,0.0193,7
2740,0.0193,7
2741,0.0193,7
2742,0.0193,7
2743,0.0193,7
2744,0.0193,7
2745,0.0193,7
2746,0.0193,7
2747,0.0193,7
2748,0.0193,7
2749,0.0193,7
2750,0.0193,7
2751,0.0193,7
2752,0.0193,7
2753,0.0193,7
2754,0.0193,7
2755,0.0193,7
2756,0.0193,7
2757,0.0193,7
2758,0.0193,7
2759,0.0193,7
2760,0.0193,7
2761,0.0193,7
2762,0.0193,7
2763,0.0193,7
2764,0.0193,7
2765,0.0193,7
2766,0.0193,7
2767,0.0193,7
2768,0.0193,7
2769,0.0193,7
2770,0.0193,7
2771,0.0193,7
2772,0.0193,7
2773,0.0193,7
2774,0.0193,7
2775,0.0193,7
2776,0.0193,7
2777,0.0193,7
2778,0.0193,7
2779,0.0193,7
2780,0.0193,7
2781,0.0193,7
2782,0.0193,7
2783,0.0193,7
2784,0.0193,7
2785,0.0193,7
2786,0.0193,7
2787,0.0193,7
2788,0.0193,7
2789,0.0193,7
2790,0.0193,7
2791,0.0193,7
2792,0.0193,7
2793,0.0193,7
2794,0.0193,7
2795,0.0193,7
2796,0.0193,7
2797,0.0193,7
2798,0.0193,7
2799,0.0193,7
2800,0.0193,7
2801,0.0193,7
2802,0.0193,7
2803,0.0193,7
2804,0.0193,7
2805,0.0193,7
2806,0.0193,7
2807,0.0193,7
2808,0.0193,7
2809,0.0193,7
2810,0.0193,7
2811,0.0193,7
2812,0.0193,7
2813,0.0193,7
2814,0.0193,7
2815,0.0193,7
2816,0.0193,7
2817,0.0193,7
2818,0.0193,7
2819,0.0193,7
2820,0.0193,7
2821,0.0193,7
2822,0.0193,7
2823,0.0193,7
2824,0.0193,7
2825,0.0193,7
2826,0.0193,7
2827,0.0193,7
2828,0.0193,7
2829,0.0193,7
2830,0.0193,7
2831,0.0193,7
2832,0.0193,7
2833,0.0193,7
2834,0.0193,7
2835,0.0193,7
2836,0.0193,7
2837,0.0193,7
2838,0.0193,7
2839,0.0193,7
2840,0.0193,7
2841,0.0193,7
2842,0.0193,7
2843,0.0193,7
2844,0.0193,7
2845,0.0193,7
2846,0.0193,7
2847,0.0193,7
2848,0.0193,7
2849,0.0193,7
2850,0.0193,7
2851,0.0193,7
2852,0.0193,7
2853,0.0193,7
2854,0.0193,7
2855,0.0193,7
2856,0.0193,7
2857,0.0193,7
2858,0.0193,7
2859,0.0193,7
2860,0.0193,7
2861,0.0193,7
2862,0.0193,7
2863,0.0193,7
2864,0.0193,7
2865,0.0193,7
2866,0.0193,7
2867,0.0193,7
2868,0.0193,7
2869,0.0193,7
2870,0.0193,7
2871,0.0193,7
2872,0.0193,7
2873,0.0193,7
2874,0.0193,7
2875,0.0193,7
2876,0.0193,7
2877,0.0193,7
2878,0.0193,7
2879,0.0193,7
2880,0.0193,7
2881,0.0193,7
2882,0.0193,7
2883,0.0193,7
2884,0.0193,7
2885,0.0193,7
2886,0.0193,7
2887,0.0193,7
2888,0.0193,7
2889,0.0193,7
2890,0.0193,7
2891,0.0193,7
2892,0.0193,7
2893,0.0193,7
2894,0.0193,7
2895,0.0193,7
2896,0.0193,7
2897,0.0193,7
2898,0.0193,7
2899,0.0193,7
2900,0.0193,7
2901,0.0193,7
2902,0.0193,7
2903,0.0193,7
2904,0.0193,7
2905,0.0193,7
2906,0.0193,7
2907,0.0193,7
2908,0.0193,7
2909,0.0193,7
2910,0.0193,7
2911,0.0193,7
2912,0.0193,7
2913,0.0193,7
2914,0.0193,7
2915,0.0193,7
2916,0.0193,7
2917,0.0193,7
2918,0.0193,7
2919,0.0193,7
2920,0.0193,7
2921,0.0193,7
2922,0.0193,7
2923,0.0193,7
2924,0.0193,7
2925,0.0193,7
2926,0.0193,7
2927,0.0193,7
2928,0.0193,7
2929,0.0193,7
2930,0.0193,7
2931,0.0193,7
2932,0.0193,7
2933,0.0193,7
2934,0.0193,7
2935,0.0193,7
2936,0.0193,7
2937,0.0193,7
2938,0.0193,7
2939,0.0193,7
2940,0.0193,7
2941,0.0193,7
2942,0.0193,7
2943,0.0193,7
2944,0.0193,7
2945,0.0193,7
2946,0.0193,7
2947,0.0193,7
2948,0.0193,7
2949,0.0193,7
2950,0.0193,7
2951,0.0193,7
2952,0.0193,7
2953,0.0193,7
2954,0.0193,7
2955,0.0193,7
2956,0.0193,7
2957,0.0193,7
2958,0.0193,7
2959,0.0193,7
2960,0.0193,7
2961,0.0193,7
2962,0.0193,7
2963,0.0193,7
2964,0.0193,7
2965,0.0193,7
2966,0.0193,7
2967,0.0193,7
2968,0.0193,7
2969,0.0193,7
2970,0.0193,7
2971,0.0193,7
2972,0.0193,7
2973,0.0193,7
2974,0.0193,7
2975,0.0193,7
2976,0.0193,7
2977,0.0193,7
2978,0.0193,7
2979,0.0193,7
2980,0.0193,7
2981,0.0193,7
2982,0.0193,7
2983,0.0193,7
2984,0.0193,7
2985,0.0193,7
2986,0.0193,7
2987,0.0193,7
2988,0.0193,7
2989,0.0193,7
2990,0.0193,7
2991,0.0193,7
2992,0.0193,7
2993,0.0193,7
2994,0.0193,7
2995,0.0193,7
2996,0.0193,7
2997,0.0193,7
2998,0.0193,7
2999,0.0193,7
3000,0.0193,7
1,0.0489,7
2,0.0489,7
3,0.0489,7
4,0.0489,7
5,0.0489,7
6,0.0489,7
7,0.0489,7
8,0.0489,7
9,0.0489,7
10,0.0489,7
11,0.0489,7
12,0.0489,7
13,0.0489,7
14,0.0489,7
15,0.0489,7
16,0.0489,7
17,0.0489,7
18,0.0489,7
19,0.0489,7
20,0.0489,7
21,0.0489,7
22,0.0489,7
23,0.0489,7
24,0.0489,7
25,0.0489,7
26,0.0489,7
27,0.0489,7
28,0.0489,7
29,0.0489,7
30,0.0489,7
31,0.0489,7
32,0.0489,7
33,0.0489,7
34,0.0489,7
35,0.0489,7
36,0.0489,7
37,0.0489,7
38,0.0489,7
39,0.0489,7
40,0.0489,7
41,0.0489,7
42,0.0489,7
43,0.0489,7
44,0.0489,7
45,0.0489,7
46,0.0489,7
47,0.0489,7
48,0.0489,7
49,0.0489,7
50,0.0489,7
51,0.0489,7
52,0.0489,7
53,0.0489,7
54,0.0489,7
55,0.0489,7
56,0.0489,7
57,0.0489,7
58,0.0489,7
59,0.0489,7
60,0.0489,7
61,0.0489,7
62,0.0489,7
63,0.0489,7
64,0.0489,7
65,0.0489,7
66,0.0489,7
67,0.0489,7
68,0.0489,7
69,0.0489,7
70,0.0489,7
71,0.0489,7
72,0.0489,7
73,0.0489,7
74,0.0489,7
75,0.0489,7
76,0.0489,7
77,0.0489,7
78,0.0489,7
79,0.0489,7
80,0.0489,7
81,0.0489,7
82,0.0489,7
83,0.0489,7
84,0.0489,7
85,0.0489,7
86,0.0489,7
87,0.0489,7
88,0.0489,7
89,0.0489,7
90,0.0489,7
91,0.0489,7
92,0.0489,7
93,0.0489,7
94,0.0489,7
95,0.0489,7
96,0.0489,7
97,0.0489,7
98,0.0489,7
99,0.0489,7
100,0.0489,7
101,0.0489,7
102,0.0489,7
103,0.0489,7
104,0.0489,7
105,0.0489,7
106,0.0489,7
107,0.0489,7
108,0.0489,7
109,0.0489,7
110,0.0489,7
111,0.0489,7
112,0.0489,7
113,0.0489,7
114,0.0489,7
115,0.0489,7
116,0.0489,7
117,0.0489,7
118,0.0489,7
119,0.0489,7
120,0.0489,7
121,0.0489,7
122,0.0489,7
123,0.0489,7
124,0.0489,7
125,0.0489,7
126,0.0489,7
127,0.0489,7
128,0.0489,7
129,0.0489,7
130,0.0489,7
131,0.0489,7
132,0.0489,7
133,0.0489,7
134,0.0489,7
135,0.0489,7
136,0.0489,7
137,0.0489,7
138,0.0489,7
139,0.0489,7
140,0.0489,7
141,0.0489,7
142,0.0489,7
143,0.0489,7
144,0.0489,7
145,0.0489,7
146,0.0489,7
147,0.0489,7
148,0.0489,7
149,0.0489,7
150,0.0489,7
151,0.0489,7
152,0.0489,7
153,0.0489,7
154,0.0489,7
155,0.0489,7
156,0.0489,7
157,0.0489,7
158,0.0489,7
159,0.0489,7
160,0.0489,7
161,0.0489,7
162,0.0489,7
163,0.0489,7
164,0.0489,7
165,0.0489,7
166,0.0489,7
167,0.0489,7
168,0.0489,7
169,0.0489,7
170,0.0489,7
171,0.0489,7
172,0.0489,7
173,0.0489,7
174,0.0489,7
175,0.0489,7
176,0.0489,7
177,0.0489,7
178,0.0489,7
179,0.0489,7
180,0.0489,7
181,0.0489,7
182,0.0489,7
183,0.0489,7
184,0.0489,7
185,0.0489,7
186,0.0489,7
187,0.0489,7
188,0.0489,7
189,0.0489,7
190,0.0489,7
191,0.0489,7
192,0.0489,7
193,0.0489,7
194,0.0489,7
195,0.0489,7
196,0.0489,7
197,0.0489,7
198,0.0489,7
199,0.0489,7
200,0.0489,7
201,0.0489,7
202,0.0489,7
203,0.0489,7
204,0.0489,7
205,0.0489,7
206,0.0489,7
207,0.0489,7
208,0.0489,7
209,0.0489,7
210,0.0489,7
211,0.0489,7
212,0.0489,7
213,0.0489,7
214,0.0489,7
215,0.0489,7
216,0.0489,7
217,0.0489,7
218,0.0489,7
219,0.0489,7
220,0.0489,7
221,0.0489,7
222,0.0489,7
223,0.0489,7
224,0.0489,7
225,0.0489,7
226,0.0489,7
227,0.0489,7
228,0.0489,7
229,0.0489,7
230,0.0489,7
231,0.0489,7
232,0.0489,7
233,0.0489,7
234,0.0489,7
235,0.0489,7
236,0.0489,7
237,0.0489,7
238,0.0489,7
239,0.0489,7
240,0.0489,7
241,0.0489,7
242,0.0489,7
243,0.0489,7
244,0.0489,7
245,0.0489,7
246,0.0489,7
247,0.0489,7
248,0.0489,7
249,0.0489,7
250,0.0489,7
251,0.0489,7
252,0.0489,7
253,0.0489,7
254,0.0489,7
255,0.0489,7
256,0.0489,7
257,0.0489,7
258,0.0489,7
259,0.0489,7
260,0.0489,7
261,0.0489,7
262,0.0489,7
263,0.0489,7
264,0.0489,7
265,0.0489,7
266,0.0489,7
267,0.0489,7
268,0.0489,7
269,0.0489,7
270,0.0489,7
271,0.0489,7
272,0.0489,7
273,0.0489,7
274,0.0489,7
275,0.0489,7
276,0.0489,7
277,0.0489,7
278,0.0489,7
279,0.0489,7
280,0.0489,7
281,0.0489,7
282,0.0489,7
283,0.0489,7
284,0.0489,7
285,0.0489,7
286,0.0489,7
287,0.0489,7
288,0.0489,7
289,0.0489,7
290,0.0489,7
291,0.0489,7
292,0.0489,7
293,0.0489,7
294,0.0489,7
295,0.0489,7
296,0.0489,7
297,0.0489,7
298,0.0489,7
299,0.0489,7
300,0.0489,7
301,0.0489,7
302,0.0489,7
303,0.0489,7
304,0.0489,7
305,0.0489,7
306,0.0489,7
307,0.0489,7
308,0.0489,7
309,0.0489,7
310,0.0489,7
311,0.0489,7
312,0.0489,7
313,0.0489,7
314,0.0489,7
315,0.0489,7
316,0.0489,7
317,0.0489,7
318,0.0489,7
319,0.0489,7
320,0.0489,7
321,0.0489,7
322,0.0489,7
323,0.0489,7
324,0.0489,7
325,0.0489,7
326,0.0489,7
327,0.0489,7
328,0.0489,7
329,0.0489,7
330,0.0489,7
331,0.0489,7
332,0.0489,7
333,0.0489,7
334,0.0489,7
335,0.0489,7
336,0.0489,7
337,0.0489,7
338,0.0489,7
339,0.0489,7
340,0.0489,7
341,0.0489,7
342,0.0489,7
343,0.0489,7
344,0.0489,7
345,0.0489,7
346,0.0489,7
347,0.0489,7
348,0.0489,7
349,0.0489,7
350,0.0489,7
351,0.0489,7
352,0.0489,7
353,0.0489,7
354,0.0489,7
355,0.0489,7
356,0.0489,7
357,0.0489,7
358,0.0489,7
359,0.0489,7
360,0.0489,7
361,0.0489,7
362,0.0489,7
363,0.0489,7
364,0.0489,7
365,0.0489,7
366,0.0489,7
367,0.0489,7
368,0.0489,7
369,0.0489,7
370,0.0489,7
371,0.0489,7
372,0.0489,7
373,0.0489,7
374,0.0489,7
375,0.0489,7
376,0.0489,7
377,0.0489,7
378,0.0489,7
379,0.0489,7
380,0.0489,7
381,0.0489,7
382,0.0489,7
383,0.0489,7
384,0.0489,7
385,0.0489,7
386,0.0489,7
387,0.0489,7
388,0.0489,7
389,0.0489,7
390,0.0489,7
391,0.0489,7
392,0.0489,7
393,0.0489,7
394,0.0489,7
395,0.0489,7
396,0.0489,7
397,0.0489,7
398,0.0489,7
399,0.0489,7
400,0.0489,7
401,0.0489,7
402,0.0489,7
403,0.0489,7
404,0.0489,7
405,0.0489,7
406,0.0489,7
407,0.0489,7
408,0.0489,7
409,0.0489,7
410,0.0489,7
411,0.0489,7
412,0.0489,7
413,0.0489,7
414,0.0489,7
415,0.0489,7
416,0.0489,7
417,0.0489,7
418,0.0489,7
419,0.0489,7
420,0.0489,7
421,0.0489,7
422,0.0489,7
423,0.0489,7
424,0.0489,7
425,0.0489,7
426,0.0489,7
427,0.0489,7
428,0.0489,7
429,0.0489,7
430,0.0489,7
431,0.0489,7
432,0.0489,7
433,0.0489,7
434,0.0489,7
435,0.0489,7
436,0.0489,7
437,0.0489,7
438,0.0489,7
439,0.0489,7
440,0.0489,7
441,0.0489,7
442,0.0489,7
443,0.0489,7
444,0.0489,7
445,0.0489,7
446,0.0489,7
447,0.0489,7
448,0.0489,7
449,0.0489,7
450,0.0489,7
451,0.0489,7
452,0.0489,7
453,0.0489,7
454,0.0489,7
455,0.0489,7
456,0.0489,7
457,0.0489,7
458,0.0489,7
459,0.0489,7
460,0.0489,7
461,0.0489,7
462,0.0489,7
463,0.0489,7
464,0.0489,7
465,0.0489,7
466,0.0489,7
467,0.0489,7
468,0.0489,7
469,0.0489,7
470,0.0489,7
471,0.0489,7
472,0.0489,7
473,0.0489,7
474,0.0489,7
475,0.0489,7
476,0.0489,7
477,0.0489,7
478,0.0489,7
479,0.0489,7
480,0.0489,7
481,0.0489,7
482,0.0489,7
483,0.0489,7
484,0.0489,7
485,0.0489,7
486,0.0489,7
487,0.0489,7
488,0.0489,7
489,0.0489,7
490,0.0489,7
491,0.0489,7
492,0.0489,7
493,0.0489,7
494,0.0489,7
495,0.0489,7
496,0.0489,7
497,0.0489,7
498,0.0489,7
499,0.0489,7
500,0.0489,7
501,0.0489,7
502,0.0489,7
503,0.0489,7
504,0.0489,7
505,0.0489,7
506,0.0489,7
507,0.0489,7
508,0.0489,7
509,0.0489,7
510,0.0489,7
511,0.0489,7
512,0.0489,7
513,0.0489,7
514,0.0489,7
515,0.0489,7
516,0.0489,7
517,0.0489,7
518,0.0489,7
519,0.0489,7
520,0.0489,7
521,0.0489,7
522,0.0489,7
523,0.0489,7
524,0.0489,7
525,0.0489,7
526,0.0489,7
527,0.0489,7
528,0.0489,7
529,0.0489,7
530,0.0489,7
531,0.0489,7
532,0.0489,7
533,0.0489,7
534,0.0489,7
535,0.0489,7
536,0.0489,7
537,0.0489,7
538,0.0489,7
539,0.0489,7
540,0.0489,7
541,0.0489,7
542,0.0489,7
543,0.0489,7
544,0.0489,7
545,0.0489,7
546,0.0489,7
547,0.0489,7
548,0.0489,7
549,0.0489,7
550,0.0489,7
551,0.0489,7
552,0.0489,7
553,0.0489,7
554,0.0489,7
555,0.0489,7
556,0.0489,7
557,0.0489,7
558,0.0489,7
559,0.0489,7
560,0.0489,7
561,0.0489,7
562,0.0489,7
563,0.0489,7
564,0.0489,7
565,0.0489,7
566,0.0489,7
567,0.0489,7
568,0.0489,7
569,0.0489,7
570,0.0489,7
571,0.0489,7
572,0.0489,7
573,0.0489,7
574,0.0489,7
575,0.0489,7
576,0.0489,7
577,0.0489,7
578,0.0489,7
579,0.0489,7
580,0.0489,7
581,0.0489,7
582,0.0489,7
583,0.0489,7
584,0.0489,7
585,0.0489,7
586,0.0489,7
587,0.0489,7
588,0.0489,7
589,0.0489,7
590,0.0489,7
591,0.0489,7
592,0.0489,7
593,0.0489,7
594,0.0489,7
595,0.0489,7
596,0.0489,7
597,0.0489,7
598,0.0489,7
599,0.0489,7
600,0.0489,7
601,0.0489,7
602,0.0489,7
603,0.0489,7
604,0.0489,7
605,0.0489,7
606,0.0489,7
607,0.0489,7
608,0.0489,7
609,0.0489,7
610,0.0489,7
611,0.0489,7
612,0.0489,7
613,0.0489,7
614,0.0489,7
615,0.0489,7
616,0.0489,7
617,0.0489,7
618,0.0489,7
619,0.0489,7
620,0.0489,7
621,0.0489,7
622,0.0489,7
623,0.0489,7
624,0.0489,7
625,0.0489,7
626,0.0489,7
627,0.0489,7
628,0.0489,7
629,0.0489,7
630,0.0489,7
631,0.0489,7
632,0.0489,7
633,0.0489,7
634,0.0489,7
635,0.0489,7
636,0.0489,7
637,0.0489,7
638,0.0489,7
639,0.0489,7
640,0.0489,7
641,0.0489,7
642,0.0489,7
643,0.0489,7
644,0.0489,7
645,0.0489,7
646,0.0489,7
647,0.0489,7
648,0.0489,7
649,0.0489,7
650,0.0489,7
651,0.0489,7
652,0.0489,7
653,0.0489,7
654,0.0489,7
655,0.0489,7
656,0.0489,7
657,0.0489,7
658,0.0489,7
659,0.0489,7
660,0.0489,7
661,0.0489,7
662,0.0489,7
663,0.0489,7
664,0.0489,7
665,0.0489,7
666,0.0489,7
667,0.0489,7
668,0.0489,7
669,0.0489,7
670,0.0489,7
671,0.0489,7
672,0.0489,7
673,0.0489,7
674,0.0489,7
675,0.0489,7
676,0.0489,7
677,0.0489,7
678,0.0489,7
679,0.0489,7
680,0.0489,7
681,0.0489,7
682,0.0489,7
683,0.0489,7
684,0.0489,7
685,0.0489,7
686,0.0489,7
687,0.0489,7
688,0.0489,7
689,0.0489,7
690,0.0489,7
691,0.0489,7
692,0.0489,7
693,0.0489,7
694,0.0489,7
695,0.0489,7
696,0.0489,7
697,0.0489,7
698,0.0489,7
699,0.0489,7
700,0.0489,7
701,0.0489,7
702,0.0489,7
703,0.0489,7
704,0.0489,7
705,0.0489,7
706,0.0489,7
707,0.0489,7
708,0.0489,7
709,0.0489,7
710,0.0489,7
711,0.0489,7
712,0.0489,7
713,0.0489,7
714,0.0489,7
715,0.0489,7
716,0.0489,7
717,0.0489,7
718,0.0489,7
719,0.0489,7
720,0.0489,7
721,0.0489,7
722,0.0489,7
723,0.0489,7
724,0.0489,7
725,0.0489,7
726,0.0489,7
727,0.0489,7
728,0.0489,7
729,0.0489,7
730,0.0489,7
731,0.0489,7
732,0.0489,7
733,0.0489,7
734,0.0489,7
735,0.0489,7
736,0.0489,7
737,0.0489,7
738,0.0489,7
739,0.0489,7
740,0.0489,7
741,0.0489,7
742,0.0489,7
743,0.0489,7
744,0.0489,7
745,0.0489,7
746,0.0489,7
747,0.0489,7
748,0.0489,7
749,0.0489,7
750,0.0489,7
751,0.0489,7
752,0.0489,7
753,0.0489,7
754,0.0489,7
755,0.0489,7
756,0.0489,7
757,0.0489,7
758,0.0489,7
759,0.0489,7
760,0.0489,7
761,0.0489,7
762,0.0489,7
763,0.0489,7
764,0.0489,7
765,0.0489,7
766,0.0489,7
767,0.0489,7
768,0.0489,7
769,0.0489,7
770,0.0489,7
771,0.0489,7
772,0.0489,7
773,0.0489,7
774,0.0489,7
775,0.0489,7
776,0.0489,7
777,0.0489,7
778,0.0489,7
779,0.0489,7
780,0.0489,7
781,0.0489,7
782,0.0489,7
783,0.0489,7
784,0.0489,7
785,0.0489,7
786,0.0489,7
787,0.0489,7
788,0.0489,7
789,0.0489,7
790,0.0489,7
791,0.0489,7
792,0.0489,7
793,0.0489,7
794,0.0489,7
795,0.0489,7
796,0.0489,7
797,0.0489,7
798,0.0489,7
799,0.0489,7
800,0.0489,7
801,0.0489,7
802,0.0489,7
803,0.0489,7
804,0.0489,7
805,0.0489,7
806,0.0489,7
807,0.0489,7
808,0.0489,7
809,0.0489,7
810,0.0489,7
811,0.0489,7
812,0.0489,7
813,0.0489,7
814,0.0489,7
815,0.0489,7
816,0.0489,7
817,0.0489,7
818,0.0489,7
819,0.0489,7
820,0.0489,7
821,0.0489,7
822,0.0489,7
823,0.0489,7
824,0.0489,7
825,0.0489,7
826,0.0489,7
827,0.0489,7
828,0.0489,7
829,0.0489,7
830,0.0489,7
831,0.0489,7
832,0.0489,7
833,0.0489,7
834,0.0489,7
835,0.0489,7
836,0.0489,7
837,0.0489,7
838,0.0489,7
839,0.0489,7
840,0.0489,7
841,0.0489,7
842,0.0489,7
843,0.0489,7
844,0.0489,7
845,0.0489,7
846,0.0489,7
847,0.0489,7
848,0.0489,7
849,0.0489,7
850,0.0489,7
851,0.0489,7
852,0.0489,7
853,0.0489,7
854,0.0489,7
855,0.0489,7
856,0.0489,7
857,0.0489,7
858,0.0489,7
859,0.0489,7
860,0.0489,7
861,0.0489,7
862,0.0489,7
863,0.0489,7
864,0.0489,7
865,0.0489,7
866,0.0489,7
867,0.0489,7
868,0.0489,7
869,0.0489,7
870,0.0489,7
871,0.0489,7
872,0.0489,7
873,0.0489,7
874,0.0489,7
875,0.0489,7
876,0.0489,7
877,0.0489,7
878,0.0489,7
879,0.0489,7
880,0.0489,7
881,0.0489,7
882,0.0489,7
883,0.0489,7
884,0.0489,7
885,0.0489,7
886,0.0489,7
887,0.0489,7
888,0.0489,7
889,0.0489,7
890,0.0489,7
891,0.0489,7
892,0.0489,7
893,0.0489,7
894,0.0489,7
895,0.0489,7
896,0.0489,7
897,0.0489,7
898,0.0489,7
899,0.0489,7
900,0.0489,7
901,0.0489,7
902,0.0489,7
903,0.0489,7
904,0.0489,7
905,0.0489,7
906,0.0489,7
907,0.0489,7
908,0.0489,7
909,0.0489,7
910,0.0489,7
911,0.0489,7
912,0.0489,7
913,0.0489,7
914,0.0489,7
915,0.0489,7
916,0.0489,7
917,0.0489,7
918,0.0489,7
919,0.0489,7
920,0.0489,7
921,0.0489,7
922,0.0489,7
923,0.0489,7
924,0.0489,7
925,0.0489,7
926,0.0489,7
927,0.0489,7
928,0.0489,7
929,0.0489,7
930,0.0489,7
931,0.0489,7
932,0.0489,7
933,0.0489,7
934,0.0489,7
935,0.0489,7
936,0.0489,7
937,0.0489,7
938,0.0489,7
939,0.0489,7
940,0.0489,7
941,0.0489,7
942,0.0489,7
943,0.0489,7
944,0.0489,7
945,0.0489,7
946,0.0489,7
947,0.0489,7
948,0.0489,7
949,0.0489,7
950,0.0489,7
951,0.0489,7
952,0.0489,7
953,0.0489,7
954,0.0489,7
955,0.0489,7
956,0.0489,7
957,0.0489,7
958,0.0489,7
959,0.0489,7
960,0.0489,7
961,0.0489,7
962,0.0489,7
963,0.0489,7
964,0.0489,7
965,0.0489,7
966,0.0489,7
967,0.0489,7
968,0.0489,7
969,0.0489,7
970,0.0489,7
971,0.0489,7
972,0.0489,7
973,0.0489,7
974,0.0489,7
975,0.0489,7
976,0.0489,7
977,0.0489,7
978,0.0489,7
979,0.0489,7
980,0.0489,7
981,0.0489,7
982,0.0489,7
983,0.0489,7
984,0.0489,7
985,0.0489,7
986,0.0489,7
987,0.0489,7
988,0.0489,7
989,0.0489,7
990,0.0489,7
991,0.0489,7
992,0.0489,7
993,0.0489,7
994,0.0489,7
995,0.0489,7
996,0.0489,7
997,0.0489,7
998,0.0489,7
999,0.0489,7
1000,0.0489,7
1001,0.0489,7
1002,0.0489,7
1003,0.0489,7
1004,0.0489,7
1005,0.0489,7
1006,0.0489,7
1007,0.0489,7
1008,0.0489,7
1009,0.0489,7
1010,0.0489,7
1011,0.0489,7
1012,0.0489,7
1013,0.0489,7
1014,0.0489,7
1015,0.0489,7
1016,0.0489,7
1017,0.0489,7
1018,0.0489,7
1019,0.0489,7
1020,0.0489,7
1021,0.0489,7
1022,0.0489,7
1023,0.0489,7
1024,0.0489,7
1025,0.0489,7
1026,0.0489,7
1027,0.0489,7
1028,0.0489,7
1029,0.0489,7
1030,0.0489,7
1031,0.0489,7
1032,0.0489,7
1033,0.0489,7
1034,0.0489,7
1035,0.0489,7
1036,0.0489,7
1037,0.0489,7
1038,0.0489,7
1039,0.0489,7
1040,0.0489,7
1041,0.0489,7
1042,0.0489,7
1043,0.0489,7
1044,0.0489,7
1045,0.0489,7
1046,0.0489,7
1047,0.0489,7
1048,0.0489,7
1049,0.0489,7
1050,0.0489,7
1051,0.0489,7
1052,0.0489,7
1053,0.0489,7
1054,0.0489,7
1055,0.0489,7
1056,0.0489,7
1057,0.0489,7
1058,0.0489,7
1059,0.0489,7
1060,0.0489,7
1061,0.0489,7
1062,0.0489,7
1063,0.0489,7
1064,0.0489,7
1065,0.0489,7
1066,0.0489,7
1067,0.0489,7
1068,0.0489,7
1069,0.0489,7
1070,0.0489,7
1071,0.0489,7
1072,0.0489,7
1073,0.0489,7
1074,0.0489,7
1075,0.0489,7
1076,0.0489,7
1077,0.0489,7
1078,0.0489,7
1079,0.0489,7
1080,0.0489,7
1081,0.0489,7
1082,0.0489,7
1083,0.0489,7
1084,0.0489,7
1085,0.0489,7
1086,0.0489,7
1087,0.0489,7
1088,0.0489,7
1089,0.0489,7
1090,0.0489,7
1091,0.0489,7
1092,0.0489,7
1093,0.0489,7
1094,0.0489,7
1095,0.0489,7
1096,0.0489,7
1097,0.0489,7
1098,0.0489,7
1099,0.0489,7
1100,0.0489,7
1101,0.0489,7
1102,0.0489,7
1103,0.0489,7
1104,0.0489,7
1105,0.0489,7
1106,0.0489,7
1107,0.0489,7
1108,0.0489,7
1109,0.0489,7
1110,0.0489,7
1111,0.0489,7
1112,0.0489,7
1113,0.0489,7
1114,0.0489,7
1115,0.0489,7
1116,0.0489,7
1117,0.0489,7
1118,0.0489,7
1119,0.0489,7
1120,0.0489,7
1121,0.0489,7
1122,0.0489,7
1123,0.0489,7
1124,0.0489,7
1125,0.0489,7
1126,0.0489,7
1127,0.0489,7
1128,0.0489,7
1129,0.0489,7
1130,0.0489,7
1131,0.0489,7
1132,0.0489,7
1133,0.0489,7
1134,0.0489,7
1135,0.0489,7
1136,0.0489,7
1137,0.0489,7
1138,0.0489,7
1139,0.0489,7
1140,0.0489,7
1141,0.0489,7
1142,0.0489,7
1143,0.0489,7
1144,0.0489,7
1145,0.0489,7
1146,0.0489,7
1147,0.0489,7
1148,0.0489,7
1149,0.0489,7
1150,0.0489,7
1151,0.0489,7
1152,0.0489,7
1153,0.0489,7
1154,0.0489,7
1155,0.0489,7
1156,0.0489,7
1157,0.0489,7
1158,0.0489,7
1159,0.0489,7
1160,0.0489,7
1161,0.0489,7
1162,0.0489,7
1163,0.0489,7
1164,0.0489,7
1165,0.0489,7
1166,0.0489,7
1167,0.0489,7
1168,0.0489,7
1169,0.0489,7
1170,0.0489,7
1171,0.0489,7
1172,0.0489,7
1173,0.0489,7
1174,0.0489,7
1175,0.0489,7
1176,0.0489,7
1177,0.0489,7
1178,0.0489,7
1179,0.0489,7
1180,0.0489,7
1181,0.0489,7
1182,0.0489,7
1183,0.0489,7
1184,0.0489,7
1185,0.0489,7
1186,0.0489,7
1187,0.0489,7
1188,0.0489,7
1189,0.0489,7
1190,0.0489,7
1191,0.0489,7
1192,0.0489,7
1193,0.0489,7
1194,0.0489,7
1195,0.0489,7
1196,0.0489,7
1197,0.0489,7
1198,0.0489,7
1199,0.0489,7
1200,0.0489,7
1201,0.0489,7
1202,0.0489,7
1203,0.0489,7
1204,0.0489,7
1205,0.0489,7
1206,0.0489,7
1207,0.0489,7
1208,0.0489,7
1209,0.0489,7
1210,0.0489,7
1211,0.0489,7
1212,0.0489,7
1213,0.0489,7
1214,0.0489,7
1215,0.0489,7
1216,0.0489,7
1217,0.0489,7
1218,0.0489,7
1219,0.0489,7
1220,0.0489,7
1221,0.0489,7
1222,0.0489,7
1223,0.0489,7
1224,0.0489,7
1225,0.0489,7
1226,0.0489,7
1227,0.0489,7
1228,0.0489,7
1229,0.0489,7
1230,0.0489,7
1231,0.0489,7
1232,0.0489,7
1233,0.0489,7
1234,0.0489,7
1235,0.0489,7
1236,0.0489,7
1237,0.0489,7
1238,0.0489,7
1239,0.0489,7
1240,0.0489,7
1241,0.0489,7
1242,0.0489,7
1243,0.0489,7
1244,0.0489,7
1245,0.0489,7
1246,0.0489,7
1247,0.0489,7
1248,0.0489,7
1249,0.0489,7
1250,0.0489,7
1251,0.0489,7
1252,0.0489,7
1253,0.0489,7
1254,0.0489,7
1255,0.0489,7
1256,0.0489,7
1257,0.0489,7
1258,0.0489,7
1259,0.0489,7
1260,0.0489,7
1261,0.0489,7
1262,0.0489,7
1263,0.0489,7
1264,0.0489,7
1265,0.0489,7
1266,0.0489,7
1267,0.0489,7
1268,0.0489,7
1269,0.0489,7
1270,0.0489,7
1271,0.0489,7
1272,0.0489,7
1273,0.0489,7
1274,0.0489,7
1275,0.0489,7
1276,0.0489,7
1277,0.0489,7
1278,0.0489,7
1279,0.0489,7
1280,0.0489,7
1281,0.0489,7
1282,0.0489,7
1283,0.0489,7
1284,0.0489,7
1285,0.0489,7
1286,0.0489,7
1287,0.0489,7
1288,0.0489,7
1289,0.0489,7
1290,0.0489,7
1291,0.0489,7
1292,0.0489,7
1293,0.0489,7
1294,0.0489,7
1295,0.0489,7
1296,0.0489,7
1297,0.0489,7
1298,0.0489,7
1299,0.0489,7
1300,0.0489,7
1301,0.0489,7
1302,0.0489,7
1303,0.0489,7
1304,0.0489,7
1305,0.0489,7
1306,0.0489,7
1307,0.0489,7
1308,0.0489,7
1309,0.0489,7
1310,0.0489,7
1311,0.0489,7
1312,0.0489,7
1313,0.0489,7
1314,0.0489,7
1315,0.0489,7
1316,0.0489,7
1317,0.0489,7
1318,0.0489,7
1319,0.0489,7
1320,0.0489,7
1321,0.0489,7
1322,0.0489,7
1323,0.0489,7
1324,0.0489,7
1325,0.0489,7
1326,0.0489,7
1327,0.0489,7
1328,0.0489,7
1329,0.0489,7
1330,0.0489,7
1331,0.0489,7
1332,0.0489,7
1333,0.0489,7
1334,0.0489,7
1335,0.0489,7
1336,0.0489,7
1337,0.0489,7
1338,0.0489,7
1339,0.0489,7
1340,0.0489,7
1341,0.0489,7
1342,0.0489,7
1343,0.0489,7
1344,0.0489,7
1345,0.0489,7
1346,0.0489,7
1347,0.0489,7
1348,0.0489,7
1349,0.0489,7
1350,0.0489,7
1351,0.0489,7
1352,0.0489,7
1353,0.0489,7
1354,0.0489,7
1355,0.0489,7
1356,0.0489,7
1357,0.0489,7
1358,0.0489,7
1359,0.0489,7
1360,0.0489,7
1361,0.0489,7
1362,0.0489,7
1363,0.0489,7
1364,0.0489,7
1365,0.0489,7
1366,0.0489,7
1367,0.0489,7
1368,0.0489,7
1369,0.0489,7
1370,0.0489,7
1371,0.0489,7
1372,0.0489,7
1373,0.0489,7
1374,0.0489,7
1375,0.0489,7
1376,0.0489,7
1377,0.0489,7
1378,0.0489,7
1379,0.0489,7
1380,0.0489,7
1381,0.0489,7
1382,0.0489,7
1383,0.0489,7
1384,0.0489,7
1385,0.0489,7
1386,0.0489,7
1387,0.0489,7
1388,0.0489,7
1389,0.0489,7
1390,0.0489,7
1391,0.0489,7
1392,0.0489,7
1393,0.0489,7
1394,0.0489,7
1395,0.0489,7
1396,0.0489,7
1397,0.0489,7
1398,0.0489,7
1399,0.0489,7
1400,0.0489,7
1401,0.0489,7
1402,0.0489,7
1403,0.0489,7
1404,0.0489,7
1405,0.0489,7
1406,0.0489,7
1407,0.0489,7
1408,0.0489,7
1409,0.0489,7
1410,0.0489,7
1411,0.0489,7
1412,0.0489,7
1413,0.0489,7
1414,0.0489,7
1415,0.0489,7
1416,0.0489,7
1417,0.0489,7
1418,0.0489,7
1419,0.0489,7
1420,0.0489,7
1421,0.0489,7
1422,0.0489,7
1423,0.0489,7
1424,0.0489,7
1425,0.0489,7
1426,0.0489,7
1427,0.0489,7
1428,0.0489,7
1429,0.0489,7
1430,0.0489,7
1431,0.0489,7
1432,0.0489,7
1433,0.0489,7
1434,0.0489,7
1435,0.0489,7
1436,0.0489,7
1437,0.0489,7
1438,0.0489,7
1439,0.0489,7
1440,0.0489,7
1441,0.0489,7
1442,0.0489,7
1443,0.0489,7
1444,0.0489,7
1445,0.0489,7
1446,0.0489,7
1447,0.0489,7
1448,0.0489,7
1449,0.0489,7
1450,0.0489,7
1451,0.0489,7
1452,0.0489,7
1453,0.0489,7
1454,0.0489,7
1455,0.0489,7
1456,0.0489,7
1457,0.0489,7
1458,0.0489,7
1459,0.0489,7
1460,0.0489,7
1461,0.0489,7
1462,0.0489,7
1463,0.0489,7
1464,0.0489,7
1465,0.0489,7
1466,0.0489,7
1467,0.0489,7
1468,0.0489,7
1469,0.0489,7
1470,0.0489,7
1471,0.0489,7
1472,0.0489,7
1473,0.0489,7
1474,0.0489,7
1475,0.0489,7
1476,0.0489,7
1477,0.0489,7
1478,0.0489,7
1479,0.0489,7
1480,0.0489,7
1481,0.0489,7
1482,0.0489,7
1483,0.0489,7
1484,0.0489,7
1485,0.0489,7
1486,0.0489,7
1487,0.0489,7
1488,0.0489,7
1489,0.0489,7
1490,0.0489,7
1491,0.0489,7
1492,0.0489,7
1493,0.0489,7
1494,0.0489,7
1495,0.0489,7
1496,0.0489,7
1497,0.0489,7
1498,0.0489,7
1499,0.0489,7
1500,0.0489,7
1501,0.0489,7
1502,0.0489,7
1503,0.0489,7
1504,0.0489,7
1505,0.0489,7
1506,0.0489,7
1507,0.0489,7
1508,0.0489,7
1509,0.0489,7
1510,0.0489,7
1511,0.0489,7
1512,0.0489,7
1513,0.0489,7
1514,0.0489,7
1515,0.0489,7
1516,0.0489,7
1517,0.0489,7
1518,0.0489,7
1519,0.0489,7
1520,0.0489,7
1521,0.0489,7
1522,0.0489,7
1523,0.0489,7
1524,0.0489,7
1525,0.0489,7
1526,0.0489,7
1527,0.0489,7
1528,0.0489,7
1529,0.0489,7
1530,0.0489,7
1531,0.0489,7
1532,0.0489,7
1533,0.0489,7
1534,0.0489,7
1535,0.0489,7
1536,0.0489,7
1537,0.0489,7
1538,0.0489,7
1539,0.0489,7
1540,0.0489,7
1541,0.0489,7
1542,0.0489,7
1543,0.0489,7
1544,0.0489,7
1545,0.0489,7
1546,0.0489,7
1547,0.0489,7
1548,0.0489,7
1549,0.0489,7
1550,0.0489,7
1551,0.0489,7
1552,0.0489,7
1553,0.0489,7
1554,0.0489,7
1555,0.0489,7
1556,0.0489,7
1557,0.0489,7
1558,0.0489,7
1559,0.0489,7
1560,0.0489,7
1561,0.0489,7
1562,0.0489,7
1563,0.0489,7
1564,0.0489,7
1565,0.0489,7
1566,0.0489,7
1567,0.0489,7
1568,0.0489,7
1569,0.0489,7
1570,0.0489,7
1571,0.0489,7
1572,0.0489,7
1573,0.0489,7
1574,0.0489,7
1575,0.0489,7
1576,0.0489,7
1577,0.0489,7
1578,0.0489,7
1579,0.0489,7
1580,0.0489,7
1581,0.0489,7
1582,0.0489,7
1583,0.0489,7
1584,0.0489,7
1585,0.0489,7
1586,0.0489,7
1587,0.0489,7
1588,0.0489,7
1589,0.0489,7
1590,0.0489,7
1591,0.0489,7
1592,0.0489,7
1593,0.0489,7
1594,0.0489,7
1595,0.0489,7
1596,0.0489,7
1597,0.0489,7
1598,0.0489,7
1599,0.0489,7
1600,0.0489,7
1601,0.0489,7
1602,0.0489,7
1603,0.0489,7
1604,0.0489,7
1605,0.0489,7
1606,0.0489,7
1607,0.0489,7
1608,0.0489,7
1609,0.0489,7
1610,0.0489,7
1611,0.0489,7
1612,0.0489,7
1613,0.0489,7
1614,0.0489,7
1615,0.0489,7
1616,0.0489,7
1617,0.0489,7
1618,0.0489,7
1619,0.0489,7
1620,0.0489,7
1621,0.0489,7
1622,0.0489,7
1623,0.0489,7
1624,0.0489,7
1625,0.0489,7
1626,0.0489,7
1627,0.0489,7
1628,0.0489,7
1629,0.0489,7
1630,0.0489,7
1631,0.0489,7
1632,0.0489,7
1633,0.0489,7
1634,0.0489,7
1635,0.0489,7
1636,0.0489,7
1637,0.0489,7
1638,0.0489,7
1639,0.0489,7
1640,0.0489,7
1641,0.0489,7
1642,0.0489,7
1643,0.0489,7
1644,0.0489,7
1645,0.0489,7
1646,0.0489,7
1647,0.0489,7
1648,0.0489,7
1649,0.0489,7
1650,0.0489,7
1651,0.0489,7
1652,0.0489,7
1653,0.0489,7
1654,0.0489,7
1655,0.0489,7
1656,0.0489,7
1657,0.0489,7
1658,0.0489,7
1659,0.0489,7
1660,0.0489,7
1661,0.0489,7
1662,0.0489,7
1663,0.0489,7
1664,0.0489,7
1665,0.0489,7
1666,0.0489,7
1667,0.0489,7
1668,0.0489,7
1669,0.0489,7
1670,0.0489,7
1671,0.0489,7
1672,0.0489,7
1673,0.0489,7
1674,0.0489,7
1675,0.0489,7
1676,0.0489,7
1677,0.0489,7
1678,0.0489,7
1679,0.0489,7
1680,0.0489,7
1681,0.0489,7
1682,0.0489,7
1683,0.0489,7
1684,0.0489,7
1685,0.0489,7
1686,0.0489,7
1687,0.0489,7
1688,0.0489,7
1689,0.0489,7
1690,0.0489,7
1691,0.0489,7
1692,0.0489,7
1693,0.0489,7
1694,0.0489,7
1695,0.0489,7
1696,0.0489,7
1697,0.0489,7
1698,0.0489,7
1699,0.0489,7
1700,0.0489,7
1701,0.0489,7
1702,0.0489,7
1703,0.0489,7
1704,0.0489,7
1705,0.0489,7
1706,0.0489,7
1707,0.0489,7
1708,0.0489,7
1709,0.0489,7
1710,0.0489,7
1711,0.0489,7
1712,0.0489,7
1713,0.0489,7
1714,0.0489,7
1715,0.0489,7
1716,0.0489,7
1717,0.0489,7
1718,0.0489,7
1719,0.0489,7
1720,0.0489,7
1721,0.0489,7
1722,0.0489,7
1723,0.0489,7
1724,0.0489,7
1725,0.0489,7
1726,0.0489,7
1727,0.0489,7
1728,0.0489,7
1729,0.0489,7
1730,0.0489,7
1731,0.0489,7
1732,0.0489,7
1733,0.0489,7
1734,0.0489,7
1735,0.0489,7
1736,0.0489,7
1737,0.0489,7
1738,0.0489,7
1739,0.0489,7
1740,0.0489,7
1741,0.0489,7
1742,0.0489,7
1743,0.0489,7
1744,0.0489,7
1745,0.0489,7
1746,0.0489,7
1747,0.0489,7
1748,0.0489,7
1749,0.0489,7
1750,0.0489,7
1751,0.0489,7
1752,0.0489,7
1753,0.0489,7
1754,0.0489,7
1755,0.0489,7
1756,0.0489,7
1757,0.0489,7
1758,0.0489,7
1759,0.0489,7
1760,0.0489,7
1761,0.0489,7
1762,0.0489,7
1763,0.0489,7
1764,0.0489,7
1765,0.0489,7
1766,0.0489,7
1767,0.0489,7
1768,0.0489,7
1769,0.0489,7
1770,0.0489,7
1771,0.0489,7
1772,0.0489,7
1773,0.0489,7
1774,0.0489,7
1775,0.0489,7
1776,0.0489,7
1777,0.0489,7
1778,0.0489,7
1779,0.0489,7
1780,0.0489,7
1781,0.0489,7
1782,0.0489,7
1783,0.0489,7
1784,0.0489,7
1785,0.0489,7
1786,0.0489,7
1787,0.0489,7
1788,0.0489,7
1789,0.0489,7
1790,0.0489,7
1791,0.0489,7
1792,0.0489,7
1793,0.0489,7
1794,0.0489,7
1795,0.0489,7
1796,0.0489,7
1797,0.0489,7
1798,0.0489,7
1799,0.0489,7
1800,0.0489,7
1801,0.0489,7
1802,0.0489,7
1803,0.0489,7
1804,0.0489,7
1805,0.0489,7
1806,0.0489,7
1807,0.0489,7
1808,0.0489,7
1809,0.0489,7
1810,0.0489,7
1811,0.0489,7
1812,0.0489,7
1813,0.0489,7
1814,0.0489,7
1815,0.0489,7
1816,0.0489,7
1817,0.0489,7
1818,0.0489,7
1819,0.0489,7
1820,0.0489,7
1821,0.0489,7
1822,0.0489,7
1823,0.0489,7
1824,0.0489,7
1825,0.0489,7
1826,0.0489,7
1827,0.0489,7
1828,0.0489,7
1829,0.0489,7
1830,0.0489,7
1831,0.0489,7
1832,0.0489,7
1833,0.0489,7
1834,0.0489,7
1835,0.0489,7
1836,0.0489,7
1837,0.0489,7
1838,0.0489,7
1839,0.0489,7
1840,0.0489,7
1841,0.0489,7
1842,0.0489,7
1843,0.0489,7
1844,0.0489,7
1845,0.0489,7
1846,0.0489,7
1847,0.0489,7
1848,0.0489,7
1849,0.0489,7
1850,0.0489,7
1851,0.0489,7
1852,0.0489,7
1853,0.0489,7
1854,0.0489,7
1855,0.0489,7
1856,0.0489,7
1857,0.0489,7
1858,0.0489,7
1859,0.0489,7
1860,0.0489,7
1861,0.0489,7
1862,0.0489,7
1863,0.0489,7
1864,0.0489,7
1865,0.0489,7
1866,0.0489,7
1867,0.0489,7
1868,0.0489,7
1869,0.0489,7
1870,0.0489,7
1871,0.0489,7
1872,0.0489,7
1873,0.0489,7
1874,0.0489,7
1875,0.0489,7
1876,0.0489,7
1877,0.0489,7
1878,0.0489,7
1879,0.0489,7
1880,0.0489,7
1881,0.0489,7
1882,0.0489,7
1883,0.0489,7
1884,0.0489,7
1885,0.0489,7
1886,0.0489,7
1887,0.0489,7
1888,0.0489,7
1889,0.0489,7
1890,0.0489,7
1891,0.0489,7
1892,0.0489,7
1893,0.0489,7
1894,0.0489,7
1895,0.0489,7
1896,0.0489,7
1897,0.0489,7
1898,0.0489,7
1899,0.0489,7
1900,0.0489,7
1901,0.0489,7
1902,0.0489,7
1903,0.0489,7
1904,0.0489,7
1905,0.0489,7
1906,0.0489,7
1907,0.0489,7
1908,0.0489,7
1909,0.0489,7
1910,0.0489,7
1911,0.0489,7
1912,0.0489,7
1913,0.0489,7
1914,0.0489,7
1915,0.0489,7
1916,0.0489,7
1917,0.0489,7
1918,0.0489,7
1919,0.0489,7
1920,0.0489,7
1921,0.0489,7
1922,0.0489,7
1923,0.0489,7
1924,0.0489,7
1925,0.0489,7
1926,0.0489,7
1927,0.0489,7
1928,0.0489,7
1929,0.0489,7
1930,0.0489,7
1931,0.0489,7
1932,0.0489,7
1933,0.0489,7
1934,0.0489,7
1935,0.0489,7
1936,0.0489,7
1937,0.0489,7
1938,0.0489,7
1939,0.0489,7
1940,0.0489,7
1941,0.0489,7
1942,0.0489,7
1943,0.0489,7
1944,0.0489,7
1945,0.0489,7
1946,0.0489,7
1947,0.0489,7
1948,0.0489,7
1949,0.0489,7
1950,0.0489,7
1951,0.0489,7
1952,0.0489,7
1953,0.0489,7
1954,0.0489,7
1955,0.0489,7
1956,0.0489,7
1957,0.0489,7
1958,0.0489,7
1959,0.0489,7
1960,0.0489,7
1961,0.0489,7
1962,0.0489,7
1963,0.0489,7
1964,0.0489,7
1965,0.0489,7
1966,0.0489,7
1967,0.0489,7
1968,0.0489,7
1969,0.0489,7
1970,0.0489,7
1971,0.0489,7
1972,0.0489,7
1973,0.0489,7
1974,0.0489,7
1975,0.0489,7
1976,0.0489,7
1977,0.0489,7
1978,0.0489,7
1979,0.0489,7
1980,0.0489,7
1981,0.0489,7
1982,0.0489,7
1983,0.0489,7
1984,0.0489,7
1985,0.0489,7
1986,0.0489,7
1987,0.0489,7
1988,0.0489,7
1989,0.0489,7
1990,0.0489,7
1991,0.0489,7
1992,0.0489,7
1993,0.0489,7
1994,0.0489,7
1995,0.0489,7
1996,0.0489,7
1997,0.0489,7
1998,0.0489,7
1999,0.0489,7
2000,0.0489,7
2001,0.0489,7
2002,0.0489,7
2003,0.0489,7
2004,0.0489,7
2005,0.0489,7
2006,0.0489,7
2007,0.0489,7
2008,0.0489,7
2009,0.0489,7
2010,0.0489,7
2011,0.0489,7
2012,0.0489,7
2013,0.0489,7
2014,0.0489,7
2015,0.0489,7
2016,0.0489,7
2017,0.0489,7
2018,0.0489,7
2019,0.0489,7
2020,0.0489,7
2021,0.0489,7
2022,0.0489,7
2023,0.0489,7
2024,0.0489,7
2025,0.0489,7
2026,0.0489,7
2027,0.0489,7
2028,0.0489,7
2029,0.0489,7
2030,0.0489,7
2031,0.0489,7
2032,0.0489,7
2033,0.0489,7
2034,0.0489,7
2035,0.0489,7
2036,0.0489,7
2037,0.0489,7
2038,0.0489,7
2039,0.0489,7
2040,0.0489,7
2041,0.0489,7
2042,0.0489,7
2043,0.0489,7
2044,0.0489,7
2045,0.0489,7
2046,0.0489,7
2047,0.0489,7
2048,0.0489,7
2049,0.0489,7
2050,0.0489,7
2051,0.0489,7
2052,0.0489,7
2053,0.0489,7
2054,0.0489,7
2055,0.0489,7
2056,0.0489,7
2057,0.0489,7
2058,0.0489,7
2059,0.0489,7
2060,0.0489,7
2061,0.0489,7
2062,0.0489,7
2063,0.0489,7
2064,0.0489,7
2065,0.0489,7
2066,0.0489,7
2067,0.0489,7
2068,0.0489,7
2069,0.0489,7
2070,0.0489,7
2071,0.0489,7
2072,0.0489,7
2073,0.0489,7
2074,0.0489,7
2075,0.0489,7
2076,0.0489,7
2077,0.0489,7
2078,0.0489,7
2079,0.0489,7
2080,0.0489,7
2081,0.0489,7
2082,0.0489,7
2083,0.0489,7
2084,0.0489,7
2085,0.0489,7
2086,0.0489,7
2087,0.0489,7
2088,0.0489,7
2089,0.0489,7
2090,0.0489,7
2091,0.0489,7
2092,0.0489,7
2093,0.0489,7
2094,0.0489,7
2095,0.0489,7
2096,0.0489,7
2097,0.0489,7
2098,0.0489,7
2099,0.0489,7
2100,0.0489,7
2101,0.0489,7
2102,0.0489,7
2103,0.0489,7
2104,0.0489,7
2105,0.0489,7
2106,0.0489,7
2107,0.0489,7
2108,0.0489,7
2109,0.0489,7
2110,0.0489,7
2111,0.0489,7
2112,0.0489,7
2113,0.0489,7
2114,0.0489,7
2115,0.0489,7
2116,0.0489,7
2117,0.0489,7
2118,0.0489,7
2119,0.0489,7
2120,0.0489,7
2121,0.0489,7
2122,0.0489,7
2123,0.0489,7
2124,0.0489,7
2125,0.0489,7
2126,0.0489,7
2127,0.0489,7
2128,0.0489,7
2129,0.0489,7
2130,0.0489,7
2131,0.0489,7
2132,0.0489,7
2133,0.0489,7
2134,0.0489,7
2135,0.0489,7
2136,0.0489,7
2137,0.0489,7
2138,0.0489,7
2139,0.0489,7
2140,0.0489,7
2141,0.0489,7
2142,0.0489,7
2143,0.0489,7
2144,0.0489,7
2145,0.0489,7
2146,0.0489,7
2147,0.0489,7
2148,0.0489,7
2149,0.0489,7
2150,0.0489,7
2151,0.0489,7
2152,0.0489,7
2153,0.0489,7
2154,0.0489,7
2155,0.0489,7
2156,0.0489,7
2157,0.0489,7
2158,0.0489,7
2159,0.0489,7
2160,0.0489,7
2161,0.0489,7
2162,0.0489,7
2163,0.0489,7
2164,0.0489,7
2165,0.0489,7
2166,0.0489,7
2167,0.0489,7
2168,0.0489,7
2169,0.0489,7
2170,0.0489,7
2171,0.0489,7
2172,0.0489,7
2173,0.0489,7
2174,0.0489,7
2175,0.0489,7
2176,0.0489,7
2177,0.0489,7
2178,0.0489,7
2179,0.0489,7
2180,0.0489,7
2181,0.0489,7
2182,0.0489,7
2183,0.0489,7
2184,0.0489,7
2185,0.0489,7
2186,0.0489,7
2187,0.0489,7
2188,0.0489,7
2189,0.0489,7
2190,0.0489,7
2191,0.0489,7
2192,0.0489,7
2193,0.0489,7
2194,0.0489,7
2195,0.0489,7
2196,0.0489,7
2197,0.0489,7
2198,0.0489,7
2199,0.0489,7
2200,0.0489,7
2201,0.0489,7
2202,0.0489,7
2203,0.0489,7
2204,0.0489,7
2205,0.0489,7
2206,0.0489,7
2207,0.0489,7
2208,0.0489,7
2209,0.0489,7
2210,0.0489,7
2211,0.0489,7
2212,0.0489,7
2213,0.0489,7
2214,0.0489,7
2215,0.0489,7
2216,0.0489,7
2217,0.0489,7
2218,0.0489,7
2219,0.0489,7
2220,0.0489,7
2221,0.0489,7
2222,0.0489,7
2223,0.0489,7
2224,0.0489,7
2225,0.0489,7
2226,0.0489,7
2227,0.0489,7
2228,0.0489,7
2229,0.0489,7
2230,0.0489,7
2231,0.0489,7
2232,0.0489,7
2233,0.0489,7
2234,0.0489,7
2235,0.0489,7
2236,0.0489,7
2237,0.0489,7
2238,0.0489,7
2239,0.0489,7
2240,0.0489,7
2241,0.0489,7
2242,0.0489,7
2243,0.0489,7
2244,0.0489,7
2245,0.0489,7
2246,0.0489,7
2247,0.0489,7
2248,0.0489,7
2249,0.0489,7
2250,0.0489,7
2251,0.0489,7
2252,0.0489,7
2253,0.0489,7
2254,0.0489,7
2255,0.0489,7
2256,0.0489,7
2257,0.0489,7
2258,0.0489,7
2259,0.0489,7
2260,0.0489,7
2261,0.0489,7
2262,0.0489,7
2263,0.0489,7
2264,0.0489,7
2265,0.0489,7
2266,0.0489,7
2267,0.0489,7
2268,0.0489,7
2269,0.0489,7
2270,0.0489,7
2271,0.0489,7
2272,0.0489,7
2273,0.0489,7
2274,0.0489,7
2275,0.0489,7
2276,0.0489,7
2277,0.0489,7
2278,0.0489,7
2279,0.0489,7
2280,0.0489,7
2281,0.0489,7
2282,0.0489,7
2283,0.0489,7
2284,0.0489,7
2285,0.0489,7
2286,0.0489,7
2287,0.0489,7
2288,0.0489,7
2289,0.0489,7
2290,0.0489,7
2291,0.0489,7
2292,0.0489,7
2293,0.0489,7
2294,0.0489,7
2295,0.0489,7
2296,0.0489,7
2297,0.0489,7
2298,0.0489,7
2299,0.0489,7
2300,0.0489,7
2301,0.0489,7
2302,0.0489,7
2303,0.0489,7
2304,0.0489,7
2305,0.0489,7
2306,0.0489,7
2307,0.0489,7
2308,0.0489,7
2309,0.0489,7
2310,0.0489,7
2311,0.0489,7
2312,0.0489,7
2313,0.0489,7
2314,0.0489,7
2315,0.0489,7
2316,0.0489,7
2317,0.0489,7
2318,0.0489,7
2319,0.0489,7
2320,0.0489,7
2321,0.0489,7
2322,0.0489,7
2323,0.0489,7
2324,0.0489,7
2325,0.0489,7
2326,0.0489,7
2327,0.0489,7
2328,0.0489,7
2329,0.0489,7
2330,0.0489,7
2331,0.0489,7
2332,0.0489,7
2333,0.0489,7
2334,0.0489,7
2335,0.0489,7
2336,0.0489,7
2337,0.0489,7
2338,0.0489,7
2339,0.0489,7
2340,0.0489,7
2341,0.0489,7
2342,0.0489,7
2343,0.0489,7
2344,0.0489,7
2345,0.0489,7
2346,0.0489,7
2347,0.0489,7
2348,0.0489,7
2349,0.0489,7
2350,0.0489,7
2351,0.0489,7
2352,0.0489,7
2353,0.0489,7
2354,0.0489,7
2355,0.0489,7
2356,0.0489,7
2357,0.0489,7
2358,0.0489,7
2359,0.0489,7
2360,0.0489,7
2361,0.0489,7
2362,0.0489,7
2363,0.0489,7
2364,0.0489,7
2365,0.0489,7
2366,0.0489,7
2367,0.0489,7
2368,0.0489,7
2369,0.0489,7
2370,0.0489,7
2371,0.0489,7
2372,0.0489,7
2373,0.0489,7
2374,0.0489,7
2375,0.0489,7
2376,0.0489,7
2377,0.0489,7
2378,0.0489,7
2379,0.0489,7
2380,0.0489,7
2381,0.0489,7
2382,0.0489,7
2383,0.0489,7
2384,0.0489,7
2385,0.0489,7
2386,0.0489,7
2387,0.0489,7
2388,0.0489,7
2389,0.0489,7
2390,0.0489,7
2391,0.0489,7
2392,0.0489,7
2393,0.0489,7
2394,0.0489,7
2395,0.0489,7
2396,0.0489,7
2397,0.0489,7
2398,0.0489,7
2399,0.0489,7
2400,0.0489,7
2401,0.0489,7
2402,0.0489,7
2403,0.0489,7
2404,0.0489,7
2405,0.0489,7
2406,0.0489,7
2407,0.0489,7
2408,0.0489,7
2409,0.0489,7
2410,0.0489,7
2411,0.0489,7
2412,0.0489,7
2413,0.0489,7
2414,0.0489,7
2415,0.0489,7
2416,0.0489,7
2417,0.0489,7
2418,0.0489,7
2419,0.0489,7
2420,0.0489,7
2421,0.0489,7
2422,0.0489,7
2423,0.0489,7
2424,0.0489,7
2425,0.0489,7
2426,0.0489,7
2427,0.0489,7
2428,0.0489,7
2429,0.0489,7
2430,0.0489,7
2431,0.0489,7
2432,0.0489,7
2433,0.0489,7
2434,0.0489,7
2435,0.0489,7
2436,0.0489,7
2437,0.0489,7
2438,0.0489,7
2439,0.0489,7
2440,0.0489,7
2441,0.0489,7
2442,0.0489,7
2443,0.0489,7
2444,0.0489,7
2445,0.0489,7
2446,0.0489,7
2447,0.0489,7
2448,0.0489,7
2449,0.0489,7
2450,0.0489,7
2451,0.0489,7
2452,0.0489,7
2453,0.0489,7
2454,0.0489,7
2455,0.0489,7
2456,0.0489,7
2457,0.0489,7
2458,0.0489,7
2459,0.0489,7
2460,0.0489,7
2461,0.0489,7
2462,0.0489,7
2463,0.0489,7
2464,0.0489,7
2465,0.0489,7
2466,0.0489,7
2467,0.0489,7
2468,0.0489,7
2469,0.0489,7
2470,0.0489,7
2471,0.0489,7
2472,0.0489,7
2473,0.0489,7
2474,0.0489,7
2475,0.0489,7
2476,0.0489,7
2477,0.0489,7
2478,0.0489,7
2479,0.0489,7
2480,0.0489,7
2481,0.0489,7
2482,0.0489,7
2483,0.0489,7
2484,0.0489,7
2485,0.0489,7
2486,0.0489,7
2487,0.0489,7
2488,0.0489,7
2489,0.0489,7
2490,0.0489,7
2491,0.0489,7
2492,0.0489,7
2493,0.0489,7
2494,0.0489,7
2495,0.0489,7
2496,0.0489,7
2497,0.0489,7
2498,0.0489,7
2499,0.0489,7
2500,0.0489,7
2501,0.0489,7
2502,0.0489,7
2503,0.0489,7
2504,0.0489,7
2505,0.0489,7
2506,0.0489,7
2507,0.0489,7
2508,0.0489,7
2509,0.0489,7
2510,0.0489,7
2511,0.0489,7
2512,0.0489,7
2513,0.0489,7
2514,0.0489,7
2515,0.0489,7
2516,0.0489,7
2517,0.0489,7
2518,0.0489,7
2519,0.0489,7
2520,0.0489,7
2521,0.0489,7
2522,0.0489,7
2523,0.0489,7
2524,0.0489,7
2525,0.0489,7
2526,0.0489,7
2527,0.0489,7
2528,0.0489,7
2529,0.0489,7
2530,0.0489,7
2531,0.0489,7
2532,0.0489,7
2533,0.0489,7
2534,0.0489,7
2535,0.0489,7
2536,0.0489,7
2537,0.0489,7
2538,0.0489,7
2539,0.0489,7
2540,0.0489,7
2541,0.0489,7
2542,0.0489,7
2543,0.0489,7
2544,0.0489,7
2545,0.0489,7
2546,0.0489,7
2547,0.0489,7
2548,0.0489,7
2549,0.0489,7
2550,0.0489,7
2551,0.0489,7
2552,0.0489,7
2553,0.0489,7
2554,0.0489,7
2555,0.0489,7
2556,0.0489,7
2557,0.0489,7
2558,0.0489,7
2559,0.0489,7
2560,0.0489,7
2561,0.0489,7
2562,0.0489,7
2563,0.0489,7
2564,0.0489,7
2565,0.0489,7
2566,0.0489,7
2567,0.0489,7
2568,0.0489,7
2569,0.0489,7
2570,0.0489,7
2571,0.0489,7
2572,0.0489,7
2573,0.0489,7
2574,0.0489,7
2575,0.0489,7
2576,0.0489,7
2577,0.0489,7
2578,0.0489,7
2579,0.0489,7
2580,0.0489,7
2581,0.0489,7
2582,0.0489,7
2583,0.0489,7
2584,0.0489,7
2585,0.0489,7
2586,0.0489,7
2587,0.0489,7
2588,0.0489,7
2589,0.0489,7
2590,0.0489,7
2591,0.0489,7
2592,0.0489,7
2593,0.0489,7
2594,0.0489,7
2595,0.0489,7
2596,0.0489,7
2597,0.0489,7
2598,0.0489,7
2599,0.0489,7
2600,0.0489,7
2601,0.0489,7
2602,0.0489,7
2603,0.0489,7
2604,0.0489,7
2605,0.0489,7
2606,0.0489,7
2607,0.0489,7
2608,0.0489,7
2609,0.0489,7
2610,0.0489,7
2611,0.0489,7
2612,0.0489,7
2613,0.0489,7
2614,0.0489,7
2615,0.0489,7
2616,0.0489,7
2617,0.0489,7
2618,0.0489,7
2619,0.0489,7
2620,0.0489,7
2621,0.0489,7
2622,0.0489,7
2623,0.0489,7
2624,0.0489,7
2625,0.0489,7
2626,0.0489,7
2627,0.0489,7
2628,0.0489,7
2629,0.0489,7
2630,0.0489,7
2631,0.0489,7
2632,0.0489,7
2633,0.0489,7
2634,0.0489,7
2635,0.0489,7
2636,0.0489,7
2637,0.0489,7
2638,0.0489,7
2639,0.0489,7
2640,0.0489,7
2641,0.0489,7
2642,0.0489,7
2643,0.0489,7
2644,0.0489,7
2645,0.0489,7
2646,0.0489,7
2647,0.0489,7
2648,0.0489,7
2649,0.0489,7
2650,0.0489,7
2651,0.0489,7
2652,0.0489,7
2653,0.0489,7
2654,0.0489,7
2655,0.0489,7
2656,0.0489,7
2657,0.0489,7
2658,0.0489,7
2659,0.0489,7
2660,0.0489,7
2661,0.0489,7
2662,0.0489,7
2663,0.0489,7
2664,0.0489,7
2665,0.0489,7
2666,0.0489,7
2667,0.0489,7
2668,0.0489,7
2669,0.0489,7
2670,0.0489,7
2671,0.0489,7
2672,0.0489,7
2673,0.0489,7
2674,0.0489,7
2675,0.0489,7
2676,0.0489,7
2677,0.0489,7
2678,0.0489,7
2679,0.0489,7
2680,0.0489,7
2681,0.0489,7
2682,0.0489,7
2683,0.0489,7
2684,0.0489,7
2685,0.0489,7
2686,0.0489,7
2687,0.0489,7
2688,0.0489,7
2689,0.0489,7
2690,0.0489,7
2691,0.0489,7
2692,0.0489,7
2693,0.0489,7
2694,0.0489,7
2695,0.0489,7
2696,0.0489,7
2697,0.0489,7
2698,0.0489,7
2699,0.0489,7
2700,0.0489,7
2701,0.0489,7
2702,0.0489,7
2703,0.0489,7
2704,0.0489,7
2705,0.0489,7
2706,0.0489,7
2707,0.0489,7
2708,0.0489,7
2709,0.0489,7
2710,0.0489,7
2711,0.0489,7
2712,0.0489,7
2713,0.0489,7
2714,0.0489,7
2715,0.0489,7
2716,0.0489,7
2717,0.0489,7
2718,0.0489,7
2719,0.0489,7
2720,0.0489,7
2721,0.0489,7
2722,0.0489,7
2723,0.0489,7
2724,0.0489,7
2725,0.0489,7
2726,0.0489,7
2727,0.0489,7
2728,0.0489,7
2729,0.0489,7
2730,0.0489,7
2731,0.0489,7
2732,0.0489,7
2733,0.0489,7
2734,0.0489,7
2735,0.0489,7
2736,0.0489,7
2737,0.0489,7
2738,0.0489,7
2739,0.0489,7
2740,0.0489,7
2741,0.0489,7
2742,0.0489,7
2743,0.0489,7
2744,0.0489,7
2745,0.0489,7
2746,0.0489,7
2747,0.0489,7
2748,0.0489,7
2749,0.0489,7
2750,0.0489,7
2751,0.0489,7
2752,0.0489,7
2753,0.0489,7
2754,0.0489,7
2755,0.0489,7
2756,0.0489,7
2757,0.0489,7
2758,0.0489,7
2759,0.0489,7
2760,0.0489,7
2761,0.0489,7
2762,0.0489,7
2763,0.0489,7
2764,0.0489,7
2765,0.0489,7
2766,0.0489,7
2767,0.0489,7
2768,0.0489,7
2769,0.0489,7
2770,0.0489,7
2771,0.0489,7
2772,0.0489,7
2773,0.0489,7
2774,0.0489,7
2775,0.0489,7
2776,0.0489,7
2777,0.0489,7
2778,0.0489,7
2779,0.0489,7
2780,0.0489,7
2781,0.0489,7
2782,0.0489,7
2783,0.0489,7
2784,0.0489,7
2785,0.0489,7
2786,0.0489,7
2787,0.0489,7
2788,0.0489,7
2789,0.0489,7
2790,0.0489,7
2791,0.0489,7
2792,0.0489,7
2793,0.0489,7
2794,0.0489,7
2795,0.0489,7
2796,0.0489,7
2797,0.0489,7
2798,0.0489,7
2799,0.0489,7
2800,0.0489,7
2801,0.0489,7
2802,0.0489,7
2803,0.0489,7
2804,0.0489,7
2805,0.0489,7
2806,0.0489,7
2807,0.0489,7
2808,0.0489,7
2809,0.0489,7
2810,0.0489,7
2811,0.0489,7
2812,0.0489,7
2813,0.0489,7
2814,0.0489,7
2815,0.0489,7
2816,0.0489,7
2817,0.0489,7
2818,0.0489,7
2819,0.0489,7
2820,0.0489,7
2821,0.0489,7
2822,0.0489,7
2823,0.0489,7
2824,0.0489,7
2825,0.0489,7
2826,0.0489,7
2827,0.0489,7
2828,0.0489,7
2829,0.0489,7
2830,0.0489,7
2831,0.0489,7
2832,0.0489,7
2833,0.0489,7
2834,0.0489,7
2835,0.0489,7
2836,0.0489,7
2837,0.0489,7
2838,0.0489,7
2839,0.0489,7
2840,0.0489,7
2841,0.0489,7
2842,0.0489,7
2843,0.0489,7
2844,0.0489,7
2845,0.0489,7
2846,0.0489,7
2847,0.0489,7
2848,0.0489,7
2849,0.0489,7
2850,0.0489,7
2851,0.0489,7
2852,0.0489,7
2853,0.0489,7
2854,0.0489,7
2855,0.0489,7
2856,0.0489,7
2857,0.0489,7
2858,0.0489,7
2859,0.0489,7
2860,0.0489,7
2861,0.0489,7
2862,0.0489,7
2863,0.0489,7
2864,0.0489,7
2865,0.0489,7
2866,0.0489,7
2867,0.0489,7
2868,0.0489,7
2869,0.0489,7
2870,0.0489,7
2871,0.0489,7
2872,0.0489,7
2873,0.0489,7
2874,0.0489,7
2875,0.0489,7
2876,0.0489,7
2877,0.0489,7
2878,0.0489,7
2879,0.0489,7
2880,0.0489,7
2881,0.0489,7
2882,0.0489,7
2883,0.0489,7
2884,0.0489,7
2885,0.0489,7
2886,0.0489,7
2887,0.0489,7
2888,0.0489,7
2889,0.0489,7
2890,0.0489,7
2891,0.0489,7
2892,0.0489,7
2893,0.0489,7
2894,0.0489,7
2895,0.0489,7
2896,0.0489,7
2897,0.0489,7
2898,0.0489,7
2899,0.0489,7
2900,0.0489,7
2901,0.0489,7
2902,0.0489,7
2903,0.0489,7
2904,0.0489,7
2905,0.0489,7
2906,0.0489,7
2907,0.0489,7
2908,0.0489,7
2909,0.0489,7
2910,0.0489,7
2911,0.0489,7
2912,0.0489,7
2913,0.0489,7
2914,0.0489,7
2915,0.0489,7
2916,0.0489,7
2917,0.0489,7
2918,0.0489,7
2919,0.0489,7
2920,0.0489,7
2921,0.0489,7
2922,0.0489,7
2923,0.0489,7
2924,0.0489,7
2925,0.0489,7
2926,0.0489,7
2927,0.0489,7
2928,0.0489,7
2929,0.0489,7
2930,0.0489,7
2931,0.0489,7
2932,0.0489,7
2933,0.0489,7
2934,0.0489,7
2935,0.0489,7
2936,0.0489,7
2937,0.0489,7
2938,0.0489,7
2939,0.0489,7
2940,0.0489,7
2941,0.0489,7
2942,0.0489,7
2943,0.0489,7
2944,0.0489,7
2945,0.0489,7
2946,0.0489,7
2947,0.0489,7
2948,0.0489,7
2949,0.0489,7
2950,0.0489,7
2951,0.0489,7
2952,0.0489,7
2953,0.0489,7
2954,0.0489,7
2955,0.0489,7
2956,0.0489,7
2957,0.0489,7
2958,0.0489,7
2959,0.0489,7
2960,0.0489,7
2961,0.0489,7
2962,0.0489,7
2963,0.0489,7
2964,0.0489,7
2965,0.0489,7
2966,0.0489,7
2967,0.0489,7
2968,0.0489,7
2969,0.0489,7
2970,0.0489,7
2971,0.0489,7
2972,0.0489,7
2973,0.0489,7
2974,0.0489,7
2975,0.0489,7
2976,0.0489,7
2977,0.0489,7
2978,0.0489,7
2979,0.0489,7
2980,0.0489,7
2981,0.0489,7
2982,0.0489,7
2983,0.0489,7
2984,0.0489,7
2985,0.0489,7
2986,0.0489,7
2987,0.0489,7
2988,0.0489,7
2989,0.0489,7
2990,0.0489,7
2991,0.0489,7
2992,0.0489,7
2993,0.0489,7
2994,0.0489,7
2995,0.0489,7
2996,0.0489,7
2997,0.0489,7
2998,0.0489,7
2999,0.0489,7
3000,0.0489,7
