hh_id,hh_type
HH2000109,NA
HH2000209,NA
HH2000309,NA
HH2000409,NA
HH2000509,NA
HH2000609,NA
HH2000709,NA
HH2000809,NA
HH2000909,NA
HH2001009,NA
HH2001109,NA
HH2001209,NA
HH2001309,NA
HH2001409,NA
HH2001509,NA
HH2001609,NA
HH2001709,NA
HH2001809,NA
HH2002009,NA
HH2002609,NA
HH2002809,NA
HH2002909,NA
HH2003009,NA
HH2003109,NA
HH2003209,NA
HH2003309,NA
HH2003409,NA
HH2003509,NA
HH2003609,NA
HH2003709,NA
HH2003809,NA
HH2003909,NA
HH2004009,NA
HH2004109,NA
HH2004209,NA
HH2004309,NA
HH2004409,NA
HH2004509,NA
HH2004609,NA
HH2004709,NA
HH2004809,NA
HH2004909,NA
HH2005009,NA
HH2005109,NA
HH2005309,NA
HH2005409,NA
HH2005509,NA
HH2005609,NA
HH2005809,NA
HH2005909,NA
HH2006009,NA
HH2006109,NA
HH2006309,NA
HH2006409,NA
HH2006509,NA
HH2006609,NA
HH2006809,NA
HH2006909,NA
HH2007009,NA
HH2007109,NA
HH2007309,NA
HH2007409,NA
HH2007609,NA
HH2007709,NA
HH2007909,NA
HH2008009,NA
HH2008109,NA
HH2008209,NA
HH2008309,NA
HH2008509,NA
HH2008609,NA
HH2008709,NA
HH2008809,NA
HH2008909,NA
HH2009009,NA
HH2009109,NA
HH2009209,NA
HH2009309,NA
HH2009409,NA
HH2009509,NA
HH2009609,NA
HH2009709,NA
HH2009809,NA
HH2009909,NA
HH2010009,NA
HH2010109,NA
HH2010209,NA
HH2010309,NA
HH2010409,NA
HH2010509,NA
HH2010609,NA
HH2010709,NA
HH2010809,NA
HH2010909,NA
HH2011009,NA
HH2011109,NA
HH2011209,NA
HH2011309,NA
HH2011409,NA
HH2011509,NA
HH2011609,NA
HH2011909,NA
HH2012009,NA
HH2012109,NA
HH2012309,NA
HH2012409,NA
HH2012509,NA
HH2012609,NA
HH2012709,NA
HH2012809,NA
HH2012909,NA
HH2013009,NA
HH2013109,NA
HH2013209,NA
HH2013309,NA
HH2013409,NA
HH2013509,NA
HH2013609,NA
HH2013709,NA
HH2013809,NA
HH2013909,NA
HH2014009,NA
HH2014109,NA
HH2014209,NA
HH2014309,NA
HH2014409,NA
HH2014509,NA
HH2014709,NA
HH2014809,NA
HH2014909,NA
HH2015009,NA
HH2015109,NA
HH2015209,NA
HH2015409,NA
HH2015509,NA
HH2015609,NA
HH2015809,NA
HH2015909,NA
HH2016009,NA
HH2016109,NA
HH2016209,NA
HH2016309,NA
HH2016409,NA
HH2016509,NA
HH2016609,NA
HH2016809,NA
HH2016909,NA
HH2017009,NA
HH2017109,NA
HH2017209,NA
HH2017409,NA
HH2017509,NA
HH2017609,NA
HH2017709,NA
HH2017809,NA
HH2017909,NA
HH2018009,NA
HH2018109,NA
HH2018309,NA
HH2018409,NA
HH2018509,NA
HH2018609,NA
HH2018709,NA
HH2018809,NA
HH2018909,NA
HH2019009,NA
HH2019109,NA
HH2019309,NA
HH2019409,NA
HH2019509,NA
HH2019609,NA
HH2019709,NA
HH2019809,NA
HH2019909,NA
HH2020209,NA
HH2020309,NA
HH2020409,NA
HH2020509,NA
HH2020709,NA
HH2020809,NA
HH2020909,NA
HH2021009,NA
HH2021109,NA
HH2021209,NA
HH2021309,NA
HH2021409,NA
HH2021509,NA
HH2021609,NA
HH2021709,NA
HH2021809,NA
HH2021909,NA
HH2022009,NA
HH2022109,NA
HH2022209,NA
HH2022309,NA
HH2022509,NA
HH2022609,NA
HH2022709,NA
HH2022809,NA
HH2022909,NA
HH2023009,NA
HH2023109,NA
HH2023309,NA
HH2023409,NA
HH2023509,NA
HH2023609,NA
HH2023709,NA
HH2023809,NA
HH2023909,NA
HH2024009,NA
HH2024109,NA
HH2024209,NA
HH2024309,NA
HH2024409,NA
HH2024609,NA
HH2024709,NA
HH2024809,NA
HH2024909,NA
HH2025009,NA
HH2025109,NA
HH2025209,NA
HH2025309,NA
HH2025409,NA
HH2025509,NA
HH2025609,NA
HH2025709,NA
HH2025809,NA
HH2025909,NA
HH2026009,NA
HH2026309,NA
HH2026409,NA
HH2026509,NA
HH2026609,NA
HH2026709,NA
HH2026809,NA
HH2026909,NA
HH2027009,NA
HH2027109,NA
HH2027209,NA
HH2027309,NA
HH2027409,NA
HH2027509,NA
HH2027609,NA
HH2027709,NA
HH2027809,NA
HH2028109,NA
HH2028209,NA
HH2028309,NA
HH2028409,NA
HH2028509,NA
HH2028609,NA
HH2028709,NA
HH2028809,NA
HH2028909,NA
HH2029009,NA
HH2029109,NA
HH2029209,NA
HH2029309,NA
HH2029409,NA
HH2029509,NA
HH2029609,NA
HH2029709,NA
HH2029809,NA
HH2029909,NA
HH2030009,NA
HH2030109,NA
HH2030209,NA
HH2030409,NA
HH2030609,NA
HH2030709,NA
HH2030809,NA
HH2030909,NA
HH2031009,NA
HH2031109,NA
HH2031209,NA
HH2031309,NA
HH2031409,NA
HH2031509,NA
HH2031609,NA
HH2031709,NA
HH2031809,NA
HH2031909,NA
HH2032009,NA
HH2032109,NA
HH2032209,NA
HH2032309,NA
HH2032409,NA
HH2032509,NA
HH2032609,NA
HH2032709,NA
HH2033009,NA
HH2033109,NA
HH2033209,NA
HH2033309,NA
HH2033409,NA
HH2033509,NA
HH2033609,NA
HH2033709,NA
HH2033809,NA
HH2033909,NA
HH2034009,NA
HH2034109,NA
HH2034209,NA
HH2034309,NA
HH2034409,NA
HH2034609,NA
HH2034709,NA
HH2034809,NA
HH2034909,NA
HH2035009,NA
HH2035109,NA
HH2035409,NA
HH2035509,NA
HH2035609,NA
HH2035709,NA
HH2035809,NA
HH2035909,NA
HH2036009,NA
HH2036109,NA
HH2036209,NA
HH2036309,NA
HH2036409,NA
HH2036509,NA
HH2036609,NA
HH2036709,NA
HH2036809,NA
HH2036909,NA
HH2037109,NA
HH2037309,NA
HH2037409,NA
HH2037509,NA
HH2037609,NA
HH2037709,NA
HH2037809,NA
HH2037909,NA
HH2038009,NA
HH2038109,NA
HH2038209,NA
HH2038309,NA
HH2038409,NA
HH2038509,NA
HH2038709,NA
HH2038809,NA
HH2038909,NA
HH2039009,NA
HH2039109,NA
HH2039209,NA
HH2039309,NA
HH2039409,NA
HH2039509,NA
HH2039609,NA
HH2039709,NA
HH2039809,NA
HH2039909,NA
HH2040009,NA
HH2040109,NA
HH2040209,NA
HH2040309,NA
HH2040409,NA
HH2040609,NA
HH2040709,NA
HH2040909,NA
HH2041009,NA
HH2041109,NA
HH2041309,NA
HH2041409,NA
HH2041509,NA
HH2041609,NA
HH2041909,NA
HH2042209,NA
HH2042309,NA
HH2042409,NA
HH2042509,NA
HH2042609,NA
HH2042809,NA
HH2042909,NA
HH2043009,NA
HH2043209,NA
HH2043309,NA
HH2043409,NA
HH2043509,NA
HH2043609,NA
HH2043709,NA
HH2043809,NA
HH2044009,NA
HH2044109,NA
HH2044209,NA
HH2044409,NA
HH2044509,NA
HH2044609,NA
HH2044709,NA
HH2044809,NA
HH2044909,NA
HH2045009,NA
HH2045109,NA
HH2045209,NA
HH2045309,NA
HH2045409,NA
HH2045509,NA
HH2045709,NA
HH2046009,NA
HH2046109,NA
HH2046209,NA
HH2046309,NA
HH2046509,NA
HH2046609,NA
HH2046709,NA
HH2046809,NA
HH2046909,NA
HH2047109,NA
HH2047209,NA
HH2047309,NA
HH2047409,NA
HH2047509,NA
HH2047609,NA
HH2047909,NA
HH2048009,NA
HH2048109,NA
HH2048209,NA
HH2048309,NA
HH2048409,NA
HH2048509,NA
HH2048609,NA
HH2048709,NA
HH2048809,NA
HH2048909,NA
HH2049009,NA
HH2049109,NA
HH2049209,NA
HH2049309,NA
HH2050409,NA
HH2050809,NA
HH2051009,NA
HH2051309,NA
HH2051809,NA
HH2052009,NA
HH2052809,NA
HH2053209,NA
HH2054109,NA
HH2054209,NA
HH2055309,NA
HH2055509,NA
HH2055709,NA
HH2056409,NA
HH2056709,NA
HH2057009,NA
HH2057109,NA
HH2057209,NA
HH2057309,NA
HH2057409,NA
HH2057509,NA
HH2057609,NA
HH2057709,NA
HH2057809,NA
HH2057909,NA
HH2058009,NA
HH2058109,NA
HH2058209,NA
HH2058309,NA
HH2058409,NA
HH2058509,NA
HH2058609,NA
HH2058709,NA
HH2058809,NA
HH2058909,NA
HH2059009,NA
HH2059109,NA
HH2059309,NA
HH2059409,NA
HH2059509,NA
HH2059609,NA
HH2059709,NA
HH2059809,NA
HH2059909,NA
HH2060009,NA
HH2060309,NA
HH2060509,NA
HH2060609,NA
HH2060709,NA
HH2060809,NA
HH2060909,NA
HH2061009,NA
HH2061109,NA
HH2061209,NA
HH2061309,NA
HH2061409,NA
HH2061509,NA
HH2061609,NA
HH2061709,NA
HH2061809,NA
HH2061909,NA
HH2062109,NA
HH2062209,NA
HH2062309,NA
HH2062609,NA
HH2062709,NA
HH2062809,NA
HH2063109,NA
HH2063209,NA
HH2063309,NA
HH2063409,NA
HH2063509,NA
HH2063609,NA
HH2063709,NA
HH2063909,NA
HH2064009,NA
HH2064109,NA
HH2064309,NA
HH2064509,NA
HH2064609,NA
HH2064709,NA
HH2064809,NA
HH2064909,NA
HH2065009,NA
HH2065109,NA
HH2065209,NA
HH2065309,NA
HH2065409,NA
HH2065509,NA
HH2065709,NA
HH2065809,NA
HH2069309,NA
HH2069409,NA
HH2069509,NA
HH2069609,NA
HH2069709,NA
HH2069809,NA
HH2069909,NA
HH2070009,NA
HH2070109,NA
HH2070209,NA
HH2070309,NA
HH2070409,NA
HH2070509,NA
HH2070609,NA
HH2070709,NA
HH2070909,NA
HH2071009,NA
HH2071109,NA
HH2071209,NA
HH2071309,NA
HH2071409,NA
HH2071509,NA
HH2071609,NA
HH2071709,NA
HH2071809,NA
HH2071909,NA
HH2072009,NA
HH2072109,NA
HH2072209,NA
HH2072309,NA
HH2072409,NA
HH2072509,NA
HH2072709,NA
HH2072809,NA
HH2072909,NA
HH2073009,NA
HH2073109,NA
HH2073209,NA
HH2073309,NA
HH2073409,NA
HH2073509,NA
HH2073609,NA
HH2073709,NA
HH2073809,NA
HH2073909,NA
HH2074009,NA
HH2074109,NA
HH2074209,NA
HH2074309,NA
HH2074409,NA
HH2074509,NA
HH2074609,NA
HH2074709,NA
HH2074809,NA
HH2074909,NA
HH2075009,NA
HH2075109,NA
HH2075209,NA
HH2075309,NA
HH2075409,NA
HH2075509,NA
HH2075709,NA
HH2075809,NA
HH2075909,NA
HH2076009,NA
HH2076109,NA
HH2076209,NA
HH2076309,NA
HH2076409,NA
HH2076509,NA
HH2076609,NA
HH2076709,NA
HH2076809,NA
HH2076909,NA
HH2077009,NA
HH2077109,NA
HH2077209,NA
HH2077309,NA
HH2077409,NA
HH2077509,NA
HH2077609,NA
HH2077709,NA
HH2077809,NA
HH2077909,NA
HH2078009,NA
HH2078209,NA
HH2078309,NA
HH2078409,NA
HH2078509,NA
HH2078609,NA
HH2078709,NA
HH2078809,NA
HH2078909,NA
HH2079009,NA
HH2079109,NA
HH2079209,NA
HH2079309,NA
HH2079409,NA
HH2079509,NA
HH2079609,NA
HH2079709,NA
HH2079809,NA
HH2079909,NA
HH2080009,NA
HH2080109,NA
HH2080209,NA
HH2080309,NA
HH2080409,NA
HH2080509,NA
HH2080609,NA
HH2080709,NA
HH2080809,NA
HH2080909,NA
HH2081009,NA
HH2081109,NA
HH2081209,NA
HH2081309,NA
HH2081409,NA
HH2081609,NA
HH2081709,NA
HH2081809,NA
HH2081909,NA
HH2082009,NA
HH2082109,NA
HH2082209,NA
HH2082309,NA
HH2082409,NA
HH2082509,NA
HH2082609,NA
HH2082709,NA
HH2082809,NA
HH2082909,NA
HH2083009,NA
HH2083109,NA
HH2083309,NA
HH2083409,NA
HH2083509,NA
HH2083609,NA
HH2083709,NA
HH2083809,NA
HH2083909,NA
HH2084009,NA
HH2084109,NA
HH2084209,NA
HH2084309,NA
HH2084409,NA
HH2084509,NA
HH2084609,NA
HH2084709,NA
HH2084809,NA
HH2084909,NA
HH2085009,NA
HH2085109,NA
HH2085209,NA
HH2085309,NA
HH2085409,NA
HH2085509,NA
HH2085709,NA
HH2085809,NA
HH2085909,NA
HH2086009,NA
HH2086109,NA
HH2086209,NA
HH2086309,NA
HH2086409,NA
HH2086509,NA
HH2086609,NA
HH2086709,NA
HH2086809,NA
HH2086909,NA
HH2087009,NA
HH2087109,NA
HH2087209,NA
HH2087309,NA
HH2087409,NA
HH2087509,NA
HH2087609,NA
HH2087709,NA
HH2087809,NA
HH2087909,NA
HH2088009,NA
HH2088209,NA
HH2088309,NA
HH2088409,NA
HH2088509,NA
HH2088609,NA
HH2088709,NA
HH2088909,NA
HH2089009,NA
HH2089109,NA
HH2089209,NA
HH2089309,NA
HH2089409,NA
HH2089509,NA
HH2089609,NA
HH2089709,NA
HH2089809,NA
HH2089909,NA
HH2090109,NA
HH2090209,NA
HH2090409,NA
HH2090509,NA
HH2090609,NA
HH2090709,NA
HH2090809,NA
HH2090909,NA
HH2091009,NA
HH2091109,NA
HH2091209,NA
HH2091509,NA
HH2091609,NA
HH2091709,NA
HH2091809,NA
HH2091909,NA
HH2092009,NA
HH2092109,NA
HH2092209,NA
HH2092309,NA
HH2092409,NA
HH2092509,NA
HH2092609,NA
HH2092709,NA
HH2092809,NA
HH2093009,NA
HH2093109,NA
HH2093209,NA
HH2093309,NA
HH2093409,NA
HH2093509,NA
HH2093609,NA
HH2093709,NA
HH2093809,NA
HH2093909,NA
HH2094009,NA
HH2094109,NA
HH2094209,NA
HH2094309,NA
HH2094409,NA
HH2094509,NA
HH2094609,NA
HH2094709,NA
HH2094809,NA
HH2095009,NA
HH2095109,NA
HH2095209,NA
HH2095309,NA
HH2095409,NA
HH2095509,NA
HH2095609,NA
HH2095709,NA
HH2095809,NA
HH2095909,NA
HH2096009,NA
HH2096109,NA
HH2096209,NA
HH2096309,NA
HH2096409,NA
HH2096509,NA
HH2096609,NA
HH2096709,NA
HH2096909,NA
HH2097009,NA
HH2097109,NA
HH2097209,NA
HH2097309,NA
HH2097409,NA
HH2097509,NA
HH2097609,NA
HH2097709,NA
HH2097809,NA
HH2097909,NA
HH2098009,NA
HH2098109,NA
HH2098209,NA
HH2098309,NA
HH2098409,NA
HH2098509,NA
HH2098609,NA
HH2098709,NA
HH2098809,NA
HH2098909,NA
HH2099009,NA
HH2099109,NA
HH2099209,NA
HH2099309,NA
HH2099409,NA
HH2099509,NA
HH2099609,NA
HH2099709,NA
HH2099809,NA
HH2099909,NA
HH2100009,NA
HH2100109,NA
HH2100209,NA
HH2100309,NA
HH2100409,NA
HH2100509,NA
HH2100909,NA
HH2101009,NA
HH2101109,NA
HH2101209,NA
HH2101309,NA
HH2101409,NA
HH2101509,NA
HH2101609,NA
HH2101709,NA
HH2101809,NA
HH2101909,NA
HH2102009,NA
HH2102109,NA
HH2102209,NA
HH2102309,NA
HH2102409,NA
HH2102509,NA
HH2102609,NA
HH2102709,NA
HH2102809,NA
HH2102909,NA
HH2103009,NA
HH2103109,NA
HH2103209,NA
HH2103309,NA
HH2103409,NA
HH2103509,NA
HH2103609,NA
HH2103709,NA
HH2103809,NA
HH2103909,NA
HH2104009,NA
HH2104109,NA
HH2104209,NA
HH2104309,NA
HH2104409,NA
HH2104509,NA
HH2104609,NA
HH2104709,NA
HH2104909,NA
HH2105009,NA
HH2105109,NA
HH2105209,NA
HH2105309,NA
HH2105409,NA
HH2105509,NA
HH2105609,NA
HH2105809,NA
HH2105909,NA
HH2106009,NA
HH2106109,NA
HH2106209,NA
HH2106309,NA
HH2106409,NA
HH2106509,NA
HH2106609,NA
HH2106809,NA
HH2106909,NA
HH2107009,NA
HH2107109,NA
HH2107209,NA
HH2107309,NA
HH2107409,NA
HH2107509,NA
HH2107609,NA
HH2107709,NA
HH2107909,NA
HH2108109,NA
HH2108209,NA
HH2108309,NA
HH2108409,NA
HH2108509,NA
HH2108709,NA
HH2108809,NA
HH2108909,NA
HH2109009,NA
HH2109109,NA
HH2109209,NA
HH2109409,NA
HH2109509,NA
HH2109609,NA
HH2109709,NA
HH2109809,NA
HH2109909,NA
HH2110009,NA
HH2110109,NA
HH2110209,NA
HH2110309,NA
HH2110409,NA
HH2110509,NA
HH2110609,NA
HH2110709,NA
HH2110809,NA
HH2110909,NA
HH2111009,NA
HH2111109,NA
HH2111209,NA
HH2111309,NA
HH2111409,NA
HH2111509,NA
HH2111609,NA
HH2111809,NA
HH2111909,NA
HH2112009,NA
HH2112109,NA
HH2112209,NA
HH2112309,NA
HH2112409,NA
HH2112509,NA
HH2112609,NA
HH2112809,NA
HH2112909,NA
HH2113109,NA
HH2113209,NA
HH2113309,NA
HH2113409,NA
HH2113509,NA
HH2113609,NA
HH2113709,NA
HH2113809,NA
HH2113909,NA
HH2114009,NA
HH2114109,NA
HH2114209,NA
HH2114409,NA
HH2114509,NA
HH2114609,NA
HH2114709,NA
HH2114909,NA
HH2115009,NA
HH2115109,NA
HH2115409,NA
HH2115509,NA
HH2115609,NA
HH2115709,NA
HH2115809,NA
HH2116109,NA
HH2116209,NA
HH2116309,NA
HH2116409,NA
HH2116509,NA
HH2116609,NA
HH2116709,NA
HH2116809,NA
HH2116909,NA
HH2117009,NA
HH2117109,NA
HH2117209,NA
HH2117309,NA
HH2117409,NA
HH2117609,NA
HH2117809,NA
HH2118009,NA
HH2118109,NA
HH2118209,NA
HH2118309,NA
HH2118509,NA
HH2118609,NA
HH2118709,NA
HH2118809,NA
HH2118909,NA
HH2119209,NA
HH2119309,NA
HH2119409,NA
HH2119609,NA
HH2119709,NA
HH2120209,NA
HH2120409,NA
HH2120509,NA
HH2120609,NA
HH2120809,NA
HH2120909,NA
HH2121109,NA
HH2121309,NA
HH2121409,NA
HH2121509,NA
HH2121609,NA
HH2121709,NA
HH2121809,NA
HH2121909,NA
HH2122009,NA
HH2122109,NA
HH2122209,NA
HH2122409,NA
HH2122709,NA
HH2122809,NA
HH2123109,NA
HH2123209,NA
HH2123309,NA
HH2123409,NA
HH2123609,NA
HH2123709,NA
HH2123809,NA
HH2123909,NA
HH2124009,NA
HH2124109,NA
HH2124409,NA
HH2124509,NA
HH2124609,NA
HH2124709,NA
HH2124809,NA
HH2124909,NA
HH2125009,NA
HH2125109,NA
HH2125209,NA
HH2125409,NA
HH2125509,NA
HH2125609,NA
HH2125809,NA
HH2125909,NA
HH2126009,NA
HH2126109,NA
HH2126409,NA
HH2126509,NA
HH2126609,NA
HH2126709,NA
HH2126909,NA
HH2127009,NA
HH2127109,NA
HH2127209,NA
HH2127409,NA
HH2127509,NA
HH2127809,NA
HH2127909,NA
HH2128009,NA
HH2128109,NA
HH2128209,NA
HH2128309,NA
HH2128409,NA
HH2128509,NA
HH2128709,NA
HH2128909,NA
HH2129009,NA
HH2129109,NA
HH2129209,NA
HH2129309,NA
HH2129509,NA
HH2129609,NA
HH2129709,NA
HH2129809,NA
HH2129909,NA
HH2130009,NA
HH2130109,NA
HH2130209,NA
HH2130609,NA
HH2130709,NA
HH2130809,NA
HH2130909,NA
HH2131109,NA
HH2131209,NA
HH2131309,NA
HH2131409,NA
HH2131509,NA
HH2131609,NA
HH2131709,NA
HH2132109,NA
HH2132209,NA
HH2132309,NA
HH2132409,NA
HH2132509,NA
HH2132609,NA
HH2133109,NA
HH2133209,NA
HH2133409,NA
HH2133509,NA
HH2133609,NA
HH2133709,NA
HH2134109,NA
HH2134509,NA
HH2134709,NA
HH2134909,NA
HH2135009,NA
HH2135509,NA
HH2135609,NA
HH2135709,NA
HH2135909,NA
HH2136109,NA
HH2136209,NA
HH2136409,NA
HH2137209,NA
HH2137409,NA
HH2137509,NA
HH2137709,NA
HH2137809,NA
HH2137909,NA
HH2138009,NA
HH2138109,NA
HH2138209,NA
HH2138309,NA
HH2138409,NA
HH2138509,NA
HH2138609,NA
HH2138709,NA
HH2138809,NA
HH2138909,NA
HH2139009,NA
HH2139109,NA
HH2139209,NA
HH2139309,NA
HH2139409,NA
HH2139509,NA
HH2139609,NA
HH2139809,NA
HH2140109,NA
HH2140209,NA
HH2140309,NA
HH2140409,NA
HH2140509,NA
HH2140609,NA
HH2140709,NA
HH2140809,NA
HH2140909,NA
HH2141109,NA
HH2141209,NA
HH2141309,NA
HH2141409,NA
HH2141609,NA
HH2141809,NA
HH2141909,NA
HH2142009,NA
HH2142109,NA
HH2142209,NA
HH2142309,NA
HH2142509,NA
HH2142909,NA
HH2143009,NA
HH2143109,NA
HH2143209,NA
HH2143509,NA
HH2143609,NA
HH2144009,NA
HH2144209,NA
HH2144309,NA
HH2144409,NA
HH2144509,NA
HH2144609,NA
HH2144709,NA
HH2144809,NA
HH2144909,NA
HH2145009,NA
HH2145109,NA
HH2145209,NA
HH2145309,NA
HH2145409,NA
HH2145509,NA
HH2145609,NA
HH2145709,NA
HH2145809,NA
HH2145909,NA
HH2146009,NA
HH2146109,NA
HH2146209,NA
HH2146409,NA
HH2146509,NA
HH2146609,NA
HH2146709,NA
HH2147009,NA
HH2147209,NA
HH2147709,NA
HH2147809,NA
HH2147909,NA
HH2148009,NA
HH2148109,NA
HH2148209,NA
HH2148309,NA
HH2148409,NA
HH2148509,NA
HH2148609,NA
HH2148709,NA
HH2148809,NA
HH2148909,NA
HH2149009,NA
HH2149109,NA
HH2149209,NA
HH2149309,NA
HH2149409,NA
HH2149509,NA
HH2149609,NA
HH2149709,NA
HH2149809,NA
HH2149909,NA
HH2150009,NA
HH2000110,NA
HH2000210,NA
HH2000310,NA
HH2000410,NA
HH2000510,NA
HH2000710,NA
HH2000810,NA
HH2000910,NA
HH2001010,NA
HH2001110,NA
HH2001210,NA
HH2001310,NA
HH2001610,NA
HH2001710,NA
HH2001810,NA
HH2002610,NA
HH2002810,NA
HH2002910,NA
HH2003010,NA
HH2003110,NA
HH2003210,NA
HH2003410,NA
HH2003510,NA
HH2003610,NA
HH2003710,NA
HH2003810,NA
HH2003910,NA
HH2004010,NA
HH2004110,NA
HH2004210,NA
HH2004310,NA
HH2004510,NA
HH2004610,NA
HH2004710,NA
HH2004810,NA
HH2004910,NA
HH2005010,NA
HH2005310,NA
HH2005410,NA
HH2005510,NA
HH2005610,NA
HH2005810,NA
HH2005910,NA
HH2006010,NA
HH2006410,NA
HH2006510,NA
HH2006610,NA
HH2006910,NA
HH2007010,NA
HH2007110,NA
HH2007310,NA
HH2007410,NA
HH2007610,NA
HH2007710,NA
HH2007910,NA
HH2008010,NA
HH2008110,NA
HH2008210,NA
HH2008310,NA
HH2008510,NA
HH2008710,NA
HH2008810,NA
HH2009010,NA
HH2009110,NA
HH2009210,NA
HH2009310,NA
HH2009410,NA
HH2009510,NA
HH2009610,NA
HH2009710,NA
HH2009810,NA
HH2009910,NA
HH2010010,NA
HH2010210,NA
HH2010310,NA
HH2010410,NA
HH2010510,NA
HH2010610,NA
HH2010710,NA
HH2010810,NA
HH2010910,NA
HH2011010,NA
HH2011110,NA
HH2011210,NA
HH2011310,NA
HH2011410,NA
HH2011510,NA
HH2011610,NA
HH2011910,NA
HH2012010,NA
HH2012110,NA
HH2012310,NA
HH2012410,NA
HH2012510,NA
HH2012610,NA
HH2012710,NA
HH2012810,NA
HH2012910,NA
HH2013010,NA
HH2013110,NA
HH2013210,NA
HH2013310,NA
HH2013410,NA
HH2013510,NA
HH2013610,NA
HH2013710,NA
HH2013810,NA
HH2013910,NA
HH2014110,NA
HH2014210,NA
HH2014310,NA
HH2014410,NA
HH2014510,NA
HH2014710,NA
HH2014810,NA
HH2014910,NA
HH2015010,NA
HH2015210,NA
HH2015410,NA
HH2015510,NA
HH2015610,NA
HH2015810,NA
HH2015910,NA
HH2016010,NA
HH2016110,NA
HH2016210,NA
HH2016310,NA
HH2016410,NA
HH2016510,NA
HH2016610,NA
HH2016810,NA
HH2016910,NA
HH2017010,NA
HH2017110,NA
HH2017210,NA
HH2017410,NA
HH2017510,NA
HH2017610,NA
HH2017710,NA
HH2017810,NA
HH2018010,NA
HH2018110,NA
HH2018310,NA
HH2018410,NA
HH2018510,NA
HH2018610,NA
HH2018710,NA
HH2018810,NA
HH2018910,NA
HH2019010,NA
HH2019110,NA
HH2019310,NA
HH2019410,NA
HH2019510,NA
HH2019610,NA
HH2019710,NA
HH2019810,NA
HH2020210,NA
HH2020310,NA
HH2020410,NA
HH2020510,NA
HH2020710,NA
HH2020810,NA
HH2020910,NA
HH2021010,NA
HH2021110,NA
HH2021210,NA
HH2021310,NA
HH2021410,NA
HH2021510,NA
HH2021610,NA
HH2021710,NA
HH2021810,NA
HH2021910,NA
HH2022010,NA
HH2022110,NA
HH2022210,NA
HH2022310,NA
HH2022510,NA
HH2022610,NA
HH2022910,NA
HH2023010,NA
HH2023310,NA
HH2023410,NA
HH2023510,NA
HH2023610,NA
HH2023710,NA
HH2023810,NA
HH2023910,NA
HH2024110,NA
HH2024210,NA
HH2024310,NA
HH2024410,NA
HH2024610,NA
HH2024710,NA
HH2024810,NA
HH2024910,NA
HH2025010,NA
HH2025110,NA
HH2025210,NA
HH2025310,NA
HH2025410,NA
HH2025510,NA
HH2025610,NA
HH2025710,NA
HH2025810,NA
HH2025910,NA
HH2026010,NA
HH2026310,NA
HH2026410,NA
HH2026510,NA
HH2026610,NA
HH2026710,NA
HH2026810,NA
HH2026910,NA
HH2027010,NA
HH2027110,NA
HH2027210,NA
HH2027310,NA
HH2027410,NA
HH2027510,NA
HH2027710,NA
HH2027810,NA
HH2028110,NA
HH2028210,NA
HH2028310,NA
HH2028410,NA
HH2028510,NA
HH2028610,NA
HH2028710,NA
HH2028810,NA
HH2028910,NA
HH2029010,NA
HH2029110,NA
HH2029210,NA
HH2029410,NA
HH2029510,NA
HH2029610,NA
HH2029710,NA
HH2029810,NA
HH2029910,NA
HH2030010,NA
HH2030110,NA
HH2030410,NA
HH2030610,NA
HH2030710,NA
HH2030810,NA
HH2030910,NA
HH2031010,NA
HH2031110,NA
HH2031210,NA
HH2031310,NA
HH2031410,NA
HH2031510,NA
HH2031610,NA
HH2031710,NA
HH2031810,NA
HH2031910,NA
HH2032010,NA
HH2032110,NA
HH2032210,NA
HH2032310,NA
HH2032410,NA
HH2032510,NA
HH2032610,NA
HH2032710,NA
HH2033010,NA
HH2033110,NA
HH2033210,NA
HH2033310,NA
HH2033410,NA
HH2033510,NA
HH2033610,NA
HH2033710,NA
HH2033810,NA
HH2033910,NA
HH2034010,NA
HH2034110,NA
HH2034210,NA
HH2034410,NA
HH2034610,NA
HH2034710,NA
HH2034810,NA
HH2034910,NA
HH2035010,NA
HH2035110,NA
HH2035410,NA
HH2035510,NA
HH2035610,NA
HH2035810,NA
HH2035910,NA
HH2036010,NA
HH2036110,NA
HH2036210,NA
HH2036510,NA
HH2036610,NA
HH2036810,NA
HH2036910,NA
HH2037110,NA
HH2037310,NA
HH2037410,NA
HH2037510,NA
HH2037610,NA
HH2037710,NA
HH2037910,NA
HH2038010,NA
HH2038210,NA
HH2038310,NA
HH2038410,NA
HH2038510,NA
HH2038710,NA
HH2038810,NA
HH2038910,NA
HH2039110,NA
HH2039310,NA
HH2039410,NA
HH2039510,NA
HH2039610,NA
HH2039710,NA
HH2039810,NA
HH2039910,NA
HH2040010,NA
HH2040110,NA
HH2040210,NA
HH2040410,NA
HH2040610,NA
HH2040710,NA
HH2040910,NA
HH2041110,NA
HH2041310,NA
HH2041410,NA
HH2041510,NA
HH2041610,NA
HH2041910,NA
HH2042210,NA
HH2042310,NA
HH2042410,NA
HH2042510,NA
HH2042610,NA
HH2042810,NA
HH2042910,NA
HH2043010,NA
HH2043310,NA
HH2043410,NA
HH2043510,NA
HH2043610,NA
HH2043710,NA
HH2043810,NA
HH2044110,NA
HH2044210,NA
HH2044410,NA
HH2044510,NA
HH2044610,NA
HH2044710,NA
HH2044810,NA
HH2044910,NA
HH2045010,NA
HH2045110,NA
HH2045310,NA
HH2045410,NA
HH2045510,NA
HH2046010,NA
HH2046110,NA
HH2046210,NA
HH2046310,NA
HH2046510,NA
HH2046610,NA
HH2046710,NA
HH2046810,NA
HH2046910,NA
HH2047110,NA
HH2047210,NA
HH2047410,NA
HH2047510,NA
HH2047610,NA
HH2047910,NA
HH2048010,NA
HH2048110,NA
HH2048210,NA
HH2048310,NA
HH2048410,NA
HH2048510,NA
HH2048610,NA
HH2048810,NA
HH2048910,NA
HH2049010,NA
HH2049110,NA
HH2049210,NA
HH2049310,NA
HH2050810,NA
HH2051810,NA
HH2052010,NA
HH2052810,NA
HH2053210,NA
HH2054110,NA
HH2054210,NA
HH2055310,NA
HH2055510,NA
HH2055710,NA
HH2056710,NA
HH2057010,NA
HH2057110,NA
HH2057210,NA
HH2057310,NA
HH2057410,NA
HH2057510,NA
HH2057710,NA
HH2057810,NA
HH2057910,NA
HH2058010,NA
HH2058110,NA
HH2058210,NA
HH2058310,NA
HH2058410,NA
HH2058510,NA
HH2058610,NA
HH2058810,NA
HH2059010,NA
HH2059110,NA
HH2059310,NA
HH2059410,NA
HH2059510,NA
HH2059610,NA
HH2059710,NA
HH2059810,NA
HH2059910,NA
HH2060310,NA
HH2060510,NA
HH2060610,NA
HH2060710,NA
HH2060810,NA
HH2060910,NA
HH2061010,NA
HH2061110,NA
HH2061210,NA
HH2061310,NA
HH2061410,NA
HH2061610,NA
HH2061710,NA
HH2061810,NA
HH2061910,NA
HH2062110,NA
HH2062210,NA
HH2062310,NA
HH2062610,NA
HH2062710,NA
HH2062810,NA
HH2063210,NA
HH2063510,NA
HH2063610,NA
HH2063710,NA
HH2063910,NA
HH2064110,NA
HH2064310,NA
HH2064510,NA
HH2064610,NA
HH2064710,NA
HH2064810,NA
HH2064910,NA
HH2065010,NA
HH2065110,NA
HH2065310,NA
HH2065510,NA
HH2065710,NA
HH2069810,NA
HH2070010,NA
HH2070210,NA
HH2070410,NA
HH2070510,NA
HH2070610,NA
HH2070910,NA
HH2071210,NA
HH2071310,NA
HH2071610,NA
HH2071810,NA
HH2071910,NA
HH2072010,NA
HH2072310,NA
HH2072410,NA
HH2072710,NA
HH2072810,NA
HH2072910,NA
HH2073010,NA
HH2073110,NA
HH2073210,NA
HH2073510,NA
HH2073610,NA
HH2073810,NA
HH2073910,NA
HH2074410,NA
HH2074810,NA
HH2074910,NA
HH2075110,NA
HH2075510,NA
HH2075910,NA
HH2076010,NA
HH2076110,NA
HH2076210,NA
HH2076310,NA
HH2076410,NA
HH2076610,NA
HH2076810,NA
HH2076910,NA
HH2077010,NA
HH2077310,NA
HH2077410,NA
HH2077610,NA
HH2077810,NA
HH2077910,NA
HH2078210,NA
HH2078510,NA
HH2078610,NA
HH2078810,NA
HH2078910,NA
HH2079010,NA
HH2079210,NA
HH2079410,NA
HH2079510,NA
HH2079710,NA
HH2079810,NA
HH2080310,NA
HH2080410,NA
HH2080610,NA
HH2080710,NA
HH2080810,NA
HH2081010,NA
HH2081210,NA
HH2081310,NA
HH2081610,NA
HH2082010,NA
HH2082110,NA
HH2082210,NA
HH2082310,NA
HH2082410,NA
HH2082510,NA
HH2082610,NA
HH2082710,NA
HH2082810,NA
HH2083110,NA
HH2083710,NA
HH2083910,NA
HH2084110,NA
HH2084310,NA
HH2084610,NA
HH2084810,NA
HH2085110,NA
HH2085410,NA
HH2085510,NA
HH2085710,NA
HH2086010,NA
HH2086110,NA
HH2086610,NA
HH2086810,NA
HH2086910,NA
HH2087010,NA
HH2087110,NA
HH2087310,NA
HH2087410,NA
HH2087510,NA
HH2087710,NA
HH2087910,NA
HH2088310,NA
HH2088410,NA
HH2088510,NA
HH2088710,NA
HH2088910,NA
HH2089210,NA
HH2089410,NA
HH2089610,NA
HH2089710,NA
HH2090210,NA
HH2090410,NA
HH2090510,NA
HH2090610,NA
HH2090710,NA
HH2090810,NA
HH2090910,NA
HH2091010,NA
HH2091710,NA
HH2091910,NA
HH2092110,NA
HH2092210,NA
HH2092810,NA
HH2093110,NA
HH2093210,NA
HH2093410,NA
HH2093710,NA
HH2093910,NA
HH2094010,NA
HH2094110,NA
HH2094310,NA
HH2094610,NA
HH2095010,NA
HH2095510,NA
HH2095610,NA
HH2095710,NA
HH2095810,NA
HH2096010,NA
HH2096110,NA
HH2096210,NA
HH2096410,NA
HH2096710,NA
HH2097010,NA
HH2097210,NA
HH2097310,NA
HH2097410,NA
HH2097810,NA
HH2098010,NA
HH2098110,NA
HH2098410,NA
HH2098510,NA
HH2098610,NA
HH2098710,NA
HH2099010,NA
HH2099310,NA
HH2099410,NA
HH2099610,NA
HH2099710,NA
HH2100010,NA
HH2100110,NA
HH2100210,NA
HH2100310,NA
HH2100510,NA
HH2101010,NA
HH2101210,NA
HH2101710,NA
HH2101810,NA
HH2101910,NA
HH2102010,NA
HH2102310,NA
HH2102610,NA
HH2102710,NA
HH2102810,NA
HH2103010,NA
HH2103310,NA
HH2103410,NA
HH2103610,NA
HH2103810,NA
HH2104110,NA
HH2104210,NA
HH2104510,NA
HH2104610,NA
HH2104710,NA
HH2104910,NA
HH2105010,NA
HH2105110,NA
HH2105210,NA
HH2105410,NA
HH2105610,NA
HH2105810,NA
HH2105910,NA
HH2106010,NA
HH2106210,NA
HH2106410,NA
HH2106510,NA
HH2106610,NA
HH2107310,NA
HH2107610,NA
HH2107710,NA
HH2108210,NA
HH2108310,NA
HH2108410,NA
HH2108710,NA
HH2108910,NA
HH2109110,NA
HH2109410,NA
HH2109510,NA
HH2109610,NA
HH2109710,NA
HH2109810,NA
HH2110110,NA
HH2110210,NA
HH2110310,NA
HH2110410,NA
HH2110510,NA
HH2110610,NA
HH2110810,NA
HH2111010,NA
HH2111110,NA
HH2111410,NA
HH2112210,NA
HH2112410,NA
HH2112510,NA
HH2112610,NA
HH2112810,NA
HH2113210,NA
HH2113410,NA
HH2113510,NA
HH2113810,NA
HH2114010,NA
HH2114110,NA
HH2114710,NA
HH2115410,NA
HH2116310,NA
HH2116410,NA
HH2116510,NA
HH2116610,NA
HH2116910,NA
HH2117010,NA
HH2117110,NA
HH2117310,NA
HH2117410,NA
HH2118010,NA
HH2118110,NA
HH2118210,NA
HH2118610,NA
HH2118710,NA
HH2119610,NA
HH2119710,NA
HH2120610,NA
HH2120910,NA
HH2121610,NA
HH2122110,NA
HH2122410,NA
HH2122710,NA
HH2122810,NA
HH2123110,NA
HH2123210,NA
HH2123310,NA
HH2123610,NA
HH2124010,NA
HH2125010,NA
HH2125110,NA
HH2125510,NA
HH2125910,NA
HH2126010,NA
HH2126110,NA
HH2126410,NA
HH2126510,NA
HH2126910,NA
HH2127110,NA
HH2127410,NA
HH2127510,NA
HH2127910,NA
HH2128310,NA
HH2128510,NA
HH2129210,NA
HH2129510,NA
HH2129710,NA
HH2130110,NA
HH2130810,NA
HH2131210,NA
HH2131310,NA
HH2131410,NA
HH2131510,NA
HH2132110,NA
HH2132210,NA
HH2132410,NA
HH2132510,NA
HH2132610,NA
HH2133610,NA
HH2134110,NA
HH2134910,NA
HH2135510,NA
HH2135610,NA
HH2135710,NA
HH2135910,NA
HH2136210,NA
HH2137410,NA
HH2137710,NA
HH2137910,NA
HH2138010,NA
HH2138110,NA
HH2138710,NA
HH2138910,NA
HH2139410,NA
HH2139510,NA
HH2140410,NA
HH2140710,NA
HH2140810,NA
HH2141110,NA
HH2141310,NA
HH2141410,NA
HH2142110,NA
HH2142310,NA
HH2142510,NA
HH2142910,NA
HH2143010,NA
HH2143110,NA
HH2144010,NA
HH2144210,NA
HH2144310,NA
HH2144410,NA
HH2144510,NA
HH2144610,NA
HH2144710,NA
HH2144810,NA
HH2145210,NA
HH2145710,NA
HH2145810,NA
HH2146010,NA
HH2146110,NA
HH2146210,NA
HH2146610,NA
HH2146710,NA
HH2147710,NA
HH2147810,NA
HH2148110,NA
HH2148210,NA
HH2148310,NA
HH2148410,NA
HH2148510,NA
HH2148610,NA
HH2148710,NA
HH2148810,NA
HH2148910,NA
HH2149110,NA
HH2149210,NA
HH2149510,NA
HH2149710,NA
HH2149910,NA
HH2150410,NA
HH2150510,NA
HH2150610,NA
HH2150710,NA
HH2150810,NA
HH2150910,NA
HH2151010,NA
HH2151110,NA
HH2151210,NA
HH2151310,NA
HH2151410,NA
HH2151510,NA
HH2151610,NA
HH2151710,NA
HH2151810,NA
HH2151910,NA
HH2152010,NA
HH2152110,NA
HH2152210,NA
HH2152310,NA
HH2152410,NA
HH2152510,NA
HH2152610,NA
HH2152710,NA
HH2152810,NA
HH2152910,NA
HH2153010,NA
HH2153110,NA
HH2153210,NA
HH2153310,NA
HH2153410,NA
HH2153510,NA
HH2153610,NA
HH2153710,NA
HH2153810,NA
HH2153910,NA
HH2154010,NA
HH2154110,NA
HH2154210,NA
HH2154310,NA
HH2154410,NA
HH2154510,NA
HH2154610,NA
HH2154710,NA
HH2154810,NA
HH2154910,NA
HH2155010,NA
HH2155110,NA
HH2155210,NA
HH2155310,NA
HH2155410,NA
HH2155510,NA
HH2155610,NA
HH2155710,NA
HH2155810,NA
HH2155910,NA
HH2156010,NA
HH2156110,NA
HH2156210,NA
HH2156310,NA
HH2156410,NA
HH2156510,NA
HH2156610,NA
HH2156810,NA
HH2157210,NA
HH2157310,NA
HH2157410,NA
HH2157610,NA
HH2157710,NA
HH2157810,NA
HH2158010,NA
HH2158110,NA
HH2158210,NA
HH2158310,NA
HH2158410,NA
HH2158610,NA
HH2158910,NA
HH2159010,NA
HH2159110,NA
HH2159210,NA
HH2159710,NA
HH2159910,NA
HH2160210,NA
HH2160310,NA
HH2160510,NA
HH2160610,NA
HH2160710,NA
HH2160910,NA
HH2161010,NA
HH2161110,NA
HH2161210,NA
HH2161410,NA
HH2161610,NA
HH2161710,NA
HH2161810,NA
HH2161910,NA
HH2162010,NA
HH2162110,NA
HH2162310,NA
HH2162410,NA
HH2162510,NA
HH2162610,NA
HH2162710,NA
HH2162810,NA
HH2162910,NA
HH2163010,NA
HH2163110,NA
HH2163310,NA
HH2163410,NA
HH2163510,NA
HH2163610,NA
HH2163710,NA
HH2163810,NA
HH2163910,NA
HH2164010,NA
HH2164610,NA
HH2165010,NA
HH2167010,NA
HH2167510,NA
HH2167710,NA
HH2168810,NA
HH2169010,NA
HH2169210,NA
HH2169310,NA
HH2169410,NA
HH2169510,NA
HH2169610,NA
HH2169710,NA
HH2169810,NA
HH2169910,NA
HH2170010,NA
HH2170110,NA
HH2170210,NA
HH2170310,NA
HH2170410,NA
HH2170510,NA
HH2170610,NA
HH2170710,NA
HH2170810,NA
HH2170910,NA
HH2171010,NA
HH2171110,NA
HH2171210,NA
HH2171310,NA
HH2171410,NA
HH2171510,NA
HH2171610,NA
HH2171710,NA
HH2171810,NA
HH2171910,NA
HH2172010,NA
HH2172110,NA
HH2172310,NA
HH2172410,NA
HH2172510,NA
HH2172610,NA
HH2172710,NA
HH2172810,NA
HH2172910,NA
HH2173010,NA
HH2173110,NA
HH2173210,NA
HH2173310,NA
HH2173410,NA
HH2173510,NA
HH2173610,NA
HH2173710,NA
HH2173810,NA
HH2173910,NA
HH2174010,NA
HH2174110,NA
HH2174210,NA
HH2174310,NA
HH2174410,NA
HH2174510,NA
HH2174610,NA
HH2174710,NA
HH2174810,NA
HH2174910,NA
HH2175010,NA
HH2175110,NA
HH2175210,NA
HH2175310,NA
HH2175410,NA
HH2175510,NA
HH2175710,NA
HH2175810,NA
HH2175910,NA
HH2176010,NA
HH2176110,NA
HH2176210,NA
HH2176310,NA
HH2176410,NA
HH2176510,NA
HH2176710,NA
HH2176910,NA
HH2177010,NA
HH2177310,NA
HH2177410,NA
HH2177510,NA
HH2177610,NA
HH2177710,NA
HH2177810,NA
HH2177910,NA
HH2178010,NA
HH2178110,NA
HH2178210,NA
HH2178410,NA
HH2178510,NA
HH2178610,NA
HH2178710,NA
HH2178810,NA
HH2178910,NA
HH2179010,NA
HH2179110,NA
HH2179210,NA
HH2179310,NA
HH2179410,NA
HH2179510,NA
HH2179610,NA
HH2179710,NA
HH2179810,NA
HH2179910,NA
HH2180010,NA
HH2180110,NA
HH2180210,NA
HH2180310,NA
HH2180410,NA
HH2180510,NA
HH2180610,NA
HH2180710,NA
HH2180810,NA
HH2181110,NA
HH2181210,NA
HH2181310,NA
HH2181510,NA
HH2181710,NA
HH2181810,NA
HH2181910,NA
HH2182010,NA
HH2182210,NA
HH2182310,NA
HH2182410,NA
HH2182610,NA
HH2182710,NA
HH2182810,NA
HH2182910,NA
HH2183010,NA
HH2183210,NA
HH2183410,NA
HH2183510,NA
HH2183710,NA
HH2183810,NA
HH2183910,NA
HH2184010,NA
HH2184210,NA
HH2184310,NA
HH2184410,NA
HH2184610,NA
HH2184710,NA
HH2184810,NA
HH2184910,NA
HH2185010,NA
HH2185110,NA
HH2185210,NA
HH2185410,NA
HH2000111,NA
HH2000211,NA
HH2000311,NA
HH2000411,NA
HH2000511,NA
HH2000611,NA
HH2001011,NA
HH2001111,NA
HH2001211,NA
HH2001311,NA
HH2001611,NA
HH2001711,NA
HH2001811,NA
HH2002611,NA
HH2002911,NA
HH2003011,NA
HH2003111,NA
HH2003211,NA
HH2003411,NA
HH2003511,NA
HH2003711,NA
HH2003811,NA
HH2003911,NA
HH2004011,NA
HH2004111,NA
HH2004511,NA
HH2004611,NA
HH2004711,NA
HH2004911,NA
HH2005011,NA
HH2005311,NA
HH2005411,NA
HH2005511,NA
HH2005611,NA
HH2005811,NA
HH2006011,NA
HH2006411,NA
HH2006511,NA
HH2006611,NA
HH2006911,NA
HH2007011,NA
HH2007311,NA
HH2007411,NA
HH2007611,NA
HH2007711,NA
HH2007911,NA
HH2008011,NA
HH2008111,NA
HH2008211,NA
HH2008311,NA
HH2008511,NA
HH2008711,NA
HH2008811,NA
HH2008911,NA
HH2009011,NA
HH2009111,NA
HH2009211,NA
HH2009311,NA
HH2009511,NA
HH2009611,NA
HH2009711,NA
HH2009811,NA
HH2009911,NA
HH2010111,NA
HH2010311,NA
HH2010411,NA
HH2010511,NA
HH2010611,NA
HH2010711,NA
HH2010811,NA
HH2010911,NA
HH2011011,NA
HH2011111,NA
HH2011211,NA
HH2011311,NA
HH2011411,NA
HH2011511,NA
HH2011611,NA
HH2011911,NA
HH2012011,NA
HH2012111,NA
HH2012311,NA
HH2012411,NA
HH2012511,NA
HH2012611,NA
HH2012711,NA
HH2012811,NA
HH2012911,NA
HH2013111,NA
HH2013211,NA
HH2013311,NA
HH2013411,NA
HH2013511,NA
HH2013611,NA
HH2013711,NA
HH2013811,NA
HH2013911,NA
HH2014111,NA
HH2014211,NA
HH2014311,NA
HH2014411,NA
HH2014511,NA
HH2014711,NA
HH2014811,NA
HH2014911,NA
HH2015011,NA
HH2015211,NA
HH2015411,NA
HH2015511,NA
HH2015611,NA
HH2015811,NA
HH2015911,NA
HH2016011,NA
HH2016111,NA
HH2016211,NA
HH2016311,NA
HH2016411,NA
HH2016511,NA
HH2016611,NA
HH2016811,NA
HH2016911,NA
HH2017111,NA
HH2017411,NA
HH2017511,NA
HH2017611,NA
HH2017911,NA
HH2018011,NA
HH2018311,NA
HH2018411,NA
HH2018511,NA
HH2018611,NA
HH2018711,NA
HH2018811,NA
HH2018911,NA
HH2019011,NA
HH2019111,NA
HH2019311,NA
HH2019411,NA
HH2019511,NA
HH2019611,NA
HH2019811,NA
HH2020211,NA
HH2020311,NA
HH2020411,NA
HH2020711,NA
HH2020811,NA
HH2020911,NA
HH2021011,NA
HH2021111,NA
HH2021311,NA
HH2021511,NA
HH2021611,NA
HH2021711,NA
HH2021811,NA
HH2021911,NA
HH2022011,NA
HH2022111,NA
HH2022511,NA
HH2022611,NA
HH2022911,NA
HH2023011,NA
HH2023311,NA
HH2023411,NA
HH2023511,NA
HH2023611,NA
HH2023711,NA
HH2023811,NA
HH2023911,NA
HH2024111,NA
HH2024211,NA
HH2024311,NA
HH2024411,NA
HH2024611,NA
HH2024711,NA
HH2024811,NA
HH2024911,NA
HH2025011,NA
HH2025111,NA
HH2025211,NA
HH2025311,NA
HH2025411,NA
HH2025511,NA
HH2025711,NA
HH2025911,NA
HH2026011,NA
HH2026311,NA
HH2026411,NA
HH2026511,NA
HH2026711,NA
HH2026811,NA
HH2026911,NA
HH2027011,NA
HH2027111,NA
HH2027311,NA
HH2027411,NA
HH2027511,NA
HH2027611,NA
HH2027711,NA
HH2027811,NA
HH2028111,NA
HH2028211,NA
HH2028311,NA
HH2028511,NA
HH2028611,NA
HH2028711,NA
HH2029011,NA
HH2029111,NA
HH2029311,NA
HH2029411,NA
HH2029511,NA
HH2029611,NA
HH2029811,NA
HH2029911,NA
HH2030111,NA
HH2030211,NA
HH2030611,NA
HH2030711,NA
HH2030811,NA
HH2030911,NA
HH2031011,NA
HH2031111,NA
HH2031211,NA
HH2031311,NA
HH2031411,NA
HH2031511,NA
HH2031611,NA
HH2031711,NA
HH2031911,NA
HH2032011,NA
HH2032111,NA
HH2032211,NA
HH2032311,NA
HH2032411,NA
HH2032511,NA
HH2032611,NA
HH2032711,NA
HH2033011,NA
HH2033111,NA
HH2033211,NA
HH2033311,NA
HH2033411,NA
HH2033511,NA
HH2033611,NA
HH2033711,NA
HH2033811,NA
HH2033911,NA
HH2034111,NA
HH2034211,NA
HH2034711,NA
HH2034811,NA
HH2034911,NA
HH2035111,NA
HH2035411,NA
HH2035511,NA
HH2035611,NA
HH2035711,NA
HH2035811,NA
HH2035911,NA
HH2036011,NA
HH2036111,NA
HH2036211,NA
HH2036511,NA
HH2036811,NA
HH2037111,NA
HH2037311,NA
HH2037411,NA
HH2037511,NA
HH2037611,NA
HH2037711,NA
HH2037811,NA
HH2037911,NA
HH2038011,NA
HH2038111,NA
HH2038211,NA
HH2038311,NA
HH2038411,NA
HH2038511,NA
HH2038711,NA
HH2038811,NA
HH2038911,NA
HH2039311,NA
HH2039411,NA
HH2039511,NA
HH2039611,NA
HH2039711,NA
HH2039811,NA
HH2040011,NA
HH2040211,NA
HH2040311,NA
HH2040411,NA
HH2040611,NA
HH2040711,NA
HH2040911,NA
HH2041111,NA
HH2041311,NA
HH2041411,NA
HH2041511,NA
HH2041611,NA
HH2041911,NA
HH2042211,NA
HH2042311,NA
HH2042511,NA
HH2042811,NA
HH2042911,NA
HH2043011,NA
HH2043311,NA
HH2043411,NA
HH2043511,NA
HH2043611,NA
HH2043711,NA
HH2043811,NA
HH2044111,NA
HH2044211,NA
HH2044411,NA
HH2044511,NA
HH2044611,NA
HH2044811,NA
HH2044911,NA
HH2045011,NA
HH2045111,NA
HH2045211,NA
HH2045311,NA
HH2045411,NA
HH2046011,NA
HH2046111,NA
HH2046211,NA
HH2046311,NA
HH2046511,NA
HH2046611,NA
HH2046711,NA
HH2046811,NA
HH2046911,NA
HH2047111,NA
HH2047211,NA
HH2047411,NA
HH2047511,NA
HH2047611,NA
HH2047911,NA
HH2048011,NA
HH2048111,NA
HH2048311,NA
HH2048411,NA
HH2048511,NA
HH2048611,NA
HH2048811,NA
HH2048911,NA
HH2049111,NA
HH2049211,NA
HH2049311,NA
HH2050411,NA
HH2050811,NA
HH2051011,NA
HH2051311,NA
HH2051811,NA
HH2052011,NA
HH2052811,NA
HH2053211,NA
HH2054111,NA
HH2054211,NA
HH2055311,NA
HH2055711,NA
HH2056411,NA
HH2056711,NA
HH2057011,NA
HH2057111,NA
HH2057211,NA
HH2057311,NA
HH2057511,NA
HH2057711,NA
HH2057911,NA
HH2058011,NA
HH2058211,NA
HH2058411,NA
HH2058511,NA
HH2058611,NA
HH2058811,NA
HH2059011,NA
HH2059311,NA
HH2059411,NA
HH2059511,NA
HH2059611,NA
HH2059811,NA
HH2059911,NA
HH2060311,NA
HH2060511,NA
HH2060611,NA
HH2060811,NA
HH2061011,NA
HH2061111,NA
HH2061211,NA
HH2061311,NA
HH2061411,NA
HH2061511,NA
HH2061611,NA
HH2061711,NA
HH2061811,NA
HH2061911,NA
HH2062111,NA
HH2062211,NA
HH2062311,NA
HH2062611,NA
HH2062711,NA
HH2062811,NA
HH2063211,NA
HH2063311,NA
HH2063411,NA
HH2063511,NA
HH2063711,NA
HH2063911,NA
HH2064111,NA
HH2064511,NA
HH2064611,NA
HH2064711,NA
HH2064811,NA
HH2064911,NA
HH2065011,NA
HH2065111,NA
HH2065311,NA
HH2065411,NA
HH2065511,NA
HH2065711,NA
HH2069311,NA
HH2069511,NA
HH2069711,NA
HH2069811,NA
HH2069911,NA
HH2070011,NA
HH2070111,NA
HH2070211,NA
HH2070311,NA
HH2070411,NA
HH2070511,NA
HH2070611,NA
HH2070911,NA
HH2071011,NA
HH2071111,NA
HH2071211,NA
HH2071311,NA
HH2071411,NA
HH2071511,NA
HH2071611,NA
HH2071811,NA
HH2071911,NA
HH2072011,NA
HH2072111,NA
HH2072211,NA
HH2072311,NA
HH2072411,NA
HH2072511,NA
HH2072711,NA
HH2072811,NA
HH2072911,NA
HH2073011,NA
HH2073111,NA
HH2073211,NA
HH2073311,NA
HH2073411,NA
HH2073511,NA
HH2073611,NA
HH2073711,NA
HH2073811,NA
HH2073911,NA
HH2074111,NA
HH2074211,NA
HH2074311,NA
HH2074411,NA
HH2074511,NA
HH2074611,NA
HH2074711,NA
HH2074811,NA
HH2074911,NA
HH2075011,NA
HH2075111,NA
HH2075211,NA
HH2075311,NA
HH2075511,NA
HH2075711,NA
HH2075911,NA
HH2076011,NA
HH2076111,NA
HH2076211,NA
HH2076311,NA
HH2076411,NA
HH2076511,NA
HH2076611,NA
HH2076711,NA
HH2076811,NA
HH2076911,NA
HH2077011,NA
HH2077111,NA
HH2077311,NA
HH2077411,NA
HH2077511,NA
HH2077711,NA
HH2077811,NA
HH2077911,NA
HH2078311,NA
HH2078411,NA
HH2078511,NA
HH2078611,NA
HH2078711,NA
HH2078811,NA
HH2079011,NA
HH2079211,NA
HH2079311,NA
HH2079411,NA
HH2079511,NA
HH2079711,NA
HH2080011,NA
HH2080111,NA
HH2080211,NA
HH2080311,NA
HH2080411,NA
HH2080511,NA
HH2080611,NA
HH2080711,NA
HH2081011,NA
HH2081111,NA
HH2081211,NA
HH2081411,NA
HH2081611,NA
HH2081711,NA
HH2081811,NA
HH2082011,NA
HH2082111,NA
HH2082211,NA
HH2082411,NA
HH2082511,NA
HH2082611,NA
HH2082711,NA
HH2082811,NA
HH2083011,NA
HH2083111,NA
HH2083311,NA
HH2083411,NA
HH2083511,NA
HH2083611,NA
HH2083711,NA
HH2083811,NA
HH2083911,NA
HH2084111,NA
HH2084311,NA
HH2084511,NA
HH2084611,NA
HH2085011,NA
HH2085111,NA
HH2085211,NA
HH2085411,NA
HH2085511,NA
HH2085711,NA
HH2085811,NA
HH2086011,NA
HH2086211,NA
HH2086311,NA
HH2086411,NA
HH2086511,NA
HH2086611,NA
HH2086811,NA
HH2086911,NA
HH2087011,NA
HH2087111,NA
HH2087211,NA
HH2087311,NA
HH2087411,NA
HH2087511,NA
HH2087611,NA
HH2087711,NA
HH2087811,NA
HH2087911,NA
HH2088011,NA
HH2088311,NA
HH2088411,NA
HH2088511,NA
HH2088711,NA
HH2089011,NA
HH2089111,NA
HH2089211,NA
HH2089611,NA
HH2089711,NA
HH2090111,NA
HH2090411,NA
HH2090511,NA
HH2090611,NA
HH2090711,NA
HH2090811,NA
HH2090911,NA
HH2091011,NA
HH2091111,NA
HH2091611,NA
HH2091811,NA
HH2091911,NA
HH2092111,NA
HH2092211,NA
HH2092311,NA
HH2092511,NA
HH2092611,NA
HH2092711,NA
HH2092811,NA
HH2093111,NA
HH2093211,NA
HH2093611,NA
HH2093911,NA
HH2094011,NA
HH2094111,NA
HH2094211,NA
HH2094511,NA
HH2094611,NA
HH2095011,NA
HH2095111,NA
HH2095211,NA
HH2095311,NA
HH2095611,NA
HH2095711,NA
HH2095811,NA
HH2096011,NA
HH2096111,NA
HH2096211,NA
HH2096311,NA
HH2096411,NA
HH2096711,NA
HH2096911,NA
HH2097011,NA
HH2097111,NA
HH2097211,NA
HH2097311,NA
HH2097411,NA
HH2097811,NA
HH2098111,NA
HH2098311,NA
HH2098411,NA
HH2098811,NA
HH2099011,NA
HH2099211,NA
HH2099411,NA
HH2099511,NA
HH2099711,NA
HH2099811,NA
HH2099911,NA
HH2100011,NA
HH2100111,NA
HH2100211,NA
HH2100311,NA
HH2100511,NA
HH2100911,NA
HH2101011,NA
HH2101111,NA
HH2101311,NA
HH2101411,NA
HH2101611,NA
HH2101711,NA
HH2101811,NA
HH2101911,NA
HH2102011,NA
HH2102311,NA
HH2102411,NA
HH2102611,NA
HH2102811,NA
HH2102911,NA
HH2103011,NA
HH2103211,NA
HH2103311,NA
HH2103411,NA
HH2103611,NA
HH2103911,NA
HH2104011,NA
HH2104111,NA
HH2104211,NA
HH2104411,NA
HH2104511,NA
HH2104611,NA
HH2104711,NA
HH2104911,NA
HH2105011,NA
HH2105311,NA
HH2105411,NA
HH2105611,NA
HH2105811,NA
HH2105911,NA
HH2106011,NA
HH2106111,NA
HH2106211,NA
HH2106311,NA
HH2106411,NA
HH2106511,NA
HH2106611,NA
HH2106811,NA
HH2107011,NA
HH2107111,NA
HH2107211,NA
HH2107311,NA
HH2107411,NA
HH2107611,NA
HH2107711,NA
HH2107911,NA
HH2108211,NA
HH2108311,NA
HH2108411,NA
HH2108511,NA
HH2108811,NA
HH2108911,NA
HH2109011,NA
HH2109111,NA
HH2109411,NA
HH2109511,NA
HH2109711,NA
HH2109911,NA
HH2110011,NA
HH2110111,NA
HH2110211,NA
HH2110311,NA
HH2110411,NA
HH2110511,NA
HH2110611,NA
HH2110711,NA
HH2110811,NA
HH2110911,NA
HH2111011,NA
HH2111111,NA
HH2111211,NA
HH2111411,NA
HH2111611,NA
HH2111811,NA
HH2111911,NA
HH2112011,NA
HH2112111,NA
HH2112211,NA
HH2112311,NA
HH2112411,NA
HH2112511,NA
HH2112611,NA
HH2112811,NA
HH2112911,NA
HH2113211,NA
HH2113411,NA
HH2113511,NA
HH2113611,NA
HH2113711,NA
HH2114011,NA
HH2114111,NA
HH2114211,NA
HH2114711,NA
HH2114911,NA
HH2115111,NA
HH2115611,NA
HH2115711,NA
HH2115811,NA
HH2116211,NA
HH2116411,NA
HH2116511,NA
HH2116611,NA
HH2116711,NA
HH2116811,NA
HH2116911,NA
HH2117111,NA
HH2117211,NA
HH2117311,NA
HH2117411,NA
HH2117811,NA
HH2118011,NA
HH2118111,NA
HH2118211,NA
HH2118311,NA
HH2118611,NA
HH2118711,NA
HH2118911,NA
HH2119211,NA
HH2119611,NA
HH2120211,NA
HH2120611,NA
HH2120911,NA
HH2121611,NA
HH2121711,NA
HH2121811,NA
HH2121911,NA
HH2122411,NA
HH2122711,NA
HH2122811,NA
HH2123111,NA
HH2123211,NA
HH2123311,NA
HH2123411,NA
HH2123611,NA
HH2123711,NA
HH2123811,NA
HH2123911,NA
HH2124011,NA
HH2124411,NA
HH2124711,NA
HH2124911,NA
HH2125111,NA
HH2125211,NA
HH2125611,NA
HH2125811,NA
HH2125911,NA
HH2126011,NA
HH2126411,NA
HH2126511,NA
HH2126611,NA
HH2126711,NA
HH2126911,NA
HH2127011,NA
HH2127111,NA
HH2127211,NA
HH2127411,NA
HH2127911,NA
HH2128011,NA
HH2128211,NA
HH2128711,NA
HH2128911,NA
HH2129111,NA
HH2129211,NA
HH2129911,NA
HH2130011,NA
HH2130111,NA
HH2130611,NA
HH2130811,NA
HH2130911,NA
HH2131111,NA
HH2131211,NA
HH2131311,NA
HH2131411,NA
HH2131511,NA
HH2131711,NA
HH2132111,NA
HH2132211,NA
HH2132311,NA
HH2132511,NA
HH2133211,NA
HH2133611,NA
HH2134111,NA
HH2134911,NA
HH2135011,NA
HH2135511,NA
HH2135611,NA
HH2135711,NA
HH2135911,NA
HH2136211,NA
HH2136411,NA
HH2137511,NA
HH2137711,NA
HH2137911,NA
HH2138011,NA
HH2138111,NA
HH2138211,NA
HH2138411,NA
HH2138611,NA
HH2138711,NA
HH2138811,NA
HH2138911,NA
HH2139111,NA
HH2139411,NA
HH2139511,NA
HH2140411,NA
HH2140611,NA
HH2140711,NA
HH2140811,NA
HH2140911,NA
HH2141111,NA
HH2141211,NA
HH2141311,NA
HH2141411,NA
HH2141611,NA
HH2141811,NA
HH2142011,NA
HH2142111,NA
HH2142311,NA
HH2142511,NA
HH2142911,NA
HH2143011,NA
HH2143611,NA
HH2144011,NA
HH2144211,NA
HH2144311,NA
HH2144411,NA
HH2144511,NA
HH2144611,NA
HH2144811,NA
HH2145111,NA
HH2145211,NA
HH2145511,NA
HH2145611,NA
HH2145811,NA
HH2146011,NA
HH2146111,NA
HH2146211,NA
HH2146711,NA
HH2147711,NA
HH2147811,NA
HH2148011,NA
HH2148111,NA
HH2148311,NA
HH2148411,NA
HH2148611,NA
HH2148811,NA
HH2148911,NA
HH2149211,NA
HH2149311,NA
HH2149411,NA
HH2149511,NA
HH2149711,NA
HH2149911,NA
HH2188911,NA
HH2189111,NA
HH2189211,NA
HH2189411,NA
HH2189511,NA
HH2189611,NA
HH2189711,NA
HH2189811,NA
HH2189911,NA
HH2190011,NA
HH2190111,NA
HH2190211,NA
HH2190311,NA
HH2190411,NA
HH2190611,NA
HH2190811,NA
HH2190911,NA
HH2191011,NA
HH2191111,NA
HH2191211,NA
HH2191311,NA
HH2191411,NA
HH2191511,NA
HH2191611,NA
HH2191911,NA
HH2192011,NA
HH2192211,NA
HH2192311,NA
HH2192411,NA
HH2192511,NA
HH2192711,NA
HH2192911,NA
HH2193011,NA
HH2193111,NA
HH2193211,NA
HH2193311,NA
HH2193411,NA
HH2193511,NA
HH2193611,NA
HH2193711,NA
HH2193811,NA
HH2193911,NA
HH2194011,NA
HH2194111,NA
HH2194211,NA
HH2194411,NA
HH2194511,NA
HH2194611,NA
HH2194711,NA
HH2194911,NA
HH2195011,NA
HH2195111,NA
HH2195211,NA
HH2195711,NA
HH2195811,NA
HH2195911,NA
HH2196011,NA
HH2196111,NA
HH2196311,NA
HH2196411,NA
HH2196711,NA
HH2196811,NA
HH2196911,NA
HH2197011,NA
HH2197111,NA
HH2197211,NA
HH3001909,NA
HH3002109,NA
HH3002209,NA
HH3002309,NA
HH3002409,NA
HH3002509,NA
HH3002709,NA
HH3005209,NA
HH3005709,NA
HH3006209,NA
HH3006709,NA
HH3007209,NA
HH3007509,NA
HH3007809,NA
HH3008409,NA
HH3011709,NA
HH3011809,NA
HH3012209,NA
HH3014609,NA
HH3015309,NA
HH3015709,NA
HH3016709,NA
HH3017309,NA
HH3018209,NA
HH3019209,NA
HH3020009,NA
HH3020109,NA
HH3020609,NA
HH3022409,NA
HH3023209,NA
HH3024509,NA
HH3026109,NA
HH3026209,NA
HH3027909,NA
HH3028009,NA
HH3030309,NA
HH3030509,NA
HH3032809,NA
HH3032909,NA
HH3034509,NA
HH3035209,NA
HH3035309,NA
HH3037009,NA
HH3037209,NA
HH3038609,NA
HH3040509,NA
HH3040809,NA
HH3041209,NA
HH3041709,NA
HH3041809,NA
HH3042009,NA
HH3042109,NA
HH3042709,NA
HH3043109,NA
HH3043909,NA
HH3044309,NA
HH3045609,NA
HH3045809,NA
HH3045909,NA
HH3046409,NA
HH3047009,NA
HH3047709,NA
HH3047809,NA
HH3049409,NA
HH3049509,NA
HH3049609,NA
HH3049709,NA
HH3049809,NA
HH3049909,NA
HH3050009,NA
HH3050109,NA
HH3050209,NA
HH3050309,NA
HH3050509,NA
HH3050609,NA
HH3050709,NA
HH3050909,NA
HH3051109,NA
HH3051209,NA
HH3051409,NA
HH3051509,NA
HH3051609,NA
HH3051709,NA
HH3051909,NA
HH3052109,NA
HH3052209,NA
HH3052309,NA
HH3052409,NA
HH3052509,NA
HH3052609,NA
HH3052709,NA
HH3052909,NA
HH3053009,NA
HH3053109,NA
HH3053309,NA
HH3053409,NA
HH3053509,NA
HH3053609,NA
HH3053709,NA
HH3053809,NA
HH3053909,NA
HH3054009,NA
HH3054309,NA
HH3054409,NA
HH3054509,NA
HH3054609,NA
HH3054709,NA
HH3054809,NA
HH3054909,NA
HH3055009,NA
HH3055109,NA
HH3055209,NA
HH3055409,NA
HH3055609,NA
HH3055809,NA
HH3055909,NA
HH3056009,NA
HH3056109,NA
HH3056209,NA
HH3056309,NA
HH3056509,NA
HH3056609,NA
HH3056809,NA
HH3056909,NA
HH3059209,NA
HH3060109,NA
HH3060209,NA
HH3060409,NA
HH3062009,NA
HH3062409,NA
HH3062509,NA
HH3062909,NA
HH3063009,NA
HH3063809,NA
HH3064209,NA
HH3064409,NA
HH3065609,NA
HH3065909,NA
HH3066009,NA
HH3066109,NA
HH3066209,NA
HH3066309,NA
HH3066409,NA
HH3066509,NA
HH3066609,NA
HH3066709,NA
HH3066809,NA
HH3066909,NA
HH3067009,NA
HH3067109,NA
HH3067209,NA
HH3067309,NA
HH3067409,NA
HH3067509,NA
HH3067609,NA
HH3067709,NA
HH3067809,NA
HH3067909,NA
HH3068009,NA
HH3068109,NA
HH3068209,NA
HH3068309,NA
HH3068409,NA
HH3068509,NA
HH3068609,NA
HH3068709,NA
HH3068809,NA
HH3068909,NA
HH3069009,NA
HH3069109,NA
HH3069209,NA
HH3070809,NA
HH3072609,NA
HH3075609,NA
HH3078109,NA
HH3081509,NA
HH3083209,NA
HH3085609,NA
HH3088109,NA
HH3088809,NA
HH3090009,NA
HH3090309,NA
HH3091309,NA
HH3091409,NA
HH3092909,NA
HH3094909,NA
HH3096809,NA
HH3100609,NA
HH3100709,NA
HH3100809,NA
HH3104809,NA
HH3105709,NA
HH3106709,NA
HH3107809,NA
HH3108009,NA
HH3108609,NA
HH3109309,NA
HH3111709,NA
HH3112709,NA
HH3113009,NA
HH3114309,NA
HH3114809,NA
HH3115209,NA
HH3115309,NA
HH3115909,NA
HH3116009,NA
HH3117509,NA
HH3117709,NA
HH3117909,NA
HH3118409,NA
HH3119009,NA
HH3119109,NA
HH3119509,NA
HH3119809,NA
HH3119909,NA
HH3120009,NA
HH3120109,NA
HH3120309,NA
HH3120709,NA
HH3121009,NA
HH3121209,NA
HH3122309,NA
HH3122509,NA
HH3122609,NA
HH3122909,NA
HH3123009,NA
HH3123509,NA
HH3124209,NA
HH3124309,NA
HH3125309,NA
HH3125709,NA
HH3126209,NA
HH3126309,NA
HH3126809,NA
HH3127309,NA
HH3127609,NA
HH3127709,NA
HH3128609,NA
HH3128809,NA
HH3129409,NA
HH3130309,NA
HH3130409,NA
HH3130509,NA
HH3131009,NA
HH3131809,NA
HH3131909,NA
HH3132009,NA
HH3132709,NA
HH3132809,NA
HH3132909,NA
HH3133009,NA
HH3133309,NA
HH3133809,NA
HH3133909,NA
HH3134009,NA
HH3134209,NA
HH3134309,NA
HH3134409,NA
HH3134609,NA
HH3134809,NA
HH3135109,NA
HH3135209,NA
HH3135309,NA
HH3135409,NA
HH3135809,NA
HH3136009,NA
HH3136309,NA
HH3136509,NA
HH3136609,NA
HH3136709,NA
HH3136809,NA
HH3136909,NA
HH3137009,NA
HH3137109,NA
HH3137309,NA
HH3137609,NA
HH3139709,NA
HH3139909,NA
HH3140009,NA
HH3141009,NA
HH3141509,NA
HH3141709,NA
HH3142409,NA
HH3142609,NA
HH3142709,NA
HH3142809,NA
HH3143309,NA
HH3143409,NA
HH3143709,NA
HH3143809,NA
HH3143909,NA
HH3144109,NA
HH3146309,NA
HH3146809,NA
HH3146909,NA
HH3147109,NA
HH3147309,NA
HH3147409,NA
HH3147509,NA
HH3147609,NA
HH3002110,NA
HH3002210,NA
HH3002710,NA
HH3007510,NA
HH3011810,NA
HH3012210,NA
HH3014610,NA
HH3020110,NA
HH3022410,NA
HH3023210,NA
HH3026110,NA
HH3026210,NA
HH3027910,NA
HH3030510,NA
HH3034510,NA
HH3040810,NA
HH3041710,NA
HH3041810,NA
HH3042110,NA
HH3043110,NA
HH3043910,NA
HH3047010,NA
HH3049410,NA
HH3049610,NA
HH3049710,NA
HH3049810,NA
HH3049910,NA
HH3050310,NA
HH3050610,NA
HH3050910,NA
HH3051110,NA
HH3051210,NA
HH3051910,NA
HH3052110,NA
HH3052210,NA
HH3052410,NA
HH3052610,NA
HH3052910,NA
HH3053010,NA
HH3053110,NA
HH3053310,NA
HH3053410,NA
HH3053710,NA
HH3053910,NA
HH3054310,NA
HH3054610,NA
HH3054710,NA
HH3054810,NA
HH3054910,NA
HH3055010,NA
HH3055610,NA
HH3055910,NA
HH3056210,NA
HH3056310,NA
HH3056510,NA
HH3056810,NA
HH3056910,NA
HH3059210,NA
HH3060110,NA
HH3060210,NA
HH3060410,NA
HH3062010,NA
HH3062510,NA
HH3063010,NA
HH3064210,NA
HH3064410,NA
HH3066110,NA
HH3066310,NA
HH3066410,NA
HH3066610,NA
HH3066810,NA
HH3066910,NA
HH3067110,NA
HH3067310,NA
HH3067610,NA
HH3067810,NA
HH3068510,NA
HH3068710,NA
HH3068810,NA
HH3069010,NA
HH3075610,NA
HH3081510,NA
HH3085610,NA
HH3088110,NA
HH3090010,NA
HH3091310,NA
HH3092910,NA
HH3094910,NA
HH3096810,NA
HH3100610,NA
HH3100710,NA
HH3106710,NA
HH3108010,NA
HH3111710,NA
HH3113010,NA
HH3115310,NA
HH3115910,NA
HH3116010,NA
HH3117510,NA
HH3118410,NA
HH3119010,NA
HH3119110,NA
HH3119810,NA
HH3120010,NA
HH3120110,NA
HH3120710,NA
HH3121210,NA
HH3122510,NA
HH3122610,NA
HH3123010,NA
HH3124210,NA
HH3125310,NA
HH3125710,NA
HH3126310,NA
HH3128610,NA
HH3130310,NA
HH3130410,NA
HH3130510,NA
HH3131810,NA
HH3131910,NA
HH3132810,NA
HH3132910,NA
HH3133010,NA
HH3133810,NA
HH3134010,NA
HH3134310,NA
HH3134610,NA
HH3134810,NA
HH3135110,NA
HH3135310,NA
HH3136610,NA
HH3136810,NA
HH3136910,NA
HH3137010,NA
HH3137310,NA
HH3137610,NA
HH3139710,NA
HH3139910,NA
HH3141010,NA
HH3141510,NA
HH3141710,NA
HH3142610,NA
HH3142710,NA
HH3143810,NA
HH3144110,NA
HH3146910,NA
HH3147310,NA
HH3147510,NA
HH3150110,NA
HH3150210,NA
HH3150310,NA
HH3156710,NA
HH3156910,NA
HH3157010,NA
HH3157110,NA
HH3157510,NA
HH3157910,NA
HH3158510,NA
HH3158710,NA
HH3158810,NA
HH3159310,NA
HH3159410,NA
HH3159510,NA
HH3159610,NA
HH3159810,NA
HH3160010,NA
HH3160110,NA
HH3160410,NA
HH3160810,NA
HH3161310,NA
HH3161510,NA
HH3162210,NA
HH3163210,NA
HH3164110,NA
HH3164210,NA
HH3164310,NA
HH3164410,NA
HH3164510,NA
HH3164710,NA
HH3164810,NA
HH3164910,NA
HH3165110,NA
HH3165210,NA
HH3165310,NA
HH3165410,NA
HH3165510,NA
HH3165610,NA
HH3165710,NA
HH3165810,NA
HH3165910,NA
HH3166010,NA
HH3166110,NA
HH3166210,NA
HH3166310,NA
HH3166410,NA
HH3166510,NA
HH3166610,NA
HH3166710,NA
HH3166810,NA
HH3166910,NA
HH3167110,NA
HH3167210,NA
HH3167310,NA
HH3167410,NA
HH3167610,NA
HH3167810,NA
HH3167910,NA
HH3168010,NA
HH3168110,NA
HH3168210,NA
HH3168310,NA
HH3168410,NA
HH3168510,NA
HH3168610,NA
HH3168710,NA
HH3168910,NA
HH3169110,NA
HH3172210,NA
HH3175610,NA
HH3176610,NA
HH3176810,NA
HH3177110,NA
HH3177210,NA
HH3178310,NA
HH3180910,NA
HH3181010,NA
HH3181410,NA
HH3181610,NA
HH3182110,NA
HH3182510,NA
HH3183110,NA
HH3183610,NA
HH3184110,NA
HH3184510,NA
HH3185310,NA
HH3185510,NA
HH3185610,NA
HH3185710,NA
HH3185810,NA
HH3185910,NA
HH3186010,NA
HH3186110,NA
HH3186210,NA
HH3186310,NA
HH3186410,NA
HH3186510,NA
HH3186610,NA
HH3186710,NA
HH3186810,NA
HH3186910,NA
HH3187010,NA
HH3187110,NA
HH3187210,NA
HH3187310,NA
HH3187410,NA
HH3187510,NA
HH3187610,NA
HH3187710,NA
HH3187810,NA
HH3187910,NA
HH3188010,NA
HH3188110,NA
HH3188210,NA
HH3001911,NA
HH3002111,NA
HH3002211,NA
HH3002311,NA
HH3002511,NA
HH3005211,NA
HH3005711,NA
HH3006211,NA
HH3007211,NA
HH3007511,NA
HH3008411,NA
HH3011711,NA
HH3011811,NA
HH3012211,NA
HH3014611,NA
HH3015311,NA
HH3015711,NA
HH3016711,NA
HH3018211,NA
HH3020111,NA
HH3022411,NA
HH3023211,NA
HH3027911,NA
HH3030311,NA
HH3030511,NA
HH3032811,NA
HH3032911,NA
HH3034511,NA
HH3035311,NA
HH3037211,NA
HH3038611,NA
HH3040511,NA
HH3040811,NA
HH3041211,NA
HH3041711,NA
HH3042111,NA
HH3042711,NA
HH3043111,NA
HH3043911,NA
HH3044311,NA
HH3045811,NA
HH3045911,NA
HH3047711,NA
HH3049411,NA
HH3049511,NA
HH3049711,NA
HH3049811,NA
HH3049911,NA
HH3050511,NA
HH3050611,NA
HH3050711,NA
HH3050911,NA
HH3051111,NA
HH3051211,NA
HH3051411,NA
HH3051511,NA
HH3051611,NA
HH3051711,NA
HH3051911,NA
HH3052111,NA
HH3052211,NA
HH3052411,NA
HH3052511,NA
HH3052611,NA
HH3052711,NA
HH3052911,NA
HH3053011,NA
HH3053111,NA
HH3053311,NA
HH3053411,NA
HH3053511,NA
HH3053711,NA
HH3053911,NA
HH3054011,NA
HH3054311,NA
HH3054511,NA
HH3054611,NA
HH3054711,NA
HH3054811,NA
HH3054911,NA
HH3055111,NA
HH3055211,NA
HH3055411,NA
HH3055611,NA
HH3055811,NA
HH3055911,NA
HH3056011,NA
HH3056211,NA
HH3056311,NA
HH3056511,NA
HH3056611,NA
HH3056811,NA
HH3059211,NA
HH3060111,NA
HH3060211,NA
HH3060411,NA
HH3062011,NA
HH3062511,NA
HH3063011,NA
HH3063811,NA
HH3064211,NA
HH3064411,NA
HH3066011,NA
HH3066211,NA
HH3066311,NA
HH3066411,NA
HH3066511,NA
HH3066611,NA
HH3066811,NA
HH3066911,NA
HH3067111,NA
HH3067211,NA
HH3067411,NA
HH3067611,NA
HH3067811,NA
HH3067911,NA
HH3068111,NA
HH3068211,NA
HH3068311,NA
HH3068411,NA
HH3068511,NA
HH3068711,NA
HH3068811,NA
HH3068911,NA
HH3069011,NA
HH3069111,NA
HH3075611,NA
HH3078111,NA
HH3081511,NA
HH3083211,NA
HH3085611,NA
HH3088111,NA
HH3090011,NA
HH3091411,NA
HH3092911,NA
HH3096811,NA
HH3100611,NA
HH3100711,NA
HH3100811,NA
HH3105711,NA
HH3106711,NA
HH3109311,NA
HH3115211,NA
HH3115311,NA
HH3115911,NA
HH3116011,NA
HH3117511,NA
HH3117711,NA
HH3119111,NA
HH3119811,NA
HH3119911,NA
HH3120011,NA
HH3120111,NA
HH3120711,NA
HH3121211,NA
HH3122511,NA
HH3122611,NA
HH3123011,NA
HH3124211,NA
HH3124311,NA
HH3125311,NA
HH3125711,NA
HH3130311,NA
HH3130411,NA
HH3130511,NA
HH3131011,NA
HH3131811,NA
HH3131911,NA
HH3132811,NA
HH3132911,NA
HH3133011,NA
HH3133811,NA
HH3133911,NA
HH3134011,NA
HH3134311,NA
HH3134411,NA
HH3134611,NA
HH3134811,NA
HH3135111,NA
HH3135211,NA
HH3135311,NA
HH3135411,NA
HH3135811,NA
HH3136011,NA
HH3136611,NA
HH3136811,NA
HH3136911,NA
HH3137111,NA
HH3137611,NA
HH3139711,NA
HH3139911,NA
HH3140011,NA
HH3141011,NA
HH3141711,NA
HH3142411,NA
HH3142711,NA
HH3143311,NA
HH3143411,NA
HH3143711,NA
HH3143811,NA
HH3144111,NA
HH3146311,NA
HH3146911,NA
HH3147511,NA
HH3188311,NA
HH3188411,NA
HH3188511,NA
HH3188611,NA
HH3188711,NA
HH3188811,NA
HH3189011,NA
HH3189311,NA
HH3190511,NA
HH3190711,NA
HH3191711,NA
HH3191811,NA
HH3192111,NA
HH3192611,NA
HH3192811,NA
HH3194311,NA
HH3194811,NA
HH3195311,NA
HH3195411,NA
HH3195511,NA
HH3195611,NA
HH3196211,NA
HH3196511,NA
HH3196611,NA
HH3197311,NA
HH3197411,NA
HH3197511,NA
HH3197611,NA
HH3197711,NA
HH3197811,NA
HH3197911,NA
HH3198011,NA
HH3198111,NA
HH3198211,NA
HH3198311,NA
HH3198411,NA
HH3198511,NA
HH3198611,NA
